row,col,cell_id,split
0,71,r0_c71,train
0,72,r0_c72,train
0,73,r0_c73,train
0,74,r0_c74,train
0,75,r0_c75,test
0,76,r0_c76,train
0,77,r0_c77,train
0,78,r0_c78,train
0,79,r0_c79,train
0,80,r0_c80,train
0,81,r0_c81,train
0,82,r0_c82,train
0,83,r0_c83,train
0,84,r0_c84,train
0,85,r0_c85,train
0,86,r0_c86,validation
0,87,r0_c87,validation
0,88,r0_c88,test
0,89,r0_c89,train
0,90,r0_c90,train
0,91,r0_c91,train
0,92,r0_c92,train
0,93,r0_c93,train
0,94,r0_c94,train
0,95,r0_c95,train
0,96,r0_c96,train
0,97,r0_c97,train
0,98,r0_c98,train
0,99,r0_c99,test
0,100,r0_c100,train
0,101,r0_c101,test
0,102,r0_c102,train
0,103,r0_c103,train
0,104,r0_c104,train
0,105,r0_c105,train
0,106,r0_c106,test
0,107,r0_c107,train
0,108,r0_c108,validation
0,109,r0_c109,train
0,110,r0_c110,train
0,111,r0_c111,train
0,112,r0_c112,train
0,113,r0_c113,train
0,114,r0_c114,validation
0,115,r0_c115,train
0,116,r0_c116,validation
0,117,r0_c117,train
0,118,r0_c118,test
0,119,r0_c119,train
0,120,r0_c120,train
0,121,r0_c121,train
0,122,r0_c122,validation
0,123,r0_c123,train
0,124,r0_c124,train
0,125,r0_c125,validation
0,126,r0_c126,train
1,17,r1_c17,validation
1,18,r1_c18,train
1,19,r1_c19,train
1,20,r1_c20,validation
1,21,r1_c21,train
1,22,r1_c22,train
1,23,r1_c23,train
1,24,r1_c24,train
1,25,r1_c25,train
1,26,r1_c26,train
1,27,r1_c27,train
1,28,r1_c28,train
1,29,r1_c29,test
1,30,r1_c30,train
1,31,r1_c31,test
1,32,r1_c32,train
1,33,r1_c33,validation
1,34,r1_c34,train
1,35,r1_c35,validation
1,36,r1_c36,train
1,37,r1_c37,train
1,38,r1_c38,test
1,39,r1_c39,train
1,40,r1_c40,train
1,41,r1_c41,train
1,42,r1_c42,train
1,43,r1_c43,train
1,44,r1_c44,train
1,45,r1_c45,test
1,46,r1_c46,train
1,47,r1_c47,train
1,48,r1_c48,train
1,49,r1_c49,train
1,50,r1_c50,train
1,51,r1_c51,train
1,52,r1_c52,train
1,53,r1_c53,train
1,54,r1_c54,train
1,55,r1_c55,train
1,56,r1_c56,train
1,57,r1_c57,train
1,58,r1_c58,train
1,59,r1_c59,train
1,60,r1_c60,train
1,61,r1_c61,train
1,62,r1_c62,train
1,63,r1_c63,test
1,64,r1_c64,train
1,65,r1_c65,train
1,66,r1_c66,validation
1,67,r1_c67,train
1,68,r1_c68,train
1,69,r1_c69,validation
1,70,r1_c70,train
1,71,r1_c71,train
1,72,r1_c72,train
1,73,r1_c73,train
1,74,r1_c74,train
1,75,r1_c75,train
1,76,r1_c76,train
1,77,r1_c77,validation
1,78,r1_c78,train
1,79,r1_c79,train
1,80,r1_c80,train
1,81,r1_c81,train
1,82,r1_c82,train
1,83,r1_c83,validation
1,84,r1_c84,test
1,85,r1_c85,train
1,86,r1_c86,train
1,87,r1_c87,train
1,88,r1_c88,test
1,89,r1_c89,train
1,90,r1_c90,train
1,91,r1_c91,train
1,92,r1_c92,train
1,93,r1_c93,train
1,94,r1_c94,validation
1,95,r1_c95,train
1,96,r1_c96,validation
1,97,r1_c97,train
1,98,r1_c98,test
1,99,r1_c99,train
1,100,r1_c100,train
1,101,r1_c101,train
1,102,r1_c102,train
1,103,r1_c103,test
1,104,r1_c104,validation
1,105,r1_c105,train
1,106,r1_c106,test
1,107,r1_c107,train
1,108,r1_c108,train
1,109,r1_c109,validation
1,110,r1_c110,train
1,111,r1_c111,train
1,112,r1_c112,test
1,113,r1_c113,train
1,114,r1_c114,train
1,115,r1_c115,train
1,116,r1_c116,train
1,117,r1_c117,train
1,118,r1_c118,train
1,119,r1_c119,validation
1,120,r1_c120,train
1,121,r1_c121,train
1,122,r1_c122,validation
1,123,r1_c123,test
1,124,r1_c124,validation
1,125,r1_c125,train
1,126,r1_c126,train
2,0,r2_c0,train
2,1,r2_c1,train
2,2,r2_c2,train
2,3,r2_c3,test
2,4,r2_c4,validation
2,5,r2_c5,test
2,6,r2_c6,train
2,7,r2_c7,train
2,8,r2_c8,train
2,9,r2_c9,train
2,10,r2_c10,test
2,11,r2_c11,test
2,12,r2_c12,test
2,13,r2_c13,validation
2,14,r2_c14,train
2,15,r2_c15,train
2,16,r2_c16,validation
2,17,r2_c17,validation
2,18,r2_c18,train
2,19,r2_c19,test
2,20,r2_c20,train
2,21,r2_c21,train
2,22,r2_c22,train
2,23,r2_c23,test
2,24,r2_c24,train
2,25,r2_c25,train
2,26,r2_c26,train
2,27,r2_c27,train
2,28,r2_c28,test
2,29,r2_c29,train
2,30,r2_c30,train
2,31,r2_c31,train
2,32,r2_c32,train
2,33,r2_c33,train
2,34,r2_c34,train
2,35,r2_c35,train
2,36,r2_c36,train
2,37,r2_c37,train
2,38,r2_c38,train
2,39,r2_c39,train
2,40,r2_c40,test
2,41,r2_c41,train
2,42,r2_c42,train
2,43,r2_c43,train
2,44,r2_c44,validation
2,45,r2_c45,test
2,46,r2_c46,validation
2,47,r2_c47,train
2,48,r2_c48,validation
2,49,r2_c49,train
2,50,r2_c50,train
2,51,r2_c51,validation
2,52,r2_c52,train
2,53,r2_c53,train
2,54,r2_c54,train
2,55,r2_c55,test
2,56,r2_c56,train
2,57,r2_c57,validation
2,58,r2_c58,train
2,59,r2_c59,test
2,60,r2_c60,train
2,61,r2_c61,train
2,62,r2_c62,test
2,63,r2_c63,train
2,64,r2_c64,train
2,65,r2_c65,train
2,66,r2_c66,train
2,67,r2_c67,train
2,68,r2_c68,train
2,69,r2_c69,train
2,70,r2_c70,test
2,71,r2_c71,train
2,72,r2_c72,test
2,73,r2_c73,train
2,74,r2_c74,train
2,75,r2_c75,train
2,76,r2_c76,train
2,77,r2_c77,validation
2,78,r2_c78,train
2,79,r2_c79,test
2,80,r2_c80,train
2,81,r2_c81,train
2,82,r2_c82,train
2,83,r2_c83,train
2,84,r2_c84,test
2,85,r2_c85,train
2,86,r2_c86,train
2,87,r2_c87,train
2,88,r2_c88,train
2,89,r2_c89,train
2,90,r2_c90,train
2,91,r2_c91,train
2,92,r2_c92,train
2,93,r2_c93,train
2,94,r2_c94,validation
2,95,r2_c95,train
2,96,r2_c96,train
2,97,r2_c97,train
2,98,r2_c98,train
2,99,r2_c99,test
2,100,r2_c100,train
2,101,r2_c101,test
2,102,r2_c102,train
2,103,r2_c103,train
2,104,r2_c104,train
2,105,r2_c105,train
2,106,r2_c106,train
2,107,r2_c107,train
2,108,r2_c108,train
2,109,r2_c109,validation
2,110,r2_c110,train
2,111,r2_c111,train
2,112,r2_c112,validation
2,113,r2_c113,train
2,114,r2_c114,train
2,115,r2_c115,validation
2,116,r2_c116,train
2,117,r2_c117,train
2,118,r2_c118,validation
2,119,r2_c119,validation
2,120,r2_c120,validation
2,121,r2_c121,validation
2,122,r2_c122,train
2,123,r2_c123,validation
2,124,r2_c124,train
2,125,r2_c125,train
2,126,r2_c126,train
3,0,r3_c0,train
3,1,r3_c1,train
3,2,r3_c2,train
3,3,r3_c3,train
3,4,r3_c4,train
3,5,r3_c5,train
3,6,r3_c6,validation
3,7,r3_c7,train
3,8,r3_c8,train
3,9,r3_c9,validation
3,10,r3_c10,validation
3,11,r3_c11,validation
3,12,r3_c12,train
3,13,r3_c13,train
3,14,r3_c14,train
3,15,r3_c15,train
3,16,r3_c16,test
3,17,r3_c17,validation
3,18,r3_c18,train
3,19,r3_c19,train
3,20,r3_c20,train
3,21,r3_c21,test
3,22,r3_c22,train
3,23,r3_c23,validation
3,24,r3_c24,test
3,25,r3_c25,train
3,26,r3_c26,train
3,27,r3_c27,train
3,28,r3_c28,train
3,29,r3_c29,train
3,30,r3_c30,train
3,31,r3_c31,train
3,32,r3_c32,train
3,33,r3_c33,train
3,34,r3_c34,train
3,35,r3_c35,train
3,36,r3_c36,train
3,37,r3_c37,test
3,38,r3_c38,train
3,39,r3_c39,test
3,40,r3_c40,train
3,41,r3_c41,train
3,42,r3_c42,train
3,43,r3_c43,train
3,44,r3_c44,train
3,45,r3_c45,train
3,46,r3_c46,test
3,47,r3_c47,train
3,48,r3_c48,train
3,49,r3_c49,validation
3,50,r3_c50,train
3,51,r3_c51,validation
3,52,r3_c52,train
3,53,r3_c53,train
3,54,r3_c54,train
3,55,r3_c55,train
3,56,r3_c56,train
3,57,r3_c57,validation
3,58,r3_c58,train
3,59,r3_c59,train
3,60,r3_c60,train
3,61,r3_c61,test
3,62,r3_c62,validation
3,63,r3_c63,test
3,64,r3_c64,validation
3,65,r3_c65,train
3,66,r3_c66,test
3,67,r3_c67,test
3,68,r3_c68,train
3,69,r3_c69,train
3,70,r3_c70,train
3,71,r3_c71,test
3,72,r3_c72,train
3,73,r3_c73,train
3,74,r3_c74,test
3,75,r3_c75,train
3,76,r3_c76,train
3,77,r3_c77,validation
3,78,r3_c78,train
3,79,r3_c79,train
3,80,r3_c80,train
3,81,r3_c81,train
3,82,r3_c82,test
3,83,r3_c83,train
3,84,r3_c84,test
3,85,r3_c85,train
3,86,r3_c86,train
3,87,r3_c87,train
3,88,r3_c88,train
3,89,r3_c89,train
3,90,r3_c90,train
3,91,r3_c91,train
3,92,r3_c92,test
3,93,r3_c93,train
3,94,r3_c94,train
3,95,r3_c95,train
3,96,r3_c96,train
3,97,r3_c97,train
3,98,r3_c98,train
3,99,r3_c99,train
3,100,r3_c100,train
3,101,r3_c101,train
3,102,r3_c102,train
3,103,r3_c103,train
3,104,r3_c104,train
3,105,r3_c105,train
3,106,r3_c106,train
3,107,r3_c107,train
3,108,r3_c108,train
3,109,r3_c109,train
3,110,r3_c110,train
3,111,r3_c111,train
3,112,r3_c112,train
3,113,r3_c113,train
3,114,r3_c114,validation
3,115,r3_c115,train
3,116,r3_c116,train
3,117,r3_c117,train
3,118,r3_c118,test
3,119,r3_c119,validation
3,120,r3_c120,validation
3,121,r3_c121,train
3,122,r3_c122,train
3,123,r3_c123,test
3,124,r3_c124,test
3,125,r3_c125,train
3,126,r3_c126,train
4,0,r4_c0,validation
4,1,r4_c1,validation
4,2,r4_c2,train
4,3,r4_c3,validation
4,4,r4_c4,test
4,5,r4_c5,train
4,6,r4_c6,train
4,7,r4_c7,test
4,8,r4_c8,test
4,9,r4_c9,validation
4,10,r4_c10,train
4,11,r4_c11,train
4,12,r4_c12,train
4,13,r4_c13,train
4,14,r4_c14,test
4,15,r4_c15,train
4,16,r4_c16,validation
4,17,r4_c17,train
4,18,r4_c18,train
4,19,r4_c19,train
4,20,r4_c20,train
4,21,r4_c21,test
4,22,r4_c22,train
4,23,r4_c23,train
4,24,r4_c24,train
4,25,r4_c25,train
4,26,r4_c26,train
4,27,r4_c27,train
4,28,r4_c28,test
4,29,r4_c29,test
4,30,r4_c30,train
4,31,r4_c31,test
4,32,r4_c32,train
4,33,r4_c33,train
4,34,r4_c34,train
4,35,r4_c35,test
4,36,r4_c36,train
4,37,r4_c37,train
4,38,r4_c38,train
4,39,r4_c39,train
4,40,r4_c40,train
4,41,r4_c41,train
4,42,r4_c42,train
4,43,r4_c43,train
4,44,r4_c44,train
4,45,r4_c45,train
4,46,r4_c46,train
4,47,r4_c47,train
4,48,r4_c48,train
4,49,r4_c49,train
4,50,r4_c50,train
4,51,r4_c51,train
4,52,r4_c52,train
4,53,r4_c53,train
4,54,r4_c54,train
4,55,r4_c55,train
4,56,r4_c56,test
4,57,r4_c57,validation
4,58,r4_c58,train
4,59,r4_c59,train
4,60,r4_c60,train
4,61,r4_c61,validation
4,62,r4_c62,train
4,63,r4_c63,train
4,64,r4_c64,train
4,65,r4_c65,train
4,66,r4_c66,train
4,67,r4_c67,train
4,68,r4_c68,train
4,69,r4_c69,train
4,70,r4_c70,train
4,71,r4_c71,train
4,72,r4_c72,train
4,73,r4_c73,train
4,74,r4_c74,train
4,75,r4_c75,train
4,76,r4_c76,train
4,77,r4_c77,train
4,78,r4_c78,test
4,79,r4_c79,train
4,80,r4_c80,test
4,81,r4_c81,validation
4,82,r4_c82,train
4,83,r4_c83,train
4,84,r4_c84,test
4,85,r4_c85,train
4,86,r4_c86,train
4,87,r4_c87,train
4,88,r4_c88,validation
4,89,r4_c89,test
4,90,r4_c90,train
4,91,r4_c91,train
4,92,r4_c92,train
4,93,r4_c93,test
4,94,r4_c94,test
4,95,r4_c95,validation
4,96,r4_c96,train
4,97,r4_c97,train
4,98,r4_c98,train
4,99,r4_c99,train
4,100,r4_c100,train
4,101,r4_c101,train
4,102,r4_c102,test
4,103,r4_c103,train
4,104,r4_c104,train
4,105,r4_c105,train
4,106,r4_c106,train
4,107,r4_c107,train
4,108,r4_c108,train
4,109,r4_c109,validation
4,110,r4_c110,train
4,111,r4_c111,validation
4,112,r4_c112,train
4,113,r4_c113,test
4,114,r4_c114,train
4,115,r4_c115,train
4,116,r4_c116,test
4,117,r4_c117,train
4,118,r4_c118,train
4,119,r4_c119,train
4,120,r4_c120,validation
4,121,r4_c121,test
4,122,r4_c122,test
4,123,r4_c123,test
4,124,r4_c124,train
4,125,r4_c125,test
4,126,r4_c126,train
5,0,r5_c0,train
5,1,r5_c1,train
5,2,r5_c2,test
5,3,r5_c3,validation
5,4,r5_c4,validation
5,5,r5_c5,train
5,6,r5_c6,train
5,7,r5_c7,test
5,8,r5_c8,train
5,9,r5_c9,train
5,10,r5_c10,test
5,11,r5_c11,train
5,12,r5_c12,validation
5,13,r5_c13,train
5,14,r5_c14,train
5,15,r5_c15,train
5,16,r5_c16,validation
5,17,r5_c17,train
5,18,r5_c18,train
5,19,r5_c19,train
5,20,r5_c20,test
5,21,r5_c21,train
5,22,r5_c22,train
5,23,r5_c23,validation
5,24,r5_c24,validation
5,25,r5_c25,train
5,26,r5_c26,train
5,27,r5_c27,train
5,28,r5_c28,test
5,29,r5_c29,train
5,30,r5_c30,train
5,31,r5_c31,train
5,32,r5_c32,train
5,33,r5_c33,test
5,34,r5_c34,train
5,35,r5_c35,test
5,36,r5_c36,test
5,37,r5_c37,train
5,38,r5_c38,train
5,39,r5_c39,train
5,40,r5_c40,train
5,41,r5_c41,train
5,42,r5_c42,test
5,43,r5_c43,train
5,44,r5_c44,train
5,45,r5_c45,train
5,46,r5_c46,test
5,47,r5_c47,train
5,48,r5_c48,train
5,49,r5_c49,train
5,50,r5_c50,train
5,51,r5_c51,train
5,52,r5_c52,train
5,53,r5_c53,train
5,54,r5_c54,train
5,55,r5_c55,train
5,56,r5_c56,train
5,57,r5_c57,train
5,58,r5_c58,train
5,59,r5_c59,train
5,60,r5_c60,train
5,61,r5_c61,train
5,62,r5_c62,validation
5,63,r5_c63,test
5,64,r5_c64,train
5,65,r5_c65,train
5,66,r5_c66,train
5,67,r5_c67,train
5,68,r5_c68,train
5,69,r5_c69,train
5,70,r5_c70,test
5,71,r5_c71,train
5,72,r5_c72,validation
5,73,r5_c73,train
5,74,r5_c74,train
5,75,r5_c75,validation
5,76,r5_c76,test
5,77,r5_c77,validation
5,78,r5_c78,train
5,79,r5_c79,train
5,80,r5_c80,train
5,81,r5_c81,test
5,82,r5_c82,test
5,83,r5_c83,train
5,84,r5_c84,train
5,85,r5_c85,train
5,86,r5_c86,test
5,87,r5_c87,validation
5,88,r5_c88,validation
5,89,r5_c89,validation
5,90,r5_c90,train
5,91,r5_c91,train
5,92,r5_c92,validation
5,93,r5_c93,train
5,94,r5_c94,train
5,95,r5_c95,validation
5,96,r5_c96,train
5,97,r5_c97,train
5,98,r5_c98,train
5,99,r5_c99,train
5,100,r5_c100,test
5,101,r5_c101,validation
5,102,r5_c102,train
5,103,r5_c103,train
5,104,r5_c104,test
5,105,r5_c105,validation
5,106,r5_c106,validation
5,107,r5_c107,train
5,108,r5_c108,train
5,109,r5_c109,train
5,110,r5_c110,train
5,111,r5_c111,test
5,112,r5_c112,train
5,113,r5_c113,train
5,114,r5_c114,train
5,115,r5_c115,validation
5,116,r5_c116,train
5,117,r5_c117,train
5,118,r5_c118,validation
5,119,r5_c119,train
5,120,r5_c120,validation
5,121,r5_c121,train
5,122,r5_c122,train
5,123,r5_c123,test
5,124,r5_c124,train
5,125,r5_c125,test
5,126,r5_c126,test
6,0,r6_c0,train
6,1,r6_c1,train
6,2,r6_c2,validation
6,3,r6_c3,train
6,4,r6_c4,train
6,5,r6_c5,train
6,6,r6_c6,train
6,7,r6_c7,train
6,8,r6_c8,train
6,9,r6_c9,train
6,10,r6_c10,train
6,11,r6_c11,train
6,12,r6_c12,train
6,13,r6_c13,test
6,14,r6_c14,train
6,15,r6_c15,train
6,16,r6_c16,test
6,17,r6_c17,train
6,18,r6_c18,train
6,19,r6_c19,train
6,20,r6_c20,train
6,21,r6_c21,train
6,22,r6_c22,train
6,23,r6_c23,validation
6,24,r6_c24,train
6,25,r6_c25,test
6,26,r6_c26,train
6,27,r6_c27,train
6,28,r6_c28,train
6,29,r6_c29,train
6,30,r6_c30,train
6,31,r6_c31,validation
6,32,r6_c32,validation
6,33,r6_c33,train
6,34,r6_c34,train
6,35,r6_c35,test
6,36,r6_c36,validation
6,37,r6_c37,train
6,38,r6_c38,test
6,39,r6_c39,train
6,40,r6_c40,test
6,41,r6_c41,test
6,42,r6_c42,train
6,43,r6_c43,train
6,44,r6_c44,train
6,45,r6_c45,test
6,46,r6_c46,validation
6,47,r6_c47,test
6,48,r6_c48,validation
6,49,r6_c49,train
6,50,r6_c50,validation
6,51,r6_c51,validation
6,52,r6_c52,train
6,53,r6_c53,train
6,54,r6_c54,train
6,55,r6_c55,test
6,56,r6_c56,train
6,57,r6_c57,train
6,58,r6_c58,train
6,59,r6_c59,train
6,60,r6_c60,test
6,61,r6_c61,validation
6,62,r6_c62,train
6,63,r6_c63,train
6,64,r6_c64,train
6,65,r6_c65,test
6,66,r6_c66,test
6,67,r6_c67,train
6,68,r6_c68,test
6,69,r6_c69,train
6,70,r6_c70,train
6,71,r6_c71,train
6,72,r6_c72,train
6,73,r6_c73,train
6,74,r6_c74,validation
6,75,r6_c75,train
6,76,r6_c76,train
6,77,r6_c77,train
6,78,r6_c78,train
6,79,r6_c79,train
6,80,r6_c80,validation
6,81,r6_c81,train
6,82,r6_c82,test
6,83,r6_c83,test
6,84,r6_c84,train
6,85,r6_c85,train
6,86,r6_c86,train
6,87,r6_c87,train
6,88,r6_c88,train
6,89,r6_c89,train
6,90,r6_c90,train
6,91,r6_c91,train
6,92,r6_c92,train
6,93,r6_c93,train
6,94,r6_c94,train
6,95,r6_c95,train
6,96,r6_c96,train
6,97,r6_c97,train
6,98,r6_c98,train
6,99,r6_c99,test
6,100,r6_c100,test
6,101,r6_c101,test
6,102,r6_c102,train
6,103,r6_c103,train
6,104,r6_c104,train
6,105,r6_c105,test
6,106,r6_c106,test
6,107,r6_c107,train
6,108,r6_c108,validation
6,109,r6_c109,train
6,110,r6_c110,validation
6,111,r6_c111,train
6,112,r6_c112,train
6,113,r6_c113,train
6,114,r6_c114,train
6,115,r6_c115,train
6,116,r6_c116,train
6,117,r6_c117,train
6,118,r6_c118,train
6,119,r6_c119,train
6,120,r6_c120,test
6,121,r6_c121,test
6,122,r6_c122,train
6,123,r6_c123,train
6,124,r6_c124,test
6,125,r6_c125,train
6,126,r6_c126,train
7,0,r7_c0,train
7,1,r7_c1,train
7,2,r7_c2,validation
7,3,r7_c3,train
7,4,r7_c4,train
7,5,r7_c5,train
7,6,r7_c6,train
7,7,r7_c7,train
7,8,r7_c8,train
7,9,r7_c9,test
7,10,r7_c10,test
7,11,r7_c11,test
7,12,r7_c12,test
7,13,r7_c13,train
7,14,r7_c14,train
7,15,r7_c15,train
7,16,r7_c16,train
7,17,r7_c17,validation
7,18,r7_c18,validation
7,19,r7_c19,train
7,20,r7_c20,train
7,21,r7_c21,train
7,22,r7_c22,train
7,23,r7_c23,train
7,24,r7_c24,train
7,25,r7_c25,train
7,26,r7_c26,train
7,27,r7_c27,test
7,28,r7_c28,train
7,29,r7_c29,train
7,30,r7_c30,train
7,31,r7_c31,test
7,32,r7_c32,train
7,33,r7_c33,train
7,34,r7_c34,validation
7,35,r7_c35,train
7,36,r7_c36,train
7,37,r7_c37,train
7,38,r7_c38,train
7,39,r7_c39,train
7,40,r7_c40,train
7,41,r7_c41,validation
7,42,r7_c42,train
7,43,r7_c43,validation
7,44,r7_c44,train
7,45,r7_c45,train
7,46,r7_c46,train
7,47,r7_c47,train
7,48,r7_c48,test
7,49,r7_c49,train
7,50,r7_c50,train
7,51,r7_c51,validation
7,52,r7_c52,train
7,53,r7_c53,train
7,54,r7_c54,test
7,55,r7_c55,train
7,56,r7_c56,train
7,57,r7_c57,train
7,58,r7_c58,train
7,59,r7_c59,validation
7,60,r7_c60,train
7,61,r7_c61,validation
7,62,r7_c62,validation
7,63,r7_c63,train
7,64,r7_c64,train
7,65,r7_c65,train
7,66,r7_c66,validation
7,67,r7_c67,train
7,68,r7_c68,test
7,69,r7_c69,train
7,70,r7_c70,train
7,71,r7_c71,train
7,72,r7_c72,train
7,73,r7_c73,train
7,74,r7_c74,train
7,75,r7_c75,train
7,76,r7_c76,validation
7,77,r7_c77,train
7,78,r7_c78,train
7,79,r7_c79,test
7,80,r7_c80,train
7,81,r7_c81,train
7,82,r7_c82,train
7,83,r7_c83,train
7,84,r7_c84,train
7,85,r7_c85,train
7,86,r7_c86,train
7,87,r7_c87,validation
7,88,r7_c88,test
7,89,r7_c89,train
7,90,r7_c90,train
7,91,r7_c91,train
7,92,r7_c92,train
7,93,r7_c93,train
7,94,r7_c94,test
7,95,r7_c95,train
7,96,r7_c96,test
7,97,r7_c97,validation
7,98,r7_c98,train
7,99,r7_c99,validation
7,100,r7_c100,train
7,101,r7_c101,train
7,102,r7_c102,train
7,103,r7_c103,test
7,104,r7_c104,train
7,105,r7_c105,train
7,106,r7_c106,test
7,107,r7_c107,train
7,108,r7_c108,train
7,109,r7_c109,test
7,110,r7_c110,train
7,111,r7_c111,train
7,112,r7_c112,test
7,113,r7_c113,train
7,114,r7_c114,train
7,115,r7_c115,train
7,116,r7_c116,train
7,117,r7_c117,test
7,118,r7_c118,train
7,119,r7_c119,train
7,120,r7_c120,test
7,121,r7_c121,train
7,122,r7_c122,test
7,123,r7_c123,train
7,124,r7_c124,test
7,125,r7_c125,test
7,126,r7_c126,validation
8,0,r8_c0,train
8,1,r8_c1,train
8,2,r8_c2,validation
8,3,r8_c3,train
8,4,r8_c4,train
8,5,r8_c5,validation
8,6,r8_c6,train
8,7,r8_c7,train
8,8,r8_c8,train
8,9,r8_c9,train
8,10,r8_c10,train
8,11,r8_c11,validation
8,12,r8_c12,train
8,13,r8_c13,train
8,14,r8_c14,train
8,15,r8_c15,test
8,16,r8_c16,validation
8,17,r8_c17,validation
8,18,r8_c18,train
8,19,r8_c19,test
8,20,r8_c20,train
8,21,r8_c21,train
8,22,r8_c22,train
8,23,r8_c23,train
8,24,r8_c24,train
8,25,r8_c25,train
8,26,r8_c26,test
8,27,r8_c27,train
8,28,r8_c28,test
8,29,r8_c29,train
8,30,r8_c30,train
8,31,r8_c31,train
8,32,r8_c32,train
8,33,r8_c33,train
8,34,r8_c34,test
8,35,r8_c35,train
8,36,r8_c36,train
8,37,r8_c37,train
8,38,r8_c38,train
8,39,r8_c39,train
8,40,r8_c40,test
8,41,r8_c41,validation
8,42,r8_c42,train
8,43,r8_c43,test
8,44,r8_c44,train
8,45,r8_c45,test
8,46,r8_c46,train
8,47,r8_c47,validation
8,48,r8_c48,validation
8,49,r8_c49,train
8,50,r8_c50,test
8,51,r8_c51,train
8,52,r8_c52,train
8,53,r8_c53,train
8,54,r8_c54,train
8,55,r8_c55,train
8,56,r8_c56,train
8,57,r8_c57,train
8,58,r8_c58,validation
8,59,r8_c59,train
8,60,r8_c60,train
8,61,r8_c61,validation
8,62,r8_c62,validation
8,63,r8_c63,train
8,64,r8_c64,train
8,65,r8_c65,test
8,66,r8_c66,train
8,67,r8_c67,validation
8,68,r8_c68,validation
8,69,r8_c69,validation
8,70,r8_c70,train
8,71,r8_c71,train
8,72,r8_c72,train
8,73,r8_c73,train
8,74,r8_c74,test
8,75,r8_c75,train
8,76,r8_c76,train
8,77,r8_c77,validation
8,78,r8_c78,train
8,79,r8_c79,test
8,80,r8_c80,train
8,81,r8_c81,train
8,82,r8_c82,validation
8,83,r8_c83,train
8,84,r8_c84,train
8,85,r8_c85,train
8,86,r8_c86,train
8,87,r8_c87,train
8,88,r8_c88,test
8,89,r8_c89,train
8,90,r8_c90,test
8,91,r8_c91,train
8,92,r8_c92,train
8,93,r8_c93,train
8,94,r8_c94,train
8,95,r8_c95,validation
8,96,r8_c96,train
8,97,r8_c97,test
8,98,r8_c98,train
8,99,r8_c99,train
8,100,r8_c100,validation
8,101,r8_c101,train
8,102,r8_c102,validation
8,103,r8_c103,train
8,104,r8_c104,validation
8,105,r8_c105,train
8,106,r8_c106,train
8,107,r8_c107,validation
8,108,r8_c108,train
8,109,r8_c109,train
8,110,r8_c110,train
8,111,r8_c111,train
8,112,r8_c112,train
8,113,r8_c113,train
8,114,r8_c114,train
8,115,r8_c115,train
8,116,r8_c116,validation
8,117,r8_c117,train
8,118,r8_c118,train
8,119,r8_c119,train
8,120,r8_c120,test
8,121,r8_c121,train
8,122,r8_c122,train
8,123,r8_c123,train
8,124,r8_c124,test
8,125,r8_c125,train
8,126,r8_c126,validation
9,0,r9_c0,train
9,1,r9_c1,train
9,2,r9_c2,train
9,3,r9_c3,train
9,4,r9_c4,test
9,5,r9_c5,train
9,6,r9_c6,train
9,7,r9_c7,validation
9,8,r9_c8,validation
9,9,r9_c9,train
9,10,r9_c10,validation
9,11,r9_c11,test
9,12,r9_c12,train
9,13,r9_c13,train
9,14,r9_c14,validation
9,15,r9_c15,validation
9,16,r9_c16,validation
9,17,r9_c17,train
9,18,r9_c18,train
9,19,r9_c19,train
9,20,r9_c20,validation
9,21,r9_c21,train
9,22,r9_c22,train
9,23,r9_c23,train
9,24,r9_c24,train
9,25,r9_c25,train
9,26,r9_c26,train
9,27,r9_c27,train
9,28,r9_c28,validation
9,29,r9_c29,validation
9,30,r9_c30,validation
9,31,r9_c31,train
9,32,r9_c32,train
9,33,r9_c33,train
9,34,r9_c34,validation
9,35,r9_c35,train
9,36,r9_c36,validation
9,37,r9_c37,validation
9,38,r9_c38,train
9,39,r9_c39,validation
9,40,r9_c40,train
9,41,r9_c41,validation
9,42,r9_c42,train
9,43,r9_c43,train
9,44,r9_c44,train
9,45,r9_c45,validation
9,46,r9_c46,train
9,47,r9_c47,train
9,48,r9_c48,train
9,49,r9_c49,validation
9,50,r9_c50,train
9,51,r9_c51,train
9,52,r9_c52,train
9,53,r9_c53,train
9,54,r9_c54,train
9,55,r9_c55,train
9,56,r9_c56,train
9,57,r9_c57,train
9,58,r9_c58,train
9,59,r9_c59,train
9,60,r9_c60,test
9,61,r9_c61,train
9,62,r9_c62,train
9,63,r9_c63,validation
9,64,r9_c64,validation
9,65,r9_c65,test
9,66,r9_c66,train
9,67,r9_c67,train
9,68,r9_c68,train
9,69,r9_c69,validation
9,70,r9_c70,validation
9,71,r9_c71,train
9,72,r9_c72,train
9,73,r9_c73,train
9,74,r9_c74,train
9,75,r9_c75,train
9,76,r9_c76,test
9,77,r9_c77,test
9,78,r9_c78,train
9,79,r9_c79,validation
9,80,r9_c80,validation
9,81,r9_c81,validation
9,82,r9_c82,train
9,83,r9_c83,validation
9,84,r9_c84,train
9,85,r9_c85,train
9,86,r9_c86,test
9,87,r9_c87,train
9,88,r9_c88,train
9,89,r9_c89,train
9,90,r9_c90,train
9,91,r9_c91,validation
9,92,r9_c92,train
9,93,r9_c93,train
9,94,r9_c94,train
9,95,r9_c95,train
9,96,r9_c96,validation
9,97,r9_c97,train
9,98,r9_c98,train
9,99,r9_c99,train
9,100,r9_c100,train
9,101,r9_c101,validation
9,102,r9_c102,train
9,103,r9_c103,train
9,104,r9_c104,train
9,105,r9_c105,train
9,106,r9_c106,train
9,107,r9_c107,validation
9,108,r9_c108,train
9,109,r9_c109,train
9,110,r9_c110,test
9,111,r9_c111,validation
9,112,r9_c112,train
9,113,r9_c113,train
9,114,r9_c114,test
9,115,r9_c115,test
9,116,r9_c116,train
9,117,r9_c117,train
9,118,r9_c118,train
9,119,r9_c119,validation
9,120,r9_c120,test
9,121,r9_c121,train
9,122,r9_c122,test
9,123,r9_c123,train
9,124,r9_c124,train
9,125,r9_c125,train
9,126,r9_c126,validation
10,0,r10_c0,train
10,1,r10_c1,validation
10,2,r10_c2,train
10,3,r10_c3,test
10,4,r10_c4,train
10,5,r10_c5,train
10,6,r10_c6,test
10,7,r10_c7,train
10,8,r10_c8,train
10,9,r10_c9,train
10,10,r10_c10,train
10,11,r10_c11,train
10,12,r10_c12,train
10,13,r10_c13,validation
10,14,r10_c14,validation
10,15,r10_c15,train
10,16,r10_c16,train
10,17,r10_c17,test
10,18,r10_c18,validation
10,19,r10_c19,train
10,20,r10_c20,train
10,21,r10_c21,test
10,22,r10_c22,test
10,23,r10_c23,test
10,24,r10_c24,validation
10,25,r10_c25,validation
10,26,r10_c26,train
10,27,r10_c27,train
10,28,r10_c28,train
10,29,r10_c29,train
10,30,r10_c30,train
10,31,r10_c31,train
10,32,r10_c32,test
10,33,r10_c33,train
10,34,r10_c34,train
10,35,r10_c35,train
10,36,r10_c36,validation
10,37,r10_c37,test
10,38,r10_c38,train
10,39,r10_c39,train
10,40,r10_c40,train
10,41,r10_c41,train
10,42,r10_c42,train
10,43,r10_c43,train
10,44,r10_c44,train
10,45,r10_c45,test
10,46,r10_c46,validation
10,47,r10_c47,test
10,48,r10_c48,test
10,49,r10_c49,train
10,50,r10_c50,train
10,51,r10_c51,validation
10,52,r10_c52,train
10,53,r10_c53,train
10,54,r10_c54,validation
10,55,r10_c55,train
10,56,r10_c56,train
10,57,r10_c57,validation
10,58,r10_c58,train
10,59,r10_c59,validation
10,60,r10_c60,train
10,61,r10_c61,train
10,62,r10_c62,train
10,63,r10_c63,train
10,64,r10_c64,train
10,65,r10_c65,train
10,66,r10_c66,validation
10,67,r10_c67,validation
10,68,r10_c68,train
10,69,r10_c69,train
10,70,r10_c70,train
10,71,r10_c71,train
10,72,r10_c72,train
10,73,r10_c73,train
10,74,r10_c74,train
10,75,r10_c75,test
10,76,r10_c76,test
10,77,r10_c77,train
10,78,r10_c78,validation
10,79,r10_c79,test
10,80,r10_c80,train
10,81,r10_c81,validation
10,82,r10_c82,test
10,83,r10_c83,train
10,84,r10_c84,train
10,85,r10_c85,train
10,86,r10_c86,train
10,87,r10_c87,validation
10,88,r10_c88,test
10,89,r10_c89,train
10,90,r10_c90,train
10,91,r10_c91,train
10,92,r10_c92,train
10,93,r10_c93,train
10,94,r10_c94,test
10,95,r10_c95,train
10,96,r10_c96,test
10,97,r10_c97,train
10,98,r10_c98,train
10,99,r10_c99,train
10,100,r10_c100,validation
10,101,r10_c101,train
10,102,r10_c102,train
10,103,r10_c103,train
10,104,r10_c104,test
10,105,r10_c105,test
10,106,r10_c106,train
10,107,r10_c107,test
10,108,r10_c108,train
10,109,r10_c109,test
10,110,r10_c110,train
10,111,r10_c111,test
10,112,r10_c112,train
10,113,r10_c113,train
10,114,r10_c114,test
10,115,r10_c115,train
10,116,r10_c116,train
10,117,r10_c117,train
10,118,r10_c118,train
10,119,r10_c119,train
10,120,r10_c120,train
10,121,r10_c121,train
10,122,r10_c122,train
10,123,r10_c123,train
10,124,r10_c124,train
10,125,r10_c125,test
10,126,r10_c126,train
11,0,r11_c0,validation
11,1,r11_c1,train
11,2,r11_c2,train
11,3,r11_c3,train
11,4,r11_c4,train
11,5,r11_c5,validation
11,6,r11_c6,train
11,7,r11_c7,train
11,8,r11_c8,train
11,9,r11_c9,train
11,10,r11_c10,train
11,11,r11_c11,test
11,12,r11_c12,train
11,13,r11_c13,train
11,14,r11_c14,train
11,15,r11_c15,train
11,16,r11_c16,test
11,17,r11_c17,train
11,18,r11_c18,validation
11,19,r11_c19,train
11,20,r11_c20,validation
11,21,r11_c21,train
11,22,r11_c22,train
11,23,r11_c23,test
11,24,r11_c24,train
11,25,r11_c25,train
11,26,r11_c26,train
11,27,r11_c27,train
11,28,r11_c28,train
11,29,r11_c29,train
11,30,r11_c30,validation
11,31,r11_c31,validation
11,32,r11_c32,train
11,33,r11_c33,validation
11,34,r11_c34,train
11,35,r11_c35,train
11,36,r11_c36,train
11,37,r11_c37,train
11,38,r11_c38,train
11,39,r11_c39,train
11,40,r11_c40,train
11,41,r11_c41,train
11,42,r11_c42,train
11,43,r11_c43,validation
11,44,r11_c44,validation
11,45,r11_c45,test
11,46,r11_c46,train
11,47,r11_c47,test
11,48,r11_c48,train
11,49,r11_c49,train
11,50,r11_c50,train
11,51,r11_c51,train
11,52,r11_c52,test
11,53,r11_c53,train
11,54,r11_c54,test
11,55,r11_c55,test
11,56,r11_c56,train
11,57,r11_c57,validation
11,58,r11_c58,train
11,59,r11_c59,train
11,60,r11_c60,validation
11,61,r11_c61,validation
11,62,r11_c62,train
11,63,r11_c63,train
11,64,r11_c64,train
11,65,r11_c65,train
11,66,r11_c66,train
11,67,r11_c67,train
11,68,r11_c68,train
11,69,r11_c69,test
11,70,r11_c70,train
11,71,r11_c71,train
11,72,r11_c72,train
11,73,r11_c73,test
11,74,r11_c74,train
11,75,r11_c75,validation
11,76,r11_c76,train
11,77,r11_c77,validation
11,78,r11_c78,test
11,79,r11_c79,test
11,80,r11_c80,train
11,81,r11_c81,train
11,82,r11_c82,train
11,83,r11_c83,train
11,84,r11_c84,train
11,85,r11_c85,train
11,86,r11_c86,validation
11,87,r11_c87,validation
11,88,r11_c88,test
11,89,r11_c89,train
11,90,r11_c90,train
11,91,r11_c91,train
11,92,r11_c92,test
11,93,r11_c93,validation
11,94,r11_c94,test
11,95,r11_c95,train
11,96,r11_c96,test
11,97,r11_c97,validation
11,98,r11_c98,test
11,99,r11_c99,train
11,100,r11_c100,train
11,101,r11_c101,train
11,102,r11_c102,validation
11,103,r11_c103,train
11,104,r11_c104,validation
11,105,r11_c105,validation
11,106,r11_c106,train
11,107,r11_c107,train
11,108,r11_c108,train
11,109,r11_c109,test
11,110,r11_c110,train
11,111,r11_c111,train
11,112,r11_c112,validation
11,113,r11_c113,test
11,114,r11_c114,train
11,115,r11_c115,train
11,116,r11_c116,test
11,117,r11_c117,train
11,118,r11_c118,train
11,119,r11_c119,train
11,120,r11_c120,test
11,121,r11_c121,train
11,122,r11_c122,validation
11,123,r11_c123,train
11,124,r11_c124,train
11,125,r11_c125,test
11,126,r11_c126,validation
12,0,r12_c0,train
12,1,r12_c1,validation
12,2,r12_c2,train
12,3,r12_c3,train
12,4,r12_c4,test
12,5,r12_c5,validation
12,6,r12_c6,train
12,7,r12_c7,test
12,8,r12_c8,train
12,9,r12_c9,train
12,10,r12_c10,train
12,11,r12_c11,train
12,12,r12_c12,train
12,13,r12_c13,train
12,14,r12_c14,test
12,15,r12_c15,train
12,16,r12_c16,test
12,17,r12_c17,train
12,18,r12_c18,train
12,19,r12_c19,train
12,20,r12_c20,test
12,21,r12_c21,train
12,22,r12_c22,train
12,23,r12_c23,test
12,24,r12_c24,train
12,25,r12_c25,validation
12,26,r12_c26,train
12,27,r12_c27,train
12,28,r12_c28,validation
12,29,r12_c29,train
12,30,r12_c30,train
12,31,r12_c31,train
12,32,r12_c32,train
12,33,r12_c33,validation
12,34,r12_c34,test
12,35,r12_c35,train
12,36,r12_c36,train
12,37,r12_c37,train
12,38,r12_c38,train
12,39,r12_c39,train
12,40,r12_c40,train
12,41,r12_c41,train
12,42,r12_c42,train
12,43,r12_c43,train
12,44,r12_c44,train
12,45,r12_c45,test
12,46,r12_c46,train
12,47,r12_c47,test
12,48,r12_c48,train
12,49,r12_c49,train
12,50,r12_c50,train
12,51,r12_c51,train
12,52,r12_c52,train
12,53,r12_c53,train
12,54,r12_c54,train
12,55,r12_c55,test
12,56,r12_c56,train
12,57,r12_c57,train
12,58,r12_c58,validation
12,59,r12_c59,train
12,60,r12_c60,train
12,61,r12_c61,train
12,62,r12_c62,test
12,63,r12_c63,train
12,64,r12_c64,train
12,65,r12_c65,train
12,66,r12_c66,train
12,67,r12_c67,train
12,68,r12_c68,test
12,69,r12_c69,validation
12,70,r12_c70,train
12,71,r12_c71,train
12,72,r12_c72,train
12,73,r12_c73,train
12,74,r12_c74,train
12,75,r12_c75,train
12,76,r12_c76,test
12,77,r12_c77,train
12,78,r12_c78,train
12,79,r12_c79,train
12,80,r12_c80,train
12,81,r12_c81,test
12,82,r12_c82,test
12,83,r12_c83,train
12,84,r12_c84,train
12,85,r12_c85,test
12,86,r12_c86,train
12,87,r12_c87,train
12,88,r12_c88,test
12,89,r12_c89,train
12,90,r12_c90,validation
12,91,r12_c91,test
12,92,r12_c92,train
12,93,r12_c93,train
12,94,r12_c94,train
12,95,r12_c95,train
12,96,r12_c96,train
12,97,r12_c97,validation
12,98,r12_c98,validation
12,99,r12_c99,train
12,100,r12_c100,train
12,101,r12_c101,train
12,102,r12_c102,test
12,103,r12_c103,test
12,104,r12_c104,train
12,105,r12_c105,train
12,106,r12_c106,train
12,107,r12_c107,test
12,108,r12_c108,train
12,109,r12_c109,train
12,110,r12_c110,train
12,111,r12_c111,validation
12,112,r12_c112,test
12,113,r12_c113,test
12,114,r12_c114,train
12,115,r12_c115,train
12,116,r12_c116,validation
12,117,r12_c117,train
12,118,r12_c118,test
12,119,r12_c119,train
12,120,r12_c120,validation
12,121,r12_c121,train
12,122,r12_c122,validation
12,123,r12_c123,train
12,124,r12_c124,train
12,125,r12_c125,validation
12,126,r12_c126,train
13,0,r13_c0,train
13,1,r13_c1,train
13,2,r13_c2,validation
13,3,r13_c3,train
13,4,r13_c4,validation
13,5,r13_c5,test
13,6,r13_c6,train
13,7,r13_c7,train
13,8,r13_c8,train
13,9,r13_c9,train
13,10,r13_c10,train
13,11,r13_c11,train
13,12,r13_c12,validation
13,13,r13_c13,test
13,14,r13_c14,train
13,15,r13_c15,train
13,16,r13_c16,train
13,17,r13_c17,test
13,18,r13_c18,train
13,19,r13_c19,train
13,20,r13_c20,train
13,21,r13_c21,train
13,22,r13_c22,validation
13,23,r13_c23,validation
13,24,r13_c24,train
13,25,r13_c25,train
13,26,r13_c26,validation
13,27,r13_c27,validation
13,28,r13_c28,test
13,29,r13_c29,validation
13,30,r13_c30,validation
13,31,r13_c31,validation
13,32,r13_c32,train
13,33,r13_c33,train
13,34,r13_c34,test
13,35,r13_c35,train
13,36,r13_c36,validation
13,37,r13_c37,train
13,38,r13_c38,train
13,39,r13_c39,train
13,40,r13_c40,train
13,41,r13_c41,train
13,42,r13_c42,validation
13,43,r13_c43,test
13,44,r13_c44,train
13,45,r13_c45,train
13,46,r13_c46,validation
13,47,r13_c47,test
13,48,r13_c48,train
13,49,r13_c49,train
13,50,r13_c50,train
13,51,r13_c51,train
13,52,r13_c52,test
13,53,r13_c53,train
13,54,r13_c54,train
13,55,r13_c55,train
13,56,r13_c56,train
13,57,r13_c57,train
13,58,r13_c58,train
13,59,r13_c59,train
13,60,r13_c60,train
13,61,r13_c61,test
13,62,r13_c62,train
13,63,r13_c63,train
13,64,r13_c64,train
13,65,r13_c65,train
13,66,r13_c66,train
13,67,r13_c67,train
13,68,r13_c68,train
13,69,r13_c69,train
13,70,r13_c70,train
13,71,r13_c71,train
13,72,r13_c72,test
13,73,r13_c73,train
13,74,r13_c74,train
13,75,r13_c75,validation
13,76,r13_c76,train
13,77,r13_c77,train
13,78,r13_c78,test
13,79,r13_c79,train
13,80,r13_c80,validation
13,81,r13_c81,train
13,82,r13_c82,train
13,83,r13_c83,train
13,84,r13_c84,train
13,85,r13_c85,test
13,86,r13_c86,train
13,87,r13_c87,validation
13,88,r13_c88,validation
13,89,r13_c89,train
13,90,r13_c90,validation
13,91,r13_c91,train
13,92,r13_c92,train
13,93,r13_c93,train
13,94,r13_c94,train
13,95,r13_c95,train
13,96,r13_c96,train
13,97,r13_c97,train
13,98,r13_c98,train
13,99,r13_c99,train
13,100,r13_c100,train
13,101,r13_c101,test
13,102,r13_c102,validation
13,103,r13_c103,train
13,104,r13_c104,validation
13,105,r13_c105,train
13,106,r13_c106,train
13,107,r13_c107,validation
13,108,r13_c108,train
13,109,r13_c109,train
13,110,r13_c110,train
13,111,r13_c111,train
13,112,r13_c112,test
13,113,r13_c113,train
13,114,r13_c114,train
13,115,r13_c115,train
13,116,r13_c116,train
13,117,r13_c117,train
13,118,r13_c118,train
13,119,r13_c119,train
13,120,r13_c120,train
13,121,r13_c121,train
13,122,r13_c122,train
13,123,r13_c123,test
13,124,r13_c124,train
13,125,r13_c125,train
13,126,r13_c126,validation
14,0,r14_c0,test
14,1,r14_c1,train
14,2,r14_c2,test
14,3,r14_c3,test
14,4,r14_c4,train
14,5,r14_c5,train
14,6,r14_c6,train
14,7,r14_c7,train
14,8,r14_c8,train
14,9,r14_c9,test
14,10,r14_c10,train
14,11,r14_c11,train
14,12,r14_c12,validation
14,13,r14_c13,train
14,14,r14_c14,validation
14,15,r14_c15,train
14,16,r14_c16,train
14,17,r14_c17,test
14,18,r14_c18,test
14,19,r14_c19,train
14,20,r14_c20,train
14,21,r14_c21,train
14,22,r14_c22,train
14,23,r14_c23,validation
14,24,r14_c24,validation
14,25,r14_c25,test
14,26,r14_c26,validation
14,27,r14_c27,train
14,28,r14_c28,validation
14,29,r14_c29,train
14,30,r14_c30,test
14,31,r14_c31,train
14,32,r14_c32,train
14,33,r14_c33,test
14,34,r14_c34,train
14,35,r14_c35,test
14,36,r14_c36,validation
14,37,r14_c37,validation
14,38,r14_c38,train
14,39,r14_c39,train
14,40,r14_c40,validation
14,41,r14_c41,train
14,42,r14_c42,test
14,43,r14_c43,train
14,44,r14_c44,train
14,45,r14_c45,train
14,46,r14_c46,train
14,47,r14_c47,validation
14,48,r14_c48,train
14,49,r14_c49,validation
14,50,r14_c50,train
14,51,r14_c51,validation
14,52,r14_c52,train
14,53,r14_c53,train
14,54,r14_c54,train
14,55,r14_c55,test
14,56,r14_c56,validation
14,57,r14_c57,train
14,58,r14_c58,train
14,59,r14_c59,train
14,60,r14_c60,train
14,61,r14_c61,train
14,62,r14_c62,train
14,63,r14_c63,validation
14,64,r14_c64,validation
14,65,r14_c65,train
14,66,r14_c66,train
14,67,r14_c67,train
14,68,r14_c68,train
14,69,r14_c69,test
14,70,r14_c70,train
14,71,r14_c71,train
14,72,r14_c72,train
14,73,r14_c73,train
14,74,r14_c74,train
14,75,r14_c75,train
14,76,r14_c76,train
14,77,r14_c77,train
14,78,r14_c78,train
14,79,r14_c79,test
14,80,r14_c80,test
14,81,r14_c81,train
14,82,r14_c82,train
14,83,r14_c83,validation
14,84,r14_c84,train
14,85,r14_c85,train
14,86,r14_c86,train
14,87,r14_c87,train
14,88,r14_c88,test
14,89,r14_c89,train
14,90,r14_c90,train
14,91,r14_c91,train
14,92,r14_c92,train
14,93,r14_c93,train
14,94,r14_c94,validation
14,95,r14_c95,train
14,96,r14_c96,train
14,97,r14_c97,train
14,98,r14_c98,train
14,99,r14_c99,validation
14,100,r14_c100,train
14,101,r14_c101,train
14,102,r14_c102,validation
14,103,r14_c103,validation
14,104,r14_c104,train
14,105,r14_c105,train
14,106,r14_c106,test
14,107,r14_c107,train
14,108,r14_c108,train
14,109,r14_c109,train
14,110,r14_c110,train
14,111,r14_c111,train
14,112,r14_c112,train
14,113,r14_c113,train
14,114,r14_c114,test
14,115,r14_c115,train
14,116,r14_c116,train
14,117,r14_c117,validation
14,118,r14_c118,train
14,119,r14_c119,train
14,120,r14_c120,train
14,121,r14_c121,train
14,122,r14_c122,train
14,123,r14_c123,train
14,124,r14_c124,train
14,125,r14_c125,train
14,126,r14_c126,validation
15,0,r15_c0,train
15,1,r15_c1,test
15,2,r15_c2,train
15,3,r15_c3,train
15,4,r15_c4,train
15,5,r15_c5,train
15,6,r15_c6,train
15,7,r15_c7,train
15,8,r15_c8,train
15,9,r15_c9,train
15,10,r15_c10,train
15,11,r15_c11,train
15,12,r15_c12,validation
15,13,r15_c13,train
15,14,r15_c14,train
15,15,r15_c15,train
15,16,r15_c16,train
15,17,r15_c17,train
15,18,r15_c18,train
15,19,r15_c19,train
15,20,r15_c20,test
15,21,r15_c21,test
15,22,r15_c22,test
15,23,r15_c23,train
15,24,r15_c24,train
15,25,r15_c25,test
15,26,r15_c26,train
15,27,r15_c27,validation
15,28,r15_c28,train
15,29,r15_c29,train
15,30,r15_c30,test
15,31,r15_c31,train
15,32,r15_c32,train
15,33,r15_c33,train
15,34,r15_c34,train
15,35,r15_c35,train
15,36,r15_c36,validation
15,37,r15_c37,validation
15,38,r15_c38,validation
15,39,r15_c39,train
15,40,r15_c40,train
15,41,r15_c41,train
15,42,r15_c42,validation
15,43,r15_c43,train
15,44,r15_c44,train
15,45,r15_c45,train
15,46,r15_c46,validation
15,47,r15_c47,train
15,48,r15_c48,train
15,49,r15_c49,train
15,50,r15_c50,train
15,51,r15_c51,train
15,52,r15_c52,train
15,53,r15_c53,train
15,54,r15_c54,train
15,55,r15_c55,train
15,56,r15_c56,train
15,57,r15_c57,train
15,58,r15_c58,train
15,59,r15_c59,train
15,60,r15_c60,train
15,61,r15_c61,train
15,62,r15_c62,train
15,63,r15_c63,train
15,64,r15_c64,validation
15,65,r15_c65,train
15,66,r15_c66,train
15,67,r15_c67,train
15,68,r15_c68,train
15,69,r15_c69,train
15,70,r15_c70,train
15,71,r15_c71,validation
15,72,r15_c72,train
15,73,r15_c73,train
15,74,r15_c74,train
15,75,r15_c75,test
15,76,r15_c76,train
15,77,r15_c77,train
15,78,r15_c78,test
15,79,r15_c79,train
15,80,r15_c80,train
15,81,r15_c81,train
15,82,r15_c82,validation
15,83,r15_c83,train
15,84,r15_c84,test
15,85,r15_c85,train
15,86,r15_c86,train
15,87,r15_c87,train
15,88,r15_c88,validation
15,89,r15_c89,train
15,90,r15_c90,train
15,91,r15_c91,train
15,92,r15_c92,train
15,93,r15_c93,test
15,94,r15_c94,train
15,95,r15_c95,train
15,96,r15_c96,train
15,97,r15_c97,train
15,98,r15_c98,test
15,99,r15_c99,validation
15,100,r15_c100,train
15,101,r15_c101,train
15,102,r15_c102,validation
15,103,r15_c103,train
15,104,r15_c104,train
15,105,r15_c105,train
15,106,r15_c106,test
15,107,r15_c107,test
15,108,r15_c108,train
15,109,r15_c109,validation
15,110,r15_c110,validation
15,111,r15_c111,train
15,112,r15_c112,validation
15,113,r15_c113,train
15,114,r15_c114,train
15,115,r15_c115,train
15,116,r15_c116,train
15,117,r15_c117,train
15,118,r15_c118,train
15,119,r15_c119,train
15,120,r15_c120,train
15,121,r15_c121,train
15,122,r15_c122,test
15,123,r15_c123,validation
15,124,r15_c124,train
15,125,r15_c125,train
15,126,r15_c126,train
16,0,r16_c0,train
16,1,r16_c1,validation
16,2,r16_c2,test
16,3,r16_c3,validation
16,4,r16_c4,validation
16,5,r16_c5,train
16,6,r16_c6,train
16,7,r16_c7,train
16,8,r16_c8,train
16,9,r16_c9,test
16,10,r16_c10,train
16,11,r16_c11,test
16,12,r16_c12,train
16,13,r16_c13,train
16,14,r16_c14,train
16,15,r16_c15,train
16,16,r16_c16,train
16,17,r16_c17,validation
16,18,r16_c18,validation
16,19,r16_c19,test
16,20,r16_c20,train
16,21,r16_c21,test
16,22,r16_c22,train
16,23,r16_c23,train
16,24,r16_c24,train
16,25,r16_c25,train
16,26,r16_c26,train
16,27,r16_c27,train
16,28,r16_c28,test
16,29,r16_c29,train
16,30,r16_c30,test
16,31,r16_c31,train
16,32,r16_c32,test
16,33,r16_c33,train
16,34,r16_c34,train
16,35,r16_c35,test
16,36,r16_c36,train
16,37,r16_c37,validation
16,38,r16_c38,test
16,39,r16_c39,train
16,40,r16_c40,test
16,41,r16_c41,test
16,42,r16_c42,validation
16,43,r16_c43,test
16,44,r16_c44,test
16,45,r16_c45,train
16,46,r16_c46,train
16,47,r16_c47,train
16,48,r16_c48,validation
16,49,r16_c49,validation
16,50,r16_c50,train
16,51,r16_c51,train
16,52,r16_c52,train
16,53,r16_c53,test
16,54,r16_c54,test
16,55,r16_c55,train
16,56,r16_c56,test
16,57,r16_c57,validation
16,58,r16_c58,test
16,59,r16_c59,train
16,60,r16_c60,test
16,61,r16_c61,train
16,62,r16_c62,test
16,63,r16_c63,train
16,64,r16_c64,test
16,65,r16_c65,train
16,66,r16_c66,train
16,67,r16_c67,validation
16,68,r16_c68,train
16,69,r16_c69,train
16,70,r16_c70,validation
16,71,r16_c71,validation
16,72,r16_c72,train
16,73,r16_c73,train
16,74,r16_c74,test
16,75,r16_c75,train
16,76,r16_c76,train
16,77,r16_c77,train
16,78,r16_c78,train
16,79,r16_c79,test
16,80,r16_c80,train
16,81,r16_c81,test
16,82,r16_c82,train
16,83,r16_c83,train
16,84,r16_c84,train
16,85,r16_c85,train
16,86,r16_c86,train
16,87,r16_c87,train
16,88,r16_c88,validation
16,89,r16_c89,train
16,90,r16_c90,train
16,91,r16_c91,validation
16,92,r16_c92,validation
16,93,r16_c93,train
16,94,r16_c94,train
16,95,r16_c95,train
16,96,r16_c96,train
16,97,r16_c97,test
16,98,r16_c98,train
16,99,r16_c99,train
16,100,r16_c100,train
16,101,r16_c101,train
16,102,r16_c102,train
16,103,r16_c103,train
16,104,r16_c104,train
16,105,r16_c105,train
16,106,r16_c106,train
16,107,r16_c107,validation
16,108,r16_c108,train
16,109,r16_c109,test
16,110,r16_c110,validation
16,111,r16_c111,test
16,112,r16_c112,train
16,113,r16_c113,train
16,114,r16_c114,train
16,115,r16_c115,validation
16,116,r16_c116,validation
16,117,r16_c117,train
16,118,r16_c118,train
16,119,r16_c119,train
16,120,r16_c120,train
16,121,r16_c121,test
16,122,r16_c122,train
16,123,r16_c123,train
16,124,r16_c124,test
16,125,r16_c125,validation
16,126,r16_c126,train
17,0,r17_c0,validation
17,1,r17_c1,train
17,2,r17_c2,train
17,3,r17_c3,train
17,4,r17_c4,train
17,5,r17_c5,train
17,6,r17_c6,test
17,7,r17_c7,train
17,8,r17_c8,train
17,9,r17_c9,train
17,10,r17_c10,train
17,11,r17_c11,train
17,12,r17_c12,test
17,13,r17_c13,train
17,14,r17_c14,train
17,15,r17_c15,validation
17,16,r17_c16,train
17,17,r17_c17,test
17,18,r17_c18,train
17,19,r17_c19,train
17,20,r17_c20,train
17,21,r17_c21,train
17,22,r17_c22,train
17,23,r17_c23,train
17,24,r17_c24,train
17,25,r17_c25,validation
17,26,r17_c26,validation
17,27,r17_c27,train
17,28,r17_c28,test
17,29,r17_c29,train
17,30,r17_c30,train
17,31,r17_c31,train
17,32,r17_c32,train
17,33,r17_c33,train
17,34,r17_c34,test
17,35,r17_c35,train
17,36,r17_c36,test
17,37,r17_c37,train
17,38,r17_c38,validation
17,39,r17_c39,test
17,40,r17_c40,train
17,41,r17_c41,train
17,42,r17_c42,train
17,43,r17_c43,train
17,44,r17_c44,train
17,45,r17_c45,train
17,46,r17_c46,train
17,47,r17_c47,train
17,48,r17_c48,train
17,49,r17_c49,train
17,50,r17_c50,train
17,51,r17_c51,validation
17,52,r17_c52,test
17,53,r17_c53,train
17,54,r17_c54,validation
17,55,r17_c55,train
17,56,r17_c56,validation
17,57,r17_c57,test
17,58,r17_c58,test
17,59,r17_c59,train
17,60,r17_c60,train
17,61,r17_c61,train
17,62,r17_c62,train
17,63,r17_c63,train
17,64,r17_c64,train
17,65,r17_c65,train
17,66,r17_c66,train
17,67,r17_c67,train
17,68,r17_c68,validation
17,69,r17_c69,train
17,70,r17_c70,train
17,71,r17_c71,train
17,72,r17_c72,train
17,73,r17_c73,validation
17,74,r17_c74,train
17,75,r17_c75,validation
17,76,r17_c76,train
17,77,r17_c77,test
17,78,r17_c78,train
17,79,r17_c79,train
17,80,r17_c80,train
17,81,r17_c81,train
17,82,r17_c82,train
17,83,r17_c83,validation
17,84,r17_c84,train
17,85,r17_c85,test
17,86,r17_c86,train
17,87,r17_c87,validation
17,88,r17_c88,train
17,89,r17_c89,test
17,90,r17_c90,test
17,91,r17_c91,test
17,92,r17_c92,train
17,93,r17_c93,train
17,94,r17_c94,train
17,95,r17_c95,validation
17,96,r17_c96,train
17,97,r17_c97,train
17,98,r17_c98,train
17,99,r17_c99,validation
17,100,r17_c100,test
17,101,r17_c101,test
17,102,r17_c102,train
17,103,r17_c103,train
17,104,r17_c104,train
17,105,r17_c105,test
17,106,r17_c106,train
17,107,r17_c107,train
17,108,r17_c108,test
17,109,r17_c109,train
17,110,r17_c110,test
17,111,r17_c111,train
17,112,r17_c112,validation
17,113,r17_c113,train
17,114,r17_c114,train
17,115,r17_c115,test
17,116,r17_c116,train
17,117,r17_c117,train
17,118,r17_c118,train
17,119,r17_c119,train
17,120,r17_c120,train
17,121,r17_c121,train
17,122,r17_c122,train
17,123,r17_c123,train
17,124,r17_c124,train
17,125,r17_c125,validation
17,126,r17_c126,train
18,0,r18_c0,validation
18,1,r18_c1,train
18,2,r18_c2,train
18,3,r18_c3,train
18,4,r18_c4,test
18,5,r18_c5,test
18,6,r18_c6,train
18,7,r18_c7,train
18,8,r18_c8,validation
18,9,r18_c9,train
18,10,r18_c10,train
18,11,r18_c11,train
18,12,r18_c12,train
18,13,r18_c13,train
18,14,r18_c14,validation
18,15,r18_c15,train
18,16,r18_c16,train
18,17,r18_c17,train
18,18,r18_c18,train
18,19,r18_c19,train
18,20,r18_c20,train
18,21,r18_c21,train
18,22,r18_c22,train
18,23,r18_c23,train
18,24,r18_c24,train
18,25,r18_c25,test
18,26,r18_c26,train
18,27,r18_c27,train
18,28,r18_c28,test
18,29,r18_c29,train
18,30,r18_c30,test
18,31,r18_c31,validation
18,32,r18_c32,train
18,33,r18_c33,test
18,34,r18_c34,train
18,35,r18_c35,train
18,36,r18_c36,train
18,37,r18_c37,train
18,38,r18_c38,test
18,39,r18_c39,train
18,40,r18_c40,test
18,41,r18_c41,train
18,42,r18_c42,train
18,43,r18_c43,train
18,44,r18_c44,train
18,45,r18_c45,train
18,46,r18_c46,train
18,47,r18_c47,train
18,48,r18_c48,train
18,49,r18_c49,test
18,50,r18_c50,train
18,51,r18_c51,train
18,52,r18_c52,train
18,53,r18_c53,train
18,54,r18_c54,train
18,55,r18_c55,train
18,56,r18_c56,test
18,57,r18_c57,train
18,58,r18_c58,validation
18,59,r18_c59,test
18,60,r18_c60,train
18,61,r18_c61,train
18,62,r18_c62,train
18,63,r18_c63,validation
18,64,r18_c64,test
18,65,r18_c65,train
18,66,r18_c66,validation
18,67,r18_c67,train
18,68,r18_c68,train
18,69,r18_c69,train
18,70,r18_c70,train
18,71,r18_c71,train
18,72,r18_c72,train
18,73,r18_c73,validation
18,74,r18_c74,train
18,75,r18_c75,validation
18,76,r18_c76,test
18,77,r18_c77,train
18,78,r18_c78,train
18,79,r18_c79,train
18,80,r18_c80,train
18,81,r18_c81,train
18,82,r18_c82,train
18,83,r18_c83,train
18,84,r18_c84,train
18,85,r18_c85,train
18,86,r18_c86,train
18,87,r18_c87,train
18,88,r18_c88,validation
18,89,r18_c89,validation
18,90,r18_c90,train
18,91,r18_c91,test
18,92,r18_c92,validation
18,93,r18_c93,train
18,94,r18_c94,test
18,95,r18_c95,test
18,96,r18_c96,train
18,97,r18_c97,test
18,98,r18_c98,validation
18,99,r18_c99,train
18,100,r18_c100,validation
18,101,r18_c101,train
18,102,r18_c102,train
18,103,r18_c103,train
18,104,r18_c104,train
18,105,r18_c105,validation
18,106,r18_c106,validation
18,107,r18_c107,train
18,108,r18_c108,train
18,109,r18_c109,train
18,110,r18_c110,train
18,111,r18_c111,train
18,112,r18_c112,train
18,113,r18_c113,train
18,114,r18_c114,train
18,115,r18_c115,train
18,116,r18_c116,train
18,117,r18_c117,train
18,118,r18_c118,train
18,119,r18_c119,train
18,120,r18_c120,train
18,121,r18_c121,test
18,122,r18_c122,validation
18,123,r18_c123,validation
18,124,r18_c124,train
18,125,r18_c125,train
18,126,r18_c126,test
19,0,r19_c0,train
19,1,r19_c1,train
19,2,r19_c2,train
19,3,r19_c3,train
19,4,r19_c4,train
19,5,r19_c5,train
19,6,r19_c6,train
19,7,r19_c7,train
19,8,r19_c8,validation
19,9,r19_c9,train
19,10,r19_c10,train
19,11,r19_c11,train
19,12,r19_c12,train
19,13,r19_c13,train
19,14,r19_c14,train
19,15,r19_c15,train
19,16,r19_c16,train
19,17,r19_c17,train
19,18,r19_c18,train
19,19,r19_c19,train
19,20,r19_c20,train
19,21,r19_c21,train
19,22,r19_c22,train
19,23,r19_c23,train
19,24,r19_c24,test
19,25,r19_c25,validation
19,26,r19_c26,validation
19,27,r19_c27,train
19,28,r19_c28,validation
19,29,r19_c29,train
19,30,r19_c30,train
19,31,r19_c31,train
19,32,r19_c32,test
19,33,r19_c33,test
19,34,r19_c34,validation
19,35,r19_c35,train
19,36,r19_c36,train
19,37,r19_c37,train
19,38,r19_c38,train
19,39,r19_c39,train
19,40,r19_c40,train
19,41,r19_c41,test
19,42,r19_c42,test
19,43,r19_c43,validation
19,44,r19_c44,train
19,45,r19_c45,train
19,46,r19_c46,train
19,47,r19_c47,train
19,48,r19_c48,test
19,49,r19_c49,test
19,50,r19_c50,validation
19,51,r19_c51,validation
19,52,r19_c52,train
19,53,r19_c53,train
19,54,r19_c54,test
19,55,r19_c55,train
19,56,r19_c56,train
19,57,r19_c57,validation
19,58,r19_c58,train
19,59,r19_c59,train
19,60,r19_c60,train
19,61,r19_c61,train
19,62,r19_c62,train
19,63,r19_c63,train
19,64,r19_c64,train
19,65,r19_c65,train
19,66,r19_c66,train
19,67,r19_c67,train
19,68,r19_c68,train
19,69,r19_c69,test
19,70,r19_c70,train
19,71,r19_c71,train
19,72,r19_c72,train
19,73,r19_c73,train
19,74,r19_c74,train
19,75,r19_c75,train
19,76,r19_c76,train
19,77,r19_c77,validation
19,78,r19_c78,train
19,79,r19_c79,train
19,80,r19_c80,validation
19,81,r19_c81,train
19,82,r19_c82,train
19,83,r19_c83,train
19,84,r19_c84,train
19,85,r19_c85,train
19,86,r19_c86,train
19,87,r19_c87,train
19,88,r19_c88,validation
19,89,r19_c89,train
19,90,r19_c90,train
19,91,r19_c91,test
19,92,r19_c92,train
19,93,r19_c93,validation
19,94,r19_c94,validation
19,95,r19_c95,train
19,96,r19_c96,validation
19,97,r19_c97,train
19,98,r19_c98,train
19,99,r19_c99,train
19,100,r19_c100,train
19,101,r19_c101,train
19,102,r19_c102,train
19,103,r19_c103,test
19,104,r19_c104,train
19,105,r19_c105,train
19,106,r19_c106,validation
19,107,r19_c107,train
19,108,r19_c108,train
19,109,r19_c109,validation
19,110,r19_c110,train
19,111,r19_c111,train
19,112,r19_c112,train
19,113,r19_c113,train
19,114,r19_c114,test
19,115,r19_c115,train
19,116,r19_c116,train
19,117,r19_c117,validation
19,118,r19_c118,test
19,119,r19_c119,validation
19,120,r19_c120,test
19,121,r19_c121,validation
19,122,r19_c122,train
19,123,r19_c123,validation
19,124,r19_c124,train
19,125,r19_c125,validation
19,126,r19_c126,validation
20,0,r20_c0,validation
20,1,r20_c1,train
20,2,r20_c2,test
20,3,r20_c3,train
20,4,r20_c4,train
20,5,r20_c5,train
20,6,r20_c6,train
20,7,r20_c7,train
20,8,r20_c8,test
20,9,r20_c9,validation
20,10,r20_c10,test
20,11,r20_c11,train
20,12,r20_c12,train
20,13,r20_c13,test
20,14,r20_c14,train
20,15,r20_c15,test
20,16,r20_c16,validation
20,17,r20_c17,validation
20,18,r20_c18,test
20,19,r20_c19,train
20,20,r20_c20,train
20,21,r20_c21,train
20,22,r20_c22,train
20,23,r20_c23,train
20,24,r20_c24,validation
20,25,r20_c25,train
20,26,r20_c26,train
20,27,r20_c27,train
20,28,r20_c28,validation
20,29,r20_c29,train
20,30,r20_c30,test
20,31,r20_c31,test
20,32,r20_c32,validation
20,33,r20_c33,train
20,34,r20_c34,validation
20,35,r20_c35,train
20,36,r20_c36,train
20,37,r20_c37,train
20,38,r20_c38,train
20,39,r20_c39,train
20,40,r20_c40,test
20,41,r20_c41,train
20,42,r20_c42,train
20,43,r20_c43,train
20,44,r20_c44,train
20,45,r20_c45,train
20,46,r20_c46,train
20,47,r20_c47,train
20,48,r20_c48,test
20,49,r20_c49,train
20,50,r20_c50,test
20,51,r20_c51,train
20,52,r20_c52,train
20,53,r20_c53,train
20,54,r20_c54,train
20,55,r20_c55,validation
20,56,r20_c56,train
20,57,r20_c57,test
20,58,r20_c58,train
20,59,r20_c59,train
20,60,r20_c60,train
20,61,r20_c61,validation
20,62,r20_c62,train
20,63,r20_c63,train
20,64,r20_c64,validation
20,65,r20_c65,train
20,66,r20_c66,train
20,67,r20_c67,test
20,68,r20_c68,train
20,69,r20_c69,validation
20,70,r20_c70,train
20,71,r20_c71,train
20,72,r20_c72,train
20,73,r20_c73,train
20,74,r20_c74,train
20,75,r20_c75,train
20,76,r20_c76,train
20,77,r20_c77,test
20,78,r20_c78,train
20,79,r20_c79,train
20,80,r20_c80,test
20,81,r20_c81,train
20,82,r20_c82,train
20,83,r20_c83,train
20,84,r20_c84,train
20,85,r20_c85,train
20,86,r20_c86,train
20,87,r20_c87,test
20,88,r20_c88,test
20,89,r20_c89,train
20,90,r20_c90,train
20,91,r20_c91,train
20,92,r20_c92,test
20,93,r20_c93,train
20,94,r20_c94,train
20,95,r20_c95,validation
20,96,r20_c96,train
20,97,r20_c97,train
20,98,r20_c98,train
20,99,r20_c99,train
20,100,r20_c100,train
20,101,r20_c101,validation
20,102,r20_c102,train
20,103,r20_c103,train
20,104,r20_c104,train
20,105,r20_c105,train
20,106,r20_c106,test
20,107,r20_c107,train
20,108,r20_c108,train
20,109,r20_c109,validation
20,110,r20_c110,train
20,111,r20_c111,train
20,112,r20_c112,train
20,113,r20_c113,train
20,114,r20_c114,train
20,115,r20_c115,test
20,116,r20_c116,train
20,117,r20_c117,validation
20,118,r20_c118,train
20,119,r20_c119,train
20,120,r20_c120,validation
20,121,r20_c121,train
20,122,r20_c122,train
20,123,r20_c123,train
20,124,r20_c124,validation
20,125,r20_c125,train
20,126,r20_c126,train
21,0,r21_c0,train
21,1,r21_c1,validation
21,2,r21_c2,train
21,3,r21_c3,train
21,4,r21_c4,train
21,5,r21_c5,train
21,6,r21_c6,train
21,7,r21_c7,train
21,8,r21_c8,validation
21,9,r21_c9,train
21,10,r21_c10,train
21,11,r21_c11,train
21,12,r21_c12,train
21,13,r21_c13,train
21,14,r21_c14,train
21,15,r21_c15,test
21,16,r21_c16,test
21,17,r21_c17,train
21,18,r21_c18,validation
21,19,r21_c19,test
21,20,r21_c20,train
21,21,r21_c21,validation
21,22,r21_c22,train
21,23,r21_c23,test
21,24,r21_c24,train
21,25,r21_c25,validation
21,26,r21_c26,train
21,27,r21_c27,train
21,28,r21_c28,train
21,29,r21_c29,train
21,30,r21_c30,test
21,31,r21_c31,validation
21,32,r21_c32,train
21,33,r21_c33,train
21,34,r21_c34,train
21,35,r21_c35,train
21,36,r21_c36,train
21,37,r21_c37,train
21,38,r21_c38,train
21,39,r21_c39,train
21,40,r21_c40,train
21,41,r21_c41,train
21,42,r21_c42,train
21,43,r21_c43,train
21,44,r21_c44,train
21,45,r21_c45,train
21,46,r21_c46,train
21,47,r21_c47,train
21,48,r21_c48,train
21,49,r21_c49,test
21,50,r21_c50,validation
21,51,r21_c51,validation
21,52,r21_c52,train
21,53,r21_c53,train
21,54,r21_c54,test
21,55,r21_c55,train
21,56,r21_c56,train
21,57,r21_c57,train
21,58,r21_c58,train
21,59,r21_c59,train
21,60,r21_c60,test
21,61,r21_c61,validation
21,62,r21_c62,train
21,63,r21_c63,train
21,64,r21_c64,validation
21,65,r21_c65,train
21,66,r21_c66,train
21,67,r21_c67,train
21,68,r21_c68,train
21,69,r21_c69,train
21,70,r21_c70,train
21,71,r21_c71,train
21,72,r21_c72,train
21,73,r21_c73,train
21,74,r21_c74,train
21,75,r21_c75,train
21,76,r21_c76,test
21,77,r21_c77,test
21,78,r21_c78,train
21,79,r21_c79,train
21,80,r21_c80,train
21,81,r21_c81,validation
21,82,r21_c82,train
21,83,r21_c83,train
21,84,r21_c84,train
21,85,r21_c85,validation
21,86,r21_c86,validation
21,87,r21_c87,train
21,88,r21_c88,train
21,89,r21_c89,train
21,90,r21_c90,test
21,91,r21_c91,test
21,92,r21_c92,train
21,93,r21_c93,train
21,94,r21_c94,validation
21,95,r21_c95,train
21,96,r21_c96,test
21,97,r21_c97,train
21,98,r21_c98,train
21,99,r21_c99,test
21,100,r21_c100,train
21,101,r21_c101,train
21,102,r21_c102,train
21,103,r21_c103,train
21,104,r21_c104,test
21,105,r21_c105,validation
21,106,r21_c106,train
21,107,r21_c107,train
21,108,r21_c108,validation
21,109,r21_c109,train
21,110,r21_c110,train
21,111,r21_c111,train
21,112,r21_c112,train
21,113,r21_c113,train
21,114,r21_c114,train
21,115,r21_c115,test
21,116,r21_c116,validation
21,117,r21_c117,train
21,118,r21_c118,train
21,119,r21_c119,train
21,120,r21_c120,test
21,121,r21_c121,test
21,122,r21_c122,train
21,123,r21_c123,validation
21,124,r21_c124,test
21,125,r21_c125,train
21,126,r21_c126,train
22,0,r22_c0,train
22,1,r22_c1,train
22,2,r22_c2,train
22,3,r22_c3,train
22,4,r22_c4,train
22,5,r22_c5,validation
22,6,r22_c6,train
22,7,r22_c7,train
22,8,r22_c8,validation
22,9,r22_c9,train
22,10,r22_c10,validation
22,11,r22_c11,validation
22,12,r22_c12,validation
22,13,r22_c13,train
22,14,r22_c14,train
22,15,r22_c15,train
22,16,r22_c16,test
22,17,r22_c17,validation
22,18,r22_c18,train
22,19,r22_c19,validation
22,20,r22_c20,train
22,21,r22_c21,train
22,22,r22_c22,train
22,23,r22_c23,test
22,24,r22_c24,test
22,25,r22_c25,train
22,26,r22_c26,test
22,27,r22_c27,train
22,28,r22_c28,validation
22,29,r22_c29,train
22,30,r22_c30,test
22,31,r22_c31,train
22,32,r22_c32,test
22,33,r22_c33,train
22,34,r22_c34,test
22,35,r22_c35,train
22,36,r22_c36,validation
22,37,r22_c37,train
22,38,r22_c38,train
22,39,r22_c39,train
22,40,r22_c40,train
22,41,r22_c41,train
22,42,r22_c42,train
22,43,r22_c43,train
22,44,r22_c44,validation
22,45,r22_c45,train
22,46,r22_c46,train
22,47,r22_c47,train
22,48,r22_c48,train
22,49,r22_c49,train
22,50,r22_c50,train
22,51,r22_c51,train
22,52,r22_c52,train
22,53,r22_c53,test
22,54,r22_c54,train
22,55,r22_c55,test
22,56,r22_c56,train
22,57,r22_c57,train
22,58,r22_c58,train
22,59,r22_c59,train
22,60,r22_c60,train
22,61,r22_c61,train
22,62,r22_c62,validation
22,63,r22_c63,train
22,64,r22_c64,train
22,65,r22_c65,train
22,66,r22_c66,test
22,67,r22_c67,test
22,68,r22_c68,validation
22,69,r22_c69,train
22,70,r22_c70,train
22,71,r22_c71,train
22,72,r22_c72,train
22,73,r22_c73,train
22,74,r22_c74,train
22,75,r22_c75,train
22,76,r22_c76,test
22,77,r22_c77,train
22,78,r22_c78,train
22,79,r22_c79,train
22,80,r22_c80,train
22,81,r22_c81,validation
22,82,r22_c82,test
22,83,r22_c83,train
22,84,r22_c84,train
22,85,r22_c85,test
22,86,r22_c86,train
22,87,r22_c87,test
22,88,r22_c88,train
22,89,r22_c89,validation
22,90,r22_c90,validation
22,91,r22_c91,test
22,92,r22_c92,train
22,93,r22_c93,test
22,94,r22_c94,train
22,95,r22_c95,train
22,96,r22_c96,test
22,97,r22_c97,train
22,98,r22_c98,train
22,99,r22_c99,train
22,100,r22_c100,train
22,101,r22_c101,train
22,102,r22_c102,train
22,103,r22_c103,train
22,104,r22_c104,train
22,105,r22_c105,test
22,106,r22_c106,train
22,107,r22_c107,train
22,108,r22_c108,train
22,109,r22_c109,train
22,110,r22_c110,validation
22,111,r22_c111,train
22,112,r22_c112,train
22,113,r22_c113,train
22,114,r22_c114,validation
22,115,r22_c115,validation
22,116,r22_c116,test
22,117,r22_c117,test
22,118,r22_c118,train
22,119,r22_c119,test
22,120,r22_c120,validation
22,121,r22_c121,train
22,122,r22_c122,train
22,123,r22_c123,train
22,124,r22_c124,train
22,125,r22_c125,validation
22,126,r22_c126,test
23,0,r23_c0,train
23,1,r23_c1,train
23,2,r23_c2,train
23,3,r23_c3,test
23,4,r23_c4,validation
23,5,r23_c5,train
23,6,r23_c6,validation
23,7,r23_c7,validation
23,8,r23_c8,train
23,9,r23_c9,train
23,10,r23_c10,train
23,11,r23_c11,validation
23,12,r23_c12,test
23,13,r23_c13,train
23,14,r23_c14,train
23,15,r23_c15,test
23,16,r23_c16,train
23,17,r23_c17,validation
23,18,r23_c18,validation
23,19,r23_c19,validation
23,20,r23_c20,train
23,21,r23_c21,validation
23,22,r23_c22,test
23,23,r23_c23,train
23,24,r23_c24,validation
23,25,r23_c25,validation
23,26,r23_c26,validation
23,27,r23_c27,train
23,28,r23_c28,train
23,29,r23_c29,train
23,30,r23_c30,train
23,31,r23_c31,train
23,32,r23_c32,validation
23,33,r23_c33,train
23,34,r23_c34,train
23,35,r23_c35,train
23,36,r23_c36,train
23,37,r23_c37,validation
23,38,r23_c38,train
23,39,r23_c39,test
23,40,r23_c40,train
23,41,r23_c41,train
23,42,r23_c42,train
23,43,r23_c43,validation
23,44,r23_c44,train
23,45,r23_c45,train
23,46,r23_c46,train
23,47,r23_c47,test
23,48,r23_c48,train
23,49,r23_c49,train
23,50,r23_c50,train
23,51,r23_c51,train
23,52,r23_c52,train
23,53,r23_c53,train
23,54,r23_c54,test
23,55,r23_c55,train
23,56,r23_c56,validation
23,57,r23_c57,train
23,58,r23_c58,train
23,59,r23_c59,validation
23,60,r23_c60,train
23,61,r23_c61,train
23,62,r23_c62,validation
23,63,r23_c63,train
23,64,r23_c64,train
23,65,r23_c65,train
23,66,r23_c66,test
23,67,r23_c67,train
23,68,r23_c68,train
23,69,r23_c69,train
23,70,r23_c70,test
23,71,r23_c71,train
23,72,r23_c72,train
23,73,r23_c73,train
23,74,r23_c74,train
23,75,r23_c75,test
23,76,r23_c76,train
23,77,r23_c77,train
23,78,r23_c78,train
23,79,r23_c79,train
23,80,r23_c80,train
23,81,r23_c81,validation
23,82,r23_c82,train
23,83,r23_c83,test
23,84,r23_c84,train
23,85,r23_c85,train
23,86,r23_c86,train
23,87,r23_c87,train
23,88,r23_c88,train
23,89,r23_c89,test
23,90,r23_c90,train
23,91,r23_c91,train
23,92,r23_c92,train
23,93,r23_c93,validation
23,94,r23_c94,train
23,95,r23_c95,train
23,96,r23_c96,train
23,97,r23_c97,train
23,98,r23_c98,train
23,99,r23_c99,train
23,100,r23_c100,validation
23,101,r23_c101,train
23,102,r23_c102,test
23,103,r23_c103,test
23,104,r23_c104,train
23,105,r23_c105,test
23,106,r23_c106,train
23,107,r23_c107,validation
23,108,r23_c108,train
23,109,r23_c109,train
23,110,r23_c110,train
23,111,r23_c111,train
23,112,r23_c112,train
23,113,r23_c113,train
23,114,r23_c114,train
23,115,r23_c115,train
23,116,r23_c116,train
23,117,r23_c117,train
23,118,r23_c118,train
23,119,r23_c119,train
23,120,r23_c120,train
23,121,r23_c121,test
23,122,r23_c122,train
23,123,r23_c123,train
23,124,r23_c124,train
23,125,r23_c125,train
23,126,r23_c126,test
24,0,r24_c0,train
24,1,r24_c1,train
24,2,r24_c2,train
24,3,r24_c3,test
24,4,r24_c4,train
24,5,r24_c5,train
24,6,r24_c6,train
24,7,r24_c7,test
24,8,r24_c8,train
24,9,r24_c9,validation
24,10,r24_c10,test
24,11,r24_c11,train
24,12,r24_c12,train
24,13,r24_c13,test
24,14,r24_c14,train
24,15,r24_c15,train
24,16,r24_c16,train
24,17,r24_c17,train
24,18,r24_c18,test
24,19,r24_c19,test
24,20,r24_c20,test
24,21,r24_c21,train
24,22,r24_c22,test
24,23,r24_c23,train
24,24,r24_c24,train
24,25,r24_c25,train
24,26,r24_c26,train
24,27,r24_c27,train
24,28,r24_c28,validation
24,29,r24_c29,train
24,30,r24_c30,train
24,31,r24_c31,test
24,32,r24_c32,train
24,33,r24_c33,train
24,34,r24_c34,train
24,35,r24_c35,train
24,36,r24_c36,validation
24,37,r24_c37,train
24,38,r24_c38,validation
24,39,r24_c39,train
24,40,r24_c40,train
24,41,r24_c41,train
24,42,r24_c42,validation
24,43,r24_c43,train
24,44,r24_c44,train
24,45,r24_c45,train
24,46,r24_c46,train
24,47,r24_c47,train
24,48,r24_c48,validation
24,49,r24_c49,validation
24,50,r24_c50,validation
24,51,r24_c51,train
24,52,r24_c52,train
24,53,r24_c53,train
24,54,r24_c54,test
24,55,r24_c55,test
24,56,r24_c56,train
24,57,r24_c57,train
24,58,r24_c58,train
24,59,r24_c59,validation
24,60,r24_c60,train
24,61,r24_c61,train
24,62,r24_c62,train
24,63,r24_c63,train
24,64,r24_c64,train
24,65,r24_c65,train
24,66,r24_c66,train
24,67,r24_c67,train
24,68,r24_c68,train
24,69,r24_c69,train
24,70,r24_c70,train
24,71,r24_c71,train
24,72,r24_c72,train
24,73,r24_c73,train
24,74,r24_c74,validation
24,75,r24_c75,train
24,76,r24_c76,train
24,77,r24_c77,train
24,78,r24_c78,train
24,79,r24_c79,train
24,80,r24_c80,train
24,81,r24_c81,train
24,82,r24_c82,train
24,83,r24_c83,train
24,84,r24_c84,train
24,85,r24_c85,train
24,86,r24_c86,train
24,87,r24_c87,train
24,88,r24_c88,validation
24,89,r24_c89,train
24,90,r24_c90,train
24,91,r24_c91,test
24,92,r24_c92,validation
24,93,r24_c93,train
24,94,r24_c94,test
24,95,r24_c95,train
24,96,r24_c96,train
24,97,r24_c97,validation
24,98,r24_c98,train
24,99,r24_c99,train
24,100,r24_c100,validation
24,101,r24_c101,train
24,102,r24_c102,test
24,103,r24_c103,train
24,104,r24_c104,test
24,105,r24_c105,train
24,106,r24_c106,validation
24,107,r24_c107,validation
24,108,r24_c108,train
24,109,r24_c109,train
24,110,r24_c110,train
24,111,r24_c111,train
24,112,r24_c112,train
24,113,r24_c113,train
24,114,r24_c114,train
24,115,r24_c115,train
24,116,r24_c116,train
24,117,r24_c117,test
24,118,r24_c118,train
24,119,r24_c119,train
24,120,r24_c120,validation
24,121,r24_c121,train
24,122,r24_c122,validation
24,123,r24_c123,train
24,124,r24_c124,test
24,125,r24_c125,train
24,126,r24_c126,train
25,0,r25_c0,train
25,1,r25_c1,train
25,2,r25_c2,test
25,3,r25_c3,train
25,4,r25_c4,train
25,5,r25_c5,train
25,6,r25_c6,train
25,7,r25_c7,train
25,8,r25_c8,train
25,9,r25_c9,train
25,10,r25_c10,test
25,11,r25_c11,train
25,12,r25_c12,train
25,13,r25_c13,validation
25,14,r25_c14,train
25,15,r25_c15,train
25,16,r25_c16,test
25,17,r25_c17,test
25,18,r25_c18,train
25,19,r25_c19,train
25,20,r25_c20,train
25,21,r25_c21,validation
25,22,r25_c22,train
25,23,r25_c23,train
25,24,r25_c24,train
25,25,r25_c25,train
25,26,r25_c26,validation
25,27,r25_c27,train
25,28,r25_c28,train
25,29,r25_c29,test
25,30,r25_c30,train
25,31,r25_c31,train
25,32,r25_c32,validation
25,33,r25_c33,validation
25,34,r25_c34,validation
25,35,r25_c35,test
25,36,r25_c36,test
25,37,r25_c37,train
25,38,r25_c38,train
25,39,r25_c39,train
25,40,r25_c40,train
25,41,r25_c41,train
25,42,r25_c42,train
25,43,r25_c43,test
25,44,r25_c44,train
25,45,r25_c45,train
25,46,r25_c46,train
25,47,r25_c47,train
25,48,r25_c48,train
25,49,r25_c49,test
25,50,r25_c50,validation
25,51,r25_c51,train
25,52,r25_c52,test
25,53,r25_c53,train
25,54,r25_c54,train
25,55,r25_c55,train
25,56,r25_c56,train
25,57,r25_c57,train
25,58,r25_c58,train
25,59,r25_c59,train
25,60,r25_c60,test
25,61,r25_c61,train
25,62,r25_c62,train
25,63,r25_c63,validation
25,64,r25_c64,test
25,65,r25_c65,train
25,66,r25_c66,validation
25,67,r25_c67,train
25,68,r25_c68,train
25,69,r25_c69,train
25,70,r25_c70,test
25,71,r25_c71,train
25,72,r25_c72,train
25,73,r25_c73,train
25,74,r25_c74,train
25,75,r25_c75,test
25,76,r25_c76,validation
25,77,r25_c77,train
25,78,r25_c78,train
25,79,r25_c79,train
25,80,r25_c80,train
25,81,r25_c81,train
25,82,r25_c82,validation
25,83,r25_c83,test
25,84,r25_c84,train
25,85,r25_c85,train
25,86,r25_c86,validation
25,87,r25_c87,train
25,88,r25_c88,train
25,89,r25_c89,test
25,90,r25_c90,test
25,91,r25_c91,train
25,92,r25_c92,test
25,93,r25_c93,validation
25,94,r25_c94,test
25,95,r25_c95,train
25,96,r25_c96,train
25,97,r25_c97,train
25,98,r25_c98,train
25,99,r25_c99,validation
25,100,r25_c100,train
25,101,r25_c101,train
25,102,r25_c102,validation
25,103,r25_c103,test
25,104,r25_c104,train
25,105,r25_c105,train
25,106,r25_c106,validation
25,107,r25_c107,train
25,108,r25_c108,train
25,109,r25_c109,validation
25,110,r25_c110,test
25,111,r25_c111,train
25,112,r25_c112,train
25,113,r25_c113,test
25,114,r25_c114,test
25,115,r25_c115,train
25,116,r25_c116,validation
25,117,r25_c117,test
25,118,r25_c118,test
25,119,r25_c119,validation
25,120,r25_c120,train
25,121,r25_c121,train
25,122,r25_c122,validation
25,123,r25_c123,train
25,124,r25_c124,train
25,125,r25_c125,train
25,126,r25_c126,train
26,0,r26_c0,train
26,1,r26_c1,train
26,2,r26_c2,validation
26,3,r26_c3,train
26,4,r26_c4,train
26,5,r26_c5,train
26,6,r26_c6,train
26,7,r26_c7,train
26,8,r26_c8,validation
26,9,r26_c9,train
26,10,r26_c10,train
26,11,r26_c11,train
26,12,r26_c12,train
26,13,r26_c13,train
26,14,r26_c14,validation
26,15,r26_c15,train
26,16,r26_c16,test
26,17,r26_c17,validation
26,18,r26_c18,validation
26,19,r26_c19,train
26,20,r26_c20,train
26,21,r26_c21,test
26,22,r26_c22,train
26,23,r26_c23,train
26,24,r26_c24,train
26,25,r26_c25,validation
26,26,r26_c26,train
26,27,r26_c27,train
26,28,r26_c28,validation
26,29,r26_c29,train
26,30,r26_c30,train
26,31,r26_c31,train
26,32,r26_c32,train
26,33,r26_c33,train
26,34,r26_c34,train
26,35,r26_c35,validation
26,36,r26_c36,test
26,37,r26_c37,validation
26,38,r26_c38,train
26,39,r26_c39,train
26,40,r26_c40,train
26,41,r26_c41,validation
26,42,r26_c42,train
26,43,r26_c43,train
26,44,r26_c44,train
26,45,r26_c45,train
26,46,r26_c46,train
26,47,r26_c47,test
26,48,r26_c48,test
26,49,r26_c49,train
26,50,r26_c50,train
26,51,r26_c51,train
26,52,r26_c52,train
26,53,r26_c53,train
26,54,r26_c54,validation
26,55,r26_c55,train
26,56,r26_c56,test
26,57,r26_c57,test
26,58,r26_c58,validation
26,59,r26_c59,train
26,60,r26_c60,train
26,61,r26_c61,validation
26,62,r26_c62,train
26,63,r26_c63,test
26,64,r26_c64,validation
26,65,r26_c65,train
26,66,r26_c66,validation
26,67,r26_c67,train
26,68,r26_c68,train
26,69,r26_c69,train
26,70,r26_c70,validation
26,71,r26_c71,train
26,72,r26_c72,test
26,73,r26_c73,train
26,74,r26_c74,train
26,75,r26_c75,test
26,76,r26_c76,train
26,77,r26_c77,validation
26,78,r26_c78,train
26,79,r26_c79,test
26,80,r26_c80,train
26,81,r26_c81,train
26,82,r26_c82,test
26,83,r26_c83,validation
26,84,r26_c84,train
26,85,r26_c85,test
26,86,r26_c86,train
26,87,r26_c87,validation
26,88,r26_c88,train
26,89,r26_c89,train
26,90,r26_c90,train
26,91,r26_c91,train
26,92,r26_c92,train
26,93,r26_c93,train
26,94,r26_c94,train
26,95,r26_c95,test
26,96,r26_c96,validation
26,97,r26_c97,train
26,98,r26_c98,train
26,99,r26_c99,train
26,100,r26_c100,validation
26,101,r26_c101,train
26,102,r26_c102,train
26,103,r26_c103,test
26,104,r26_c104,train
26,105,r26_c105,test
26,106,r26_c106,validation
26,107,r26_c107,train
26,108,r26_c108,train
26,109,r26_c109,train
26,110,r26_c110,train
26,111,r26_c111,train
26,112,r26_c112,train
26,113,r26_c113,train
26,114,r26_c114,test
26,115,r26_c115,test
26,116,r26_c116,train
26,117,r26_c117,train
26,118,r26_c118,train
26,119,r26_c119,train
26,120,r26_c120,train
26,121,r26_c121,train
26,122,r26_c122,train
26,123,r26_c123,train
26,124,r26_c124,validation
26,125,r26_c125,train
26,126,r26_c126,train
27,0,r27_c0,train
27,1,r27_c1,train
27,2,r27_c2,train
27,3,r27_c3,test
27,4,r27_c4,train
27,5,r27_c5,train
27,6,r27_c6,train
27,7,r27_c7,train
27,8,r27_c8,train
27,9,r27_c9,train
27,10,r27_c10,train
27,11,r27_c11,validation
27,12,r27_c12,train
27,13,r27_c13,train
27,14,r27_c14,test
27,15,r27_c15,train
27,16,r27_c16,train
27,17,r27_c17,train
27,18,r27_c18,train
27,19,r27_c19,validation
27,20,r27_c20,train
27,21,r27_c21,validation
27,22,r27_c22,train
27,23,r27_c23,validation
27,24,r27_c24,train
27,25,r27_c25,train
27,26,r27_c26,train
27,27,r27_c27,train
27,28,r27_c28,train
27,29,r27_c29,train
27,30,r27_c30,train
27,31,r27_c31,train
27,32,r27_c32,train
27,33,r27_c33,train
27,34,r27_c34,train
27,35,r27_c35,train
27,36,r27_c36,train
27,37,r27_c37,train
27,38,r27_c38,validation
27,39,r27_c39,train
27,40,r27_c40,train
27,41,r27_c41,train
27,42,r27_c42,train
27,43,r27_c43,train
27,44,r27_c44,train
27,45,r27_c45,validation
27,46,r27_c46,train
27,47,r27_c47,train
27,48,r27_c48,test
27,49,r27_c49,train
27,50,r27_c50,validation
27,51,r27_c51,validation
27,52,r27_c52,train
27,53,r27_c53,train
27,54,r27_c54,train
27,55,r27_c55,train
27,56,r27_c56,train
27,57,r27_c57,test
27,58,r27_c58,validation
27,59,r27_c59,train
27,60,r27_c60,train
27,61,r27_c61,train
27,62,r27_c62,train
27,63,r27_c63,train
27,64,r27_c64,validation
27,65,r27_c65,train
27,66,r27_c66,validation
27,67,r27_c67,train
27,68,r27_c68,train
27,69,r27_c69,test
27,70,r27_c70,train
27,71,r27_c71,train
27,72,r27_c72,train
27,73,r27_c73,train
27,74,r27_c74,train
27,75,r27_c75,train
27,76,r27_c76,train
27,77,r27_c77,train
27,78,r27_c78,train
27,79,r27_c79,train
27,80,r27_c80,test
27,81,r27_c81,train
27,82,r27_c82,train
27,83,r27_c83,train
27,84,r27_c84,test
27,85,r27_c85,validation
27,86,r27_c86,validation
27,87,r27_c87,train
27,88,r27_c88,test
27,89,r27_c89,train
27,90,r27_c90,train
27,91,r27_c91,train
27,92,r27_c92,validation
27,93,r27_c93,train
27,94,r27_c94,train
27,95,r27_c95,validation
27,96,r27_c96,validation
27,97,r27_c97,train
27,98,r27_c98,train
27,99,r27_c99,train
27,100,r27_c100,train
27,101,r27_c101,validation
27,102,r27_c102,train
27,103,r27_c103,train
27,104,r27_c104,train
27,105,r27_c105,train
27,106,r27_c106,test
27,107,r27_c107,train
27,108,r27_c108,train
27,109,r27_c109,train
27,110,r27_c110,train
27,111,r27_c111,train
27,112,r27_c112,test
27,113,r27_c113,test
27,114,r27_c114,test
27,115,r27_c115,train
27,116,r27_c116,train
27,117,r27_c117,validation
27,118,r27_c118,test
27,119,r27_c119,validation
27,120,r27_c120,train
27,121,r27_c121,train
27,122,r27_c122,train
27,123,r27_c123,test
27,124,r27_c124,validation
27,125,r27_c125,train
27,126,r27_c126,train
28,0,r28_c0,test
28,1,r28_c1,train
28,2,r28_c2,test
28,3,r28_c3,train
28,4,r28_c4,train
28,5,r28_c5,train
28,6,r28_c6,train
28,7,r28_c7,train
28,8,r28_c8,test
28,9,r28_c9,train
28,10,r28_c10,train
28,11,r28_c11,validation
28,12,r28_c12,train
28,13,r28_c13,test
28,14,r28_c14,train
28,15,r28_c15,validation
28,16,r28_c16,validation
28,17,r28_c17,train
28,18,r28_c18,test
28,19,r28_c19,train
28,20,r28_c20,train
28,21,r28_c21,train
28,22,r28_c22,validation
28,23,r28_c23,train
28,24,r28_c24,validation
28,25,r28_c25,test
28,26,r28_c26,train
28,27,r28_c27,train
28,28,r28_c28,train
28,29,r28_c29,train
28,30,r28_c30,validation
28,31,r28_c31,validation
28,32,r28_c32,train
28,33,r28_c33,test
28,34,r28_c34,train
28,35,r28_c35,train
28,36,r28_c36,validation
28,37,r28_c37,train
28,38,r28_c38,train
28,39,r28_c39,train
28,40,r28_c40,train
28,41,r28_c41,train
28,42,r28_c42,test
28,43,r28_c43,test
28,44,r28_c44,train
28,45,r28_c45,train
28,46,r28_c46,train
28,47,r28_c47,train
28,48,r28_c48,train
28,49,r28_c49,train
28,50,r28_c50,train
28,51,r28_c51,train
28,52,r28_c52,train
28,53,r28_c53,train
28,54,r28_c54,train
28,55,r28_c55,train
28,56,r28_c56,train
28,57,r28_c57,train
28,58,r28_c58,validation
28,59,r28_c59,train
28,60,r28_c60,train
28,61,r28_c61,train
28,62,r28_c62,test
28,63,r28_c63,train
28,64,r28_c64,train
28,65,r28_c65,test
28,66,r28_c66,train
28,67,r28_c67,train
28,68,r28_c68,train
28,69,r28_c69,train
28,70,r28_c70,train
28,71,r28_c71,train
28,72,r28_c72,train
28,73,r28_c73,train
28,74,r28_c74,train
28,75,r28_c75,train
28,76,r28_c76,train
28,77,r28_c77,test
28,78,r28_c78,validation
28,79,r28_c79,train
28,80,r28_c80,train
28,81,r28_c81,train
28,82,r28_c82,test
28,83,r28_c83,train
28,84,r28_c84,train
28,85,r28_c85,train
28,86,r28_c86,train
28,87,r28_c87,train
28,88,r28_c88,test
28,89,r28_c89,validation
28,90,r28_c90,train
28,91,r28_c91,train
28,92,r28_c92,train
28,93,r28_c93,train
28,94,r28_c94,train
28,95,r28_c95,train
28,96,r28_c96,train
28,97,r28_c97,test
28,98,r28_c98,train
28,99,r28_c99,train
28,100,r28_c100,train
28,101,r28_c101,train
28,102,r28_c102,train
28,103,r28_c103,test
28,104,r28_c104,test
28,105,r28_c105,train
28,106,r28_c106,train
28,107,r28_c107,train
28,108,r28_c108,train
28,109,r28_c109,train
28,110,r28_c110,validation
28,111,r28_c111,train
28,112,r28_c112,train
28,113,r28_c113,validation
28,114,r28_c114,train
28,115,r28_c115,train
28,116,r28_c116,train
28,117,r28_c117,train
28,118,r28_c118,train
28,119,r28_c119,train
28,120,r28_c120,train
28,121,r28_c121,train
28,122,r28_c122,validation
28,123,r28_c123,train
28,124,r28_c124,test
28,125,r28_c125,train
28,126,r28_c126,validation
29,0,r29_c0,test
29,1,r29_c1,train
29,2,r29_c2,test
29,3,r29_c3,train
29,4,r29_c4,train
29,5,r29_c5,train
29,6,r29_c6,train
29,7,r29_c7,train
29,8,r29_c8,train
29,9,r29_c9,train
29,10,r29_c10,train
29,11,r29_c11,train
29,12,r29_c12,test
29,13,r29_c13,validation
29,14,r29_c14,validation
29,15,r29_c15,validation
29,16,r29_c16,train
29,17,r29_c17,train
29,18,r29_c18,train
29,19,r29_c19,validation
29,20,r29_c20,train
29,21,r29_c21,test
29,22,r29_c22,train
29,23,r29_c23,train
29,24,r29_c24,train
29,25,r29_c25,test
29,26,r29_c26,train
29,27,r29_c27,train
29,28,r29_c28,train
29,29,r29_c29,validation
29,30,r29_c30,train
29,31,r29_c31,train
29,32,r29_c32,train
29,33,r29_c33,train
29,34,r29_c34,train
29,35,r29_c35,train
29,36,r29_c36,validation
29,37,r29_c37,validation
29,38,r29_c38,train
29,39,r29_c39,train
29,40,r29_c40,test
29,41,r29_c41,train
29,42,r29_c42,validation
29,43,r29_c43,validation
29,44,r29_c44,train
29,45,r29_c45,validation
29,46,r29_c46,train
29,47,r29_c47,train
29,48,r29_c48,train
29,49,r29_c49,train
29,50,r29_c50,train
29,51,r29_c51,test
29,52,r29_c52,validation
29,53,r29_c53,train
29,54,r29_c54,train
29,55,r29_c55,train
29,56,r29_c56,train
29,57,r29_c57,validation
29,58,r29_c58,train
29,59,r29_c59,train
29,60,r29_c60,train
29,61,r29_c61,test
29,62,r29_c62,train
29,63,r29_c63,train
29,64,r29_c64,train
29,65,r29_c65,train
29,66,r29_c66,train
29,67,r29_c67,train
29,68,r29_c68,validation
29,69,r29_c69,train
29,70,r29_c70,train
29,71,r29_c71,train
29,72,r29_c72,validation
29,73,r29_c73,train
29,74,r29_c74,test
29,75,r29_c75,train
29,76,r29_c76,train
29,77,r29_c77,test
29,78,r29_c78,train
29,79,r29_c79,validation
29,80,r29_c80,train
29,81,r29_c81,train
29,82,r29_c82,test
29,83,r29_c83,train
29,84,r29_c84,train
29,85,r29_c85,train
29,86,r29_c86,train
29,87,r29_c87,train
29,88,r29_c88,train
29,89,r29_c89,validation
29,90,r29_c90,validation
29,91,r29_c91,train
29,92,r29_c92,train
29,93,r29_c93,train
29,94,r29_c94,train
29,95,r29_c95,train
29,96,r29_c96,validation
29,97,r29_c97,validation
29,98,r29_c98,validation
29,99,r29_c99,train
29,100,r29_c100,test
29,101,r29_c101,validation
29,102,r29_c102,validation
29,103,r29_c103,train
29,104,r29_c104,train
29,105,r29_c105,train
29,106,r29_c106,train
29,107,r29_c107,train
29,108,r29_c108,train
29,109,r29_c109,validation
29,110,r29_c110,train
29,111,r29_c111,train
29,112,r29_c112,train
29,113,r29_c113,test
29,114,r29_c114,validation
29,115,r29_c115,train
29,116,r29_c116,test
29,117,r29_c117,train
29,118,r29_c118,train
29,119,r29_c119,validation
29,120,r29_c120,train
29,121,r29_c121,test
29,122,r29_c122,train
29,123,r29_c123,validation
29,124,r29_c124,train
29,125,r29_c125,train
29,126,r29_c126,validation
29,127,r29_c127,train
30,0,r30_c0,train
30,1,r30_c1,test
30,2,r30_c2,train
30,3,r30_c3,test
30,4,r30_c4,validation
30,5,r30_c5,train
30,6,r30_c6,train
30,7,r30_c7,train
30,8,r30_c8,train
30,9,r30_c9,train
30,10,r30_c10,train
30,11,r30_c11,train
30,12,r30_c12,train
30,13,r30_c13,train
30,14,r30_c14,train
30,15,r30_c15,train
30,16,r30_c16,train
30,17,r30_c17,validation
30,18,r30_c18,train
30,19,r30_c19,train
30,20,r30_c20,train
30,21,r30_c21,train
30,22,r30_c22,train
30,23,r30_c23,train
30,24,r30_c24,validation
30,25,r30_c25,train
30,26,r30_c26,validation
30,27,r30_c27,validation
30,28,r30_c28,test
30,29,r30_c29,test
30,30,r30_c30,train
30,31,r30_c31,train
30,32,r30_c32,train
30,33,r30_c33,test
30,34,r30_c34,test
30,35,r30_c35,train
30,36,r30_c36,test
30,37,r30_c37,validation
30,38,r30_c38,validation
30,39,r30_c39,test
30,40,r30_c40,train
30,41,r30_c41,train
30,42,r30_c42,validation
30,43,r30_c43,train
30,44,r30_c44,train
30,45,r30_c45,train
30,46,r30_c46,train
30,47,r30_c47,test
30,48,r30_c48,test
30,49,r30_c49,test
30,50,r30_c50,validation
30,51,r30_c51,validation
30,52,r30_c52,train
30,53,r30_c53,train
30,54,r30_c54,train
30,55,r30_c55,train
30,56,r30_c56,validation
30,57,r30_c57,train
30,58,r30_c58,validation
30,59,r30_c59,train
30,60,r30_c60,train
30,61,r30_c61,validation
30,62,r30_c62,train
30,63,r30_c63,train
30,64,r30_c64,train
30,65,r30_c65,validation
30,66,r30_c66,train
30,67,r30_c67,validation
30,68,r30_c68,train
30,69,r30_c69,train
30,70,r30_c70,train
30,71,r30_c71,validation
30,72,r30_c72,train
30,73,r30_c73,train
30,74,r30_c74,train
30,75,r30_c75,train
30,76,r30_c76,train
30,77,r30_c77,train
30,78,r30_c78,train
30,79,r30_c79,train
30,80,r30_c80,test
30,81,r30_c81,train
30,82,r30_c82,train
30,83,r30_c83,train
30,84,r30_c84,train
30,85,r30_c85,train
30,86,r30_c86,train
30,87,r30_c87,train
30,88,r30_c88,test
30,89,r30_c89,validation
30,90,r30_c90,validation
30,91,r30_c91,train
30,92,r30_c92,train
30,93,r30_c93,train
30,94,r30_c94,test
30,95,r30_c95,train
30,96,r30_c96,validation
30,97,r30_c97,train
30,98,r30_c98,train
30,99,r30_c99,test
30,100,r30_c100,train
30,101,r30_c101,train
30,102,r30_c102,test
30,103,r30_c103,test
30,104,r30_c104,validation
30,105,r30_c105,train
30,106,r30_c106,test
30,107,r30_c107,validation
30,108,r30_c108,test
30,109,r30_c109,train
30,110,r30_c110,train
30,111,r30_c111,train
30,112,r30_c112,test
30,113,r30_c113,train
30,114,r30_c114,train
30,115,r30_c115,train
30,116,r30_c116,train
30,117,r30_c117,train
30,118,r30_c118,train
30,119,r30_c119,train
30,120,r30_c120,train
30,121,r30_c121,train
30,122,r30_c122,train
30,123,r30_c123,validation
30,124,r30_c124,train
30,125,r30_c125,train
30,126,r30_c126,train
30,127,r30_c127,train
31,0,r31_c0,train
31,1,r31_c1,train
31,2,r31_c2,train
31,3,r31_c3,train
31,4,r31_c4,test
31,5,r31_c5,train
31,6,r31_c6,train
31,7,r31_c7,validation
31,8,r31_c8,train
31,9,r31_c9,train
31,10,r31_c10,train
31,11,r31_c11,train
31,12,r31_c12,train
31,13,r31_c13,train
31,14,r31_c14,train
31,15,r31_c15,train
31,16,r31_c16,validation
31,17,r31_c17,train
31,18,r31_c18,validation
31,19,r31_c19,test
31,20,r31_c20,train
31,21,r31_c21,train
31,22,r31_c22,validation
31,23,r31_c23,train
31,24,r31_c24,train
31,25,r31_c25,train
31,26,r31_c26,train
31,27,r31_c27,train
31,28,r31_c28,test
31,29,r31_c29,train
31,30,r31_c30,train
31,31,r31_c31,test
31,32,r31_c32,train
31,33,r31_c33,train
31,34,r31_c34,validation
31,35,r31_c35,train
31,36,r31_c36,train
31,37,r31_c37,train
31,38,r31_c38,train
31,39,r31_c39,train
31,40,r31_c40,test
31,41,r31_c41,train
31,42,r31_c42,train
31,43,r31_c43,train
31,44,r31_c44,train
31,45,r31_c45,train
31,46,r31_c46,train
31,47,r31_c47,validation
31,48,r31_c48,validation
31,49,r31_c49,train
31,50,r31_c50,train
31,51,r31_c51,train
31,52,r31_c52,test
31,53,r31_c53,validation
31,54,r31_c54,test
31,55,r31_c55,train
31,56,r31_c56,validation
31,57,r31_c57,train
31,58,r31_c58,train
31,59,r31_c59,train
31,60,r31_c60,test
31,61,r31_c61,train
31,62,r31_c62,validation
31,63,r31_c63,validation
31,64,r31_c64,train
31,65,r31_c65,validation
31,66,r31_c66,train
31,67,r31_c67,train
31,68,r31_c68,train
31,69,r31_c69,train
31,70,r31_c70,validation
31,71,r31_c71,test
31,72,r31_c72,train
31,73,r31_c73,train
31,74,r31_c74,test
31,75,r31_c75,train
31,76,r31_c76,train
31,77,r31_c77,train
31,78,r31_c78,validation
31,79,r31_c79,train
31,80,r31_c80,train
31,81,r31_c81,validation
31,82,r31_c82,train
31,83,r31_c83,train
31,84,r31_c84,train
31,85,r31_c85,train
31,86,r31_c86,train
31,87,r31_c87,train
31,88,r31_c88,train
31,89,r31_c89,train
31,90,r31_c90,test
31,91,r31_c91,train
31,92,r31_c92,train
31,93,r31_c93,train
31,94,r31_c94,train
31,95,r31_c95,train
31,96,r31_c96,train
31,97,r31_c97,train
31,98,r31_c98,train
31,99,r31_c99,validation
31,100,r31_c100,train
31,101,r31_c101,test
31,102,r31_c102,train
31,103,r31_c103,train
31,104,r31_c104,train
31,105,r31_c105,train
31,106,r31_c106,train
31,107,r31_c107,train
31,108,r31_c108,train
31,109,r31_c109,test
31,110,r31_c110,train
31,111,r31_c111,train
31,112,r31_c112,test
31,113,r31_c113,train
31,114,r31_c114,train
31,115,r31_c115,train
31,116,r31_c116,train
31,117,r31_c117,test
31,118,r31_c118,train
31,119,r31_c119,test
31,120,r31_c120,train
31,121,r31_c121,test
31,122,r31_c122,train
31,123,r31_c123,test
31,124,r31_c124,train
31,125,r31_c125,validation
31,126,r31_c126,train
31,127,r31_c127,test
32,0,r32_c0,test
32,1,r32_c1,train
32,2,r32_c2,train
32,3,r32_c3,train
32,4,r32_c4,test
32,5,r32_c5,validation
32,6,r32_c6,train
32,7,r32_c7,train
32,8,r32_c8,test
32,9,r32_c9,validation
32,10,r32_c10,train
32,11,r32_c11,train
32,12,r32_c12,validation
32,13,r32_c13,validation
32,14,r32_c14,train
32,15,r32_c15,validation
32,16,r32_c16,train
32,17,r32_c17,train
32,18,r32_c18,train
32,19,r32_c19,train
32,20,r32_c20,train
32,21,r32_c21,train
32,22,r32_c22,train
32,23,r32_c23,train
32,24,r32_c24,train
32,25,r32_c25,train
32,26,r32_c26,validation
32,27,r32_c27,test
32,28,r32_c28,train
32,29,r32_c29,train
32,30,r32_c30,validation
32,31,r32_c31,train
32,32,r32_c32,test
32,33,r32_c33,validation
32,34,r32_c34,train
32,35,r32_c35,train
32,36,r32_c36,train
32,37,r32_c37,test
32,38,r32_c38,test
32,39,r32_c39,validation
32,40,r32_c40,train
32,41,r32_c41,test
32,42,r32_c42,train
32,43,r32_c43,train
32,44,r32_c44,train
32,45,r32_c45,train
32,46,r32_c46,train
32,47,r32_c47,train
32,48,r32_c48,train
32,49,r32_c49,train
32,50,r32_c50,train
32,51,r32_c51,train
32,52,r32_c52,test
32,53,r32_c53,validation
32,54,r32_c54,test
32,55,r32_c55,train
32,56,r32_c56,train
32,57,r32_c57,train
32,58,r32_c58,train
32,59,r32_c59,train
32,60,r32_c60,validation
32,61,r32_c61,validation
32,62,r32_c62,train
32,63,r32_c63,train
32,64,r32_c64,train
32,65,r32_c65,test
32,66,r32_c66,test
32,67,r32_c67,train
32,68,r32_c68,train
32,69,r32_c69,train
32,70,r32_c70,train
32,71,r32_c71,validation
32,72,r32_c72,train
32,73,r32_c73,train
32,74,r32_c74,train
32,75,r32_c75,test
32,76,r32_c76,train
32,77,r32_c77,train
32,78,r32_c78,validation
32,79,r32_c79,test
32,80,r32_c80,validation
32,81,r32_c81,test
32,82,r32_c82,train
32,83,r32_c83,train
32,84,r32_c84,validation
32,85,r32_c85,train
32,86,r32_c86,test
32,87,r32_c87,train
32,88,r32_c88,train
32,89,r32_c89,train
32,90,r32_c90,test
32,91,r32_c91,train
32,92,r32_c92,train
32,93,r32_c93,train
32,94,r32_c94,train
32,95,r32_c95,train
32,96,r32_c96,train
32,97,r32_c97,train
32,98,r32_c98,validation
32,99,r32_c99,validation
32,100,r32_c100,validation
32,101,r32_c101,train
32,102,r32_c102,train
32,103,r32_c103,test
32,104,r32_c104,train
32,105,r32_c105,train
32,106,r32_c106,validation
32,107,r32_c107,train
32,108,r32_c108,train
32,109,r32_c109,train
32,110,r32_c110,train
32,111,r32_c111,train
32,112,r32_c112,train
32,113,r32_c113,train
32,114,r32_c114,train
32,115,r32_c115,train
32,116,r32_c116,train
32,117,r32_c117,train
32,118,r32_c118,train
32,119,r32_c119,train
32,120,r32_c120,train
32,121,r32_c121,validation
32,122,r32_c122,test
32,123,r32_c123,train
32,124,r32_c124,train
32,125,r32_c125,validation
32,126,r32_c126,train
32,127,r32_c127,train
33,0,r33_c0,train
33,1,r33_c1,train
33,2,r33_c2,train
33,3,r33_c3,train
33,4,r33_c4,train
33,5,r33_c5,validation
33,6,r33_c6,train
33,7,r33_c7,test
33,8,r33_c8,train
33,9,r33_c9,train
33,10,r33_c10,train
33,11,r33_c11,train
33,12,r33_c12,train
33,13,r33_c13,test
33,14,r33_c14,train
33,15,r33_c15,test
33,16,r33_c16,train
33,17,r33_c17,validation
33,18,r33_c18,train
33,19,r33_c19,train
33,20,r33_c20,validation
33,21,r33_c21,test
33,22,r33_c22,test
33,23,r33_c23,test
33,24,r33_c24,validation
33,25,r33_c25,validation
33,26,r33_c26,train
33,27,r33_c27,train
33,28,r33_c28,validation
33,29,r33_c29,train
33,30,r33_c30,train
33,31,r33_c31,train
33,32,r33_c32,train
33,33,r33_c33,train
33,34,r33_c34,test
33,35,r33_c35,train
33,36,r33_c36,test
33,37,r33_c37,test
33,38,r33_c38,train
33,39,r33_c39,train
33,40,r33_c40,train
33,41,r33_c41,train
33,42,r33_c42,train
33,43,r33_c43,train
33,44,r33_c44,train
33,45,r33_c45,train
33,46,r33_c46,train
33,47,r33_c47,train
33,48,r33_c48,train
33,49,r33_c49,train
33,50,r33_c50,train
33,51,r33_c51,train
33,52,r33_c52,train
33,53,r33_c53,train
33,54,r33_c54,validation
33,55,r33_c55,train
33,56,r33_c56,train
33,57,r33_c57,train
33,58,r33_c58,train
33,59,r33_c59,train
33,60,r33_c60,validation
33,61,r33_c61,train
33,62,r33_c62,train
33,63,r33_c63,train
33,64,r33_c64,validation
33,65,r33_c65,train
33,66,r33_c66,train
33,67,r33_c67,train
33,68,r33_c68,train
33,69,r33_c69,test
33,70,r33_c70,train
33,71,r33_c71,train
33,72,r33_c72,train
33,73,r33_c73,validation
33,74,r33_c74,train
33,75,r33_c75,train
33,76,r33_c76,train
33,77,r33_c77,train
33,78,r33_c78,train
33,79,r33_c79,train
33,80,r33_c80,train
33,81,r33_c81,train
33,82,r33_c82,train
33,83,r33_c83,test
33,84,r33_c84,train
33,85,r33_c85,train
33,86,r33_c86,validation
33,87,r33_c87,train
33,88,r33_c88,train
33,89,r33_c89,validation
33,90,r33_c90,test
33,91,r33_c91,train
33,92,r33_c92,train
33,93,r33_c93,train
33,94,r33_c94,train
33,95,r33_c95,train
33,96,r33_c96,train
33,97,r33_c97,train
33,98,r33_c98,train
33,99,r33_c99,validation
33,100,r33_c100,train
33,101,r33_c101,train
33,102,r33_c102,train
33,103,r33_c103,train
33,104,r33_c104,train
33,105,r33_c105,train
33,106,r33_c106,validation
33,107,r33_c107,test
33,108,r33_c108,validation
33,109,r33_c109,train
33,110,r33_c110,train
33,111,r33_c111,validation
33,112,r33_c112,train
33,113,r33_c113,test
33,114,r33_c114,train
33,115,r33_c115,train
33,116,r33_c116,train
33,117,r33_c117,train
33,118,r33_c118,train
33,119,r33_c119,test
33,120,r33_c120,validation
33,121,r33_c121,train
33,122,r33_c122,train
33,123,r33_c123,train
33,124,r33_c124,train
33,125,r33_c125,validation
33,126,r33_c126,train
33,127,r33_c127,train
34,0,r34_c0,train
34,1,r34_c1,train
34,2,r34_c2,test
34,3,r34_c3,train
34,4,r34_c4,test
34,5,r34_c5,train
34,6,r34_c6,test
34,7,r34_c7,test
34,8,r34_c8,test
34,9,r34_c9,train
34,10,r34_c10,train
34,11,r34_c11,train
34,12,r34_c12,train
34,13,r34_c13,validation
34,14,r34_c14,train
34,15,r34_c15,test
34,16,r34_c16,train
34,17,r34_c17,train
34,18,r34_c18,train
34,19,r34_c19,validation
34,20,r34_c20,train
34,21,r34_c21,train
34,22,r34_c22,train
34,23,r34_c23,train
34,24,r34_c24,train
34,25,r34_c25,train
34,26,r34_c26,train
34,27,r34_c27,train
34,28,r34_c28,train
34,29,r34_c29,train
34,30,r34_c30,train
34,31,r34_c31,train
34,32,r34_c32,train
34,33,r34_c33,train
34,34,r34_c34,train
34,35,r34_c35,train
34,36,r34_c36,train
34,37,r34_c37,train
34,38,r34_c38,train
34,39,r34_c39,validation
34,40,r34_c40,train
34,41,r34_c41,train
34,42,r34_c42,train
34,43,r34_c43,train
34,44,r34_c44,test
34,45,r34_c45,train
34,46,r34_c46,validation
34,47,r34_c47,validation
34,48,r34_c48,test
34,49,r34_c49,train
34,50,r34_c50,train
34,51,r34_c51,train
34,52,r34_c52,validation
34,53,r34_c53,train
34,54,r34_c54,test
34,55,r34_c55,train
34,56,r34_c56,test
34,57,r34_c57,train
34,58,r34_c58,train
34,59,r34_c59,train
34,60,r34_c60,train
34,61,r34_c61,validation
34,62,r34_c62,train
34,63,r34_c63,test
34,64,r34_c64,train
34,65,r34_c65,test
34,66,r34_c66,train
34,67,r34_c67,train
34,68,r34_c68,train
34,69,r34_c69,train
34,70,r34_c70,validation
34,71,r34_c71,test
34,72,r34_c72,test
34,73,r34_c73,train
34,74,r34_c74,train
34,75,r34_c75,train
34,76,r34_c76,validation
34,77,r34_c77,train
34,78,r34_c78,test
34,79,r34_c79,validation
34,80,r34_c80,train
34,81,r34_c81,train
34,82,r34_c82,train
34,83,r34_c83,train
34,84,r34_c84,train
34,85,r34_c85,train
34,86,r34_c86,train
34,87,r34_c87,train
34,88,r34_c88,test
34,89,r34_c89,train
34,90,r34_c90,train
34,91,r34_c91,train
34,92,r34_c92,train
34,93,r34_c93,train
34,94,r34_c94,train
34,95,r34_c95,test
34,96,r34_c96,test
34,97,r34_c97,test
34,98,r34_c98,validation
34,99,r34_c99,train
34,100,r34_c100,validation
34,101,r34_c101,validation
34,102,r34_c102,train
34,103,r34_c103,test
34,104,r34_c104,train
34,105,r34_c105,train
34,106,r34_c106,train
34,107,r34_c107,train
34,108,r34_c108,train
34,109,r34_c109,validation
34,110,r34_c110,train
34,111,r34_c111,test
34,112,r34_c112,train
34,113,r34_c113,train
34,114,r34_c114,validation
34,115,r34_c115,train
34,116,r34_c116,validation
34,117,r34_c117,train
34,118,r34_c118,train
34,119,r34_c119,train
34,120,r34_c120,train
34,121,r34_c121,train
34,122,r34_c122,train
34,123,r34_c123,train
34,124,r34_c124,train
34,125,r34_c125,train
34,126,r34_c126,train
34,127,r34_c127,test
35,0,r35_c0,test
35,1,r35_c1,train
35,2,r35_c2,test
35,3,r35_c3,validation
35,4,r35_c4,train
35,5,r35_c5,validation
35,6,r35_c6,train
35,7,r35_c7,train
35,8,r35_c8,train
35,9,r35_c9,train
35,10,r35_c10,validation
35,11,r35_c11,train
35,12,r35_c12,train
35,13,r35_c13,train
35,14,r35_c14,train
35,15,r35_c15,train
35,16,r35_c16,train
35,17,r35_c17,train
35,18,r35_c18,train
35,19,r35_c19,train
35,20,r35_c20,train
35,21,r35_c21,validation
35,22,r35_c22,train
35,23,r35_c23,validation
35,24,r35_c24,train
35,25,r35_c25,train
35,26,r35_c26,train
35,27,r35_c27,validation
35,28,r35_c28,test
35,29,r35_c29,train
35,30,r35_c30,test
35,31,r35_c31,train
35,32,r35_c32,train
35,33,r35_c33,train
35,34,r35_c34,train
35,35,r35_c35,train
35,36,r35_c36,train
35,37,r35_c37,train
35,38,r35_c38,train
35,39,r35_c39,test
35,40,r35_c40,train
35,41,r35_c41,train
35,42,r35_c42,train
35,43,r35_c43,train
35,44,r35_c44,validation
35,45,r35_c45,train
35,46,r35_c46,train
35,47,r35_c47,train
35,48,r35_c48,train
35,49,r35_c49,train
35,50,r35_c50,train
35,51,r35_c51,test
35,52,r35_c52,train
35,53,r35_c53,train
35,54,r35_c54,test
35,55,r35_c55,train
35,56,r35_c56,test
35,57,r35_c57,train
35,58,r35_c58,validation
35,59,r35_c59,train
35,60,r35_c60,train
35,61,r35_c61,train
35,62,r35_c62,train
35,63,r35_c63,validation
35,64,r35_c64,train
35,65,r35_c65,train
35,66,r35_c66,train
35,67,r35_c67,train
35,68,r35_c68,train
35,69,r35_c69,train
35,70,r35_c70,validation
35,71,r35_c71,validation
35,72,r35_c72,train
35,73,r35_c73,train
35,74,r35_c74,validation
35,75,r35_c75,validation
35,76,r35_c76,train
35,77,r35_c77,train
35,78,r35_c78,train
35,79,r35_c79,train
35,80,r35_c80,train
35,81,r35_c81,validation
35,82,r35_c82,train
35,83,r35_c83,test
35,84,r35_c84,train
35,85,r35_c85,validation
35,86,r35_c86,train
35,87,r35_c87,train
35,88,r35_c88,train
35,89,r35_c89,train
35,90,r35_c90,train
35,91,r35_c91,train
35,92,r35_c92,validation
35,93,r35_c93,validation
35,94,r35_c94,train
35,95,r35_c95,train
35,96,r35_c96,train
35,97,r35_c97,train
35,98,r35_c98,train
35,99,r35_c99,train
35,100,r35_c100,validation
35,101,r35_c101,train
35,102,r35_c102,train
35,103,r35_c103,validation
35,104,r35_c104,train
35,105,r35_c105,train
35,106,r35_c106,train
35,107,r35_c107,train
35,108,r35_c108,train
35,109,r35_c109,test
35,110,r35_c110,train
35,111,r35_c111,test
35,112,r35_c112,train
35,113,r35_c113,train
35,114,r35_c114,train
35,115,r35_c115,train
35,116,r35_c116,validation
35,117,r35_c117,train
35,118,r35_c118,train
35,119,r35_c119,train
35,120,r35_c120,train
35,121,r35_c121,train
35,122,r35_c122,train
35,123,r35_c123,train
35,124,r35_c124,train
35,125,r35_c125,train
35,126,r35_c126,train
35,127,r35_c127,train
36,0,r36_c0,test
36,1,r36_c1,train
36,2,r36_c2,train
36,3,r36_c3,validation
36,4,r36_c4,train
36,5,r36_c5,train
36,6,r36_c6,train
36,7,r36_c7,validation
36,8,r36_c8,train
36,9,r36_c9,test
36,10,r36_c10,validation
36,11,r36_c11,validation
36,12,r36_c12,train
36,13,r36_c13,test
36,14,r36_c14,train
36,15,r36_c15,test
36,16,r36_c16,train
36,17,r36_c17,train
36,18,r36_c18,train
36,19,r36_c19,train
36,20,r36_c20,train
36,21,r36_c21,train
36,22,r36_c22,test
36,23,r36_c23,train
36,24,r36_c24,validation
36,25,r36_c25,train
36,26,r36_c26,train
36,27,r36_c27,train
36,28,r36_c28,test
36,29,r36_c29,train
36,30,r36_c30,test
36,31,r36_c31,train
36,32,r36_c32,train
36,33,r36_c33,train
36,34,r36_c34,test
36,35,r36_c35,test
36,36,r36_c36,train
36,37,r36_c37,train
36,38,r36_c38,test
36,39,r36_c39,train
36,40,r36_c40,train
36,41,r36_c41,train
36,42,r36_c42,train
36,43,r36_c43,test
36,44,r36_c44,test
36,45,r36_c45,train
36,46,r36_c46,train
36,47,r36_c47,train
36,48,r36_c48,validation
36,49,r36_c49,test
36,50,r36_c50,validation
36,51,r36_c51,train
36,52,r36_c52,validation
36,53,r36_c53,train
36,54,r36_c54,train
36,55,r36_c55,train
36,56,r36_c56,train
36,57,r36_c57,train
36,58,r36_c58,validation
36,59,r36_c59,validation
36,60,r36_c60,test
36,61,r36_c61,test
36,62,r36_c62,train
36,63,r36_c63,train
36,64,r36_c64,test
36,65,r36_c65,train
36,66,r36_c66,train
36,67,r36_c67,train
36,68,r36_c68,test
36,69,r36_c69,train
36,70,r36_c70,train
36,71,r36_c71,validation
36,72,r36_c72,train
36,73,r36_c73,train
36,74,r36_c74,validation
36,75,r36_c75,validation
36,76,r36_c76,train
36,77,r36_c77,train
36,78,r36_c78,train
36,79,r36_c79,train
36,80,r36_c80,train
36,81,r36_c81,validation
36,82,r36_c82,test
36,83,r36_c83,validation
36,84,r36_c84,test
36,85,r36_c85,train
36,86,r36_c86,train
36,87,r36_c87,train
36,88,r36_c88,test
36,89,r36_c89,train
36,90,r36_c90,train
36,91,r36_c91,test
36,92,r36_c92,train
36,93,r36_c93,validation
36,94,r36_c94,validation
36,95,r36_c95,test
36,96,r36_c96,validation
36,97,r36_c97,train
36,98,r36_c98,test
36,99,r36_c99,train
36,100,r36_c100,train
36,101,r36_c101,test
36,102,r36_c102,validation
36,103,r36_c103,train
36,104,r36_c104,train
36,105,r36_c105,train
36,106,r36_c106,validation
36,107,r36_c107,validation
36,108,r36_c108,train
36,109,r36_c109,test
36,110,r36_c110,train
36,111,r36_c111,test
36,112,r36_c112,train
36,113,r36_c113,train
36,114,r36_c114,train
36,115,r36_c115,train
36,116,r36_c116,train
36,117,r36_c117,test
36,118,r36_c118,train
36,119,r36_c119,train
36,120,r36_c120,test
36,121,r36_c121,train
36,122,r36_c122,test
36,123,r36_c123,validation
36,124,r36_c124,test
36,125,r36_c125,train
36,126,r36_c126,test
36,127,r36_c127,validation
37,0,r37_c0,train
37,1,r37_c1,train
37,2,r37_c2,train
37,3,r37_c3,train
37,4,r37_c4,train
37,5,r37_c5,validation
37,6,r37_c6,train
37,7,r37_c7,validation
37,8,r37_c8,validation
37,9,r37_c9,validation
37,10,r37_c10,train
37,11,r37_c11,train
37,12,r37_c12,train
37,13,r37_c13,train
37,14,r37_c14,train
37,15,r37_c15,train
37,16,r37_c16,validation
37,17,r37_c17,test
37,18,r37_c18,train
37,19,r37_c19,train
37,20,r37_c20,train
37,21,r37_c21,train
37,22,r37_c22,train
37,23,r37_c23,validation
37,24,r37_c24,train
37,25,r37_c25,train
37,26,r37_c26,train
37,27,r37_c27,train
37,28,r37_c28,test
37,29,r37_c29,train
37,30,r37_c30,train
37,31,r37_c31,train
37,32,r37_c32,train
37,33,r37_c33,train
37,34,r37_c34,train
37,35,r37_c35,test
37,36,r37_c36,validation
37,37,r37_c37,validation
37,38,r37_c38,test
37,39,r37_c39,validation
37,40,r37_c40,validation
37,41,r37_c41,train
37,42,r37_c42,train
37,43,r37_c43,validation
37,44,r37_c44,test
37,45,r37_c45,train
37,46,r37_c46,train
37,47,r37_c47,validation
37,48,r37_c48,validation
37,49,r37_c49,train
37,50,r37_c50,train
37,51,r37_c51,train
37,52,r37_c52,train
37,53,r37_c53,train
37,54,r37_c54,train
37,55,r37_c55,train
37,56,r37_c56,train
37,57,r37_c57,train
37,58,r37_c58,test
37,59,r37_c59,train
37,60,r37_c60,train
37,61,r37_c61,train
37,62,r37_c62,validation
37,63,r37_c63,train
37,64,r37_c64,train
37,65,r37_c65,validation
37,66,r37_c66,train
37,67,r37_c67,validation
37,68,r37_c68,test
37,69,r37_c69,train
37,70,r37_c70,test
37,71,r37_c71,test
37,72,r37_c72,train
37,73,r37_c73,train
37,74,r37_c74,train
37,75,r37_c75,test
37,76,r37_c76,train
37,77,r37_c77,train
37,78,r37_c78,validation
37,79,r37_c79,train
37,80,r37_c80,train
37,81,r37_c81,train
37,82,r37_c82,test
37,83,r37_c83,validation
37,84,r37_c84,train
37,85,r37_c85,train
37,86,r37_c86,test
37,87,r37_c87,test
37,88,r37_c88,train
37,89,r37_c89,validation
37,90,r37_c90,train
37,91,r37_c91,train
37,92,r37_c92,train
37,93,r37_c93,train
37,94,r37_c94,train
37,95,r37_c95,validation
37,96,r37_c96,train
37,97,r37_c97,train
37,98,r37_c98,train
37,99,r37_c99,train
37,100,r37_c100,train
37,101,r37_c101,train
37,102,r37_c102,test
37,103,r37_c103,train
37,104,r37_c104,train
37,105,r37_c105,test
37,106,r37_c106,train
37,107,r37_c107,train
37,108,r37_c108,train
37,109,r37_c109,train
37,110,r37_c110,train
37,111,r37_c111,validation
37,112,r37_c112,train
37,113,r37_c113,validation
37,114,r37_c114,train
37,115,r37_c115,train
37,116,r37_c116,train
37,117,r37_c117,train
37,118,r37_c118,train
37,119,r37_c119,train
37,120,r37_c120,test
37,121,r37_c121,train
37,122,r37_c122,validation
37,123,r37_c123,test
37,124,r37_c124,train
37,125,r37_c125,test
37,126,r37_c126,validation
37,127,r37_c127,train
38,0,r38_c0,train
38,1,r38_c1,train
38,2,r38_c2,train
38,3,r38_c3,train
38,4,r38_c4,train
38,5,r38_c5,test
38,6,r38_c6,validation
38,7,r38_c7,train
38,8,r38_c8,validation
38,9,r38_c9,validation
38,10,r38_c10,train
38,11,r38_c11,train
38,12,r38_c12,train
38,13,r38_c13,train
38,14,r38_c14,train
38,15,r38_c15,train
38,16,r38_c16,test
38,17,r38_c17,validation
38,18,r38_c18,train
38,19,r38_c19,train
38,20,r38_c20,validation
38,21,r38_c21,validation
38,22,r38_c22,train
38,23,r38_c23,train
38,24,r38_c24,validation
38,25,r38_c25,test
38,26,r38_c26,train
38,27,r38_c27,train
38,28,r38_c28,test
38,29,r38_c29,train
38,30,r38_c30,train
38,31,r38_c31,train
38,32,r38_c32,validation
38,33,r38_c33,train
38,34,r38_c34,train
38,35,r38_c35,train
38,36,r38_c36,train
38,37,r38_c37,train
38,38,r38_c38,train
38,39,r38_c39,train
38,40,r38_c40,test
38,41,r38_c41,train
38,42,r38_c42,train
38,43,r38_c43,validation
38,44,r38_c44,train
38,45,r38_c45,train
38,46,r38_c46,train
38,47,r38_c47,train
38,48,r38_c48,train
38,49,r38_c49,train
38,50,r38_c50,train
38,51,r38_c51,train
38,52,r38_c52,train
38,53,r38_c53,train
38,54,r38_c54,train
38,55,r38_c55,train
38,56,r38_c56,test
38,57,r38_c57,train
38,58,r38_c58,train
38,59,r38_c59,train
38,60,r38_c60,train
38,61,r38_c61,train
38,62,r38_c62,validation
38,63,r38_c63,train
38,64,r38_c64,test
38,65,r38_c65,validation
38,66,r38_c66,test
38,67,r38_c67,train
38,68,r38_c68,train
38,69,r38_c69,test
38,70,r38_c70,test
38,71,r38_c71,train
38,72,r38_c72,train
38,73,r38_c73,train
38,74,r38_c74,train
38,75,r38_c75,train
38,76,r38_c76,train
38,77,r38_c77,train
38,78,r38_c78,train
38,79,r38_c79,train
38,80,r38_c80,test
38,81,r38_c81,test
38,82,r38_c82,train
38,83,r38_c83,train
38,84,r38_c84,train
38,85,r38_c85,test
38,86,r38_c86,test
38,87,r38_c87,validation
38,88,r38_c88,train
38,89,r38_c89,train
38,90,r38_c90,train
38,91,r38_c91,train
38,92,r38_c92,train
38,93,r38_c93,train
38,94,r38_c94,train
38,95,r38_c95,train
38,96,r38_c96,train
38,97,r38_c97,validation
38,98,r38_c98,test
38,99,r38_c99,train
38,100,r38_c100,train
38,101,r38_c101,train
38,102,r38_c102,train
38,103,r38_c103,test
38,104,r38_c104,train
38,105,r38_c105,train
38,106,r38_c106,test
38,107,r38_c107,train
38,108,r38_c108,train
38,109,r38_c109,validation
38,110,r38_c110,validation
38,111,r38_c111,validation
38,112,r38_c112,test
38,113,r38_c113,train
38,114,r38_c114,train
38,115,r38_c115,train
38,116,r38_c116,train
38,117,r38_c117,validation
38,118,r38_c118,validation
38,119,r38_c119,validation
38,120,r38_c120,train
38,121,r38_c121,train
38,122,r38_c122,train
38,123,r38_c123,train
38,124,r38_c124,train
38,125,r38_c125,test
38,126,r38_c126,validation
38,127,r38_c127,train
39,0,r39_c0,train
39,1,r39_c1,train
39,2,r39_c2,train
39,3,r39_c3,train
39,4,r39_c4,validation
39,5,r39_c5,test
39,6,r39_c6,train
39,7,r39_c7,train
39,8,r39_c8,train
39,9,r39_c9,train
39,10,r39_c10,train
39,11,r39_c11,train
39,12,r39_c12,train
39,13,r39_c13,validation
39,14,r39_c14,train
39,15,r39_c15,validation
39,16,r39_c16,train
39,17,r39_c17,validation
39,18,r39_c18,validation
39,19,r39_c19,train
39,20,r39_c20,train
39,21,r39_c21,test
39,22,r39_c22,train
39,23,r39_c23,train
39,24,r39_c24,validation
39,25,r39_c25,train
39,26,r39_c26,validation
39,27,r39_c27,train
39,28,r39_c28,train
39,29,r39_c29,test
39,30,r39_c30,train
39,31,r39_c31,test
39,32,r39_c32,train
39,33,r39_c33,test
39,34,r39_c34,train
39,35,r39_c35,test
39,36,r39_c36,train
39,37,r39_c37,train
39,38,r39_c38,test
39,39,r39_c39,test
39,40,r39_c40,test
39,41,r39_c41,train
39,42,r39_c42,validation
39,43,r39_c43,train
39,44,r39_c44,train
39,45,r39_c45,train
39,46,r39_c46,train
39,47,r39_c47,train
39,48,r39_c48,train
39,49,r39_c49,train
39,50,r39_c50,train
39,51,r39_c51,test
39,52,r39_c52,train
39,53,r39_c53,train
39,54,r39_c54,test
39,55,r39_c55,train
39,56,r39_c56,train
39,57,r39_c57,validation
39,58,r39_c58,train
39,59,r39_c59,train
39,60,r39_c60,train
39,61,r39_c61,validation
39,62,r39_c62,train
39,63,r39_c63,train
39,64,r39_c64,validation
39,65,r39_c65,test
39,66,r39_c66,train
39,67,r39_c67,test
39,68,r39_c68,train
39,69,r39_c69,train
39,70,r39_c70,validation
39,71,r39_c71,train
39,72,r39_c72,train
39,73,r39_c73,validation
39,74,r39_c74,validation
39,75,r39_c75,train
39,76,r39_c76,train
39,77,r39_c77,train
39,78,r39_c78,train
39,79,r39_c79,train
39,80,r39_c80,train
39,81,r39_c81,train
39,82,r39_c82,train
39,83,r39_c83,train
39,84,r39_c84,train
39,85,r39_c85,train
39,86,r39_c86,train
39,87,r39_c87,train
39,88,r39_c88,validation
39,89,r39_c89,train
39,90,r39_c90,train
39,91,r39_c91,train
39,92,r39_c92,train
39,93,r39_c93,train
39,94,r39_c94,train
39,95,r39_c95,train
39,96,r39_c96,validation
39,97,r39_c97,train
39,98,r39_c98,train
39,99,r39_c99,train
39,100,r39_c100,train
39,101,r39_c101,test
39,102,r39_c102,validation
39,103,r39_c103,validation
39,104,r39_c104,test
39,105,r39_c105,test
39,106,r39_c106,train
39,107,r39_c107,train
39,108,r39_c108,train
39,109,r39_c109,train
39,110,r39_c110,test
39,111,r39_c111,validation
39,112,r39_c112,train
39,113,r39_c113,train
39,114,r39_c114,train
39,115,r39_c115,train
39,116,r39_c116,test
39,117,r39_c117,train
39,118,r39_c118,train
39,119,r39_c119,train
39,120,r39_c120,test
39,121,r39_c121,train
39,122,r39_c122,train
39,123,r39_c123,train
39,124,r39_c124,train
39,125,r39_c125,train
39,126,r39_c126,train
39,127,r39_c127,train
40,0,r40_c0,train
40,1,r40_c1,train
40,2,r40_c2,train
40,3,r40_c3,test
40,4,r40_c4,test
40,5,r40_c5,train
40,6,r40_c6,train
40,7,r40_c7,train
40,8,r40_c8,train
40,9,r40_c9,train
40,10,r40_c10,train
40,11,r40_c11,train
40,12,r40_c12,train
40,13,r40_c13,validation
40,14,r40_c14,train
40,15,r40_c15,train
40,16,r40_c16,train
40,17,r40_c17,train
40,18,r40_c18,train
40,19,r40_c19,validation
40,20,r40_c20,validation
40,21,r40_c21,train
40,22,r40_c22,train
40,23,r40_c23,train
40,24,r40_c24,train
40,25,r40_c25,train
40,26,r40_c26,train
40,27,r40_c27,test
40,28,r40_c28,train
40,29,r40_c29,train
40,30,r40_c30,train
40,31,r40_c31,train
40,32,r40_c32,train
40,33,r40_c33,train
40,34,r40_c34,test
40,35,r40_c35,train
40,36,r40_c36,train
40,37,r40_c37,train
40,38,r40_c38,validation
40,39,r40_c39,train
40,40,r40_c40,test
40,41,r40_c41,test
40,42,r40_c42,train
40,43,r40_c43,validation
40,44,r40_c44,validation
40,45,r40_c45,train
40,46,r40_c46,train
40,47,r40_c47,train
40,48,r40_c48,validation
40,49,r40_c49,train
40,50,r40_c50,train
40,51,r40_c51,train
40,52,r40_c52,validation
40,53,r40_c53,train
40,54,r40_c54,train
40,55,r40_c55,train
40,56,r40_c56,train
40,57,r40_c57,train
40,58,r40_c58,train
40,59,r40_c59,train
40,60,r40_c60,train
40,61,r40_c61,train
40,62,r40_c62,test
40,63,r40_c63,test
40,64,r40_c64,train
40,65,r40_c65,train
40,66,r40_c66,train
40,67,r40_c67,train
40,68,r40_c68,test
40,69,r40_c69,train
40,70,r40_c70,train
40,71,r40_c71,train
40,72,r40_c72,validation
40,73,r40_c73,train
40,74,r40_c74,train
40,75,r40_c75,validation
40,76,r40_c76,train
40,77,r40_c77,train
40,78,r40_c78,train
40,79,r40_c79,train
40,80,r40_c80,train
40,81,r40_c81,train
40,82,r40_c82,test
40,83,r40_c83,train
40,84,r40_c84,validation
40,85,r40_c85,train
40,86,r40_c86,train
40,87,r40_c87,train
40,88,r40_c88,train
40,89,r40_c89,validation
40,90,r40_c90,train
40,91,r40_c91,validation
40,92,r40_c92,train
40,93,r40_c93,train
40,94,r40_c94,validation
40,95,r40_c95,train
40,96,r40_c96,train
40,97,r40_c97,train
40,98,r40_c98,train
40,99,r40_c99,train
40,100,r40_c100,train
40,101,r40_c101,validation
40,102,r40_c102,validation
40,103,r40_c103,train
40,104,r40_c104,train
40,105,r40_c105,train
40,106,r40_c106,train
40,107,r40_c107,train
40,108,r40_c108,train
40,109,r40_c109,train
40,110,r40_c110,train
40,111,r40_c111,train
40,112,r40_c112,train
40,113,r40_c113,train
40,114,r40_c114,test
40,115,r40_c115,train
40,116,r40_c116,test
40,117,r40_c117,validation
40,118,r40_c118,train
40,119,r40_c119,validation
40,120,r40_c120,train
40,121,r40_c121,test
40,122,r40_c122,test
40,123,r40_c123,train
40,124,r40_c124,validation
40,125,r40_c125,validation
40,126,r40_c126,train
40,127,r40_c127,train
41,0,r41_c0,train
41,1,r41_c1,test
41,2,r41_c2,train
41,3,r41_c3,train
41,4,r41_c4,validation
41,5,r41_c5,train
41,6,r41_c6,train
41,7,r41_c7,train
41,8,r41_c8,train
41,9,r41_c9,test
41,10,r41_c10,train
41,11,r41_c11,test
41,12,r41_c12,validation
41,13,r41_c13,train
41,14,r41_c14,train
41,15,r41_c15,train
41,16,r41_c16,train
41,17,r41_c17,train
41,18,r41_c18,train
41,19,r41_c19,train
41,20,r41_c20,train
41,21,r41_c21,train
41,22,r41_c22,train
41,23,r41_c23,train
41,24,r41_c24,train
41,25,r41_c25,train
41,26,r41_c26,train
41,27,r41_c27,test
41,28,r41_c28,test
41,29,r41_c29,train
41,30,r41_c30,test
41,31,r41_c31,train
41,32,r41_c32,train
41,33,r41_c33,validation
41,34,r41_c34,train
41,35,r41_c35,test
41,36,r41_c36,train
41,37,r41_c37,validation
41,38,r41_c38,test
41,39,r41_c39,train
41,40,r41_c40,test
41,41,r41_c41,validation
41,42,r41_c42,validation
41,43,r41_c43,train
41,44,r41_c44,train
41,45,r41_c45,train
41,46,r41_c46,train
41,47,r41_c47,test
41,48,r41_c48,validation
41,49,r41_c49,validation
41,50,r41_c50,train
41,51,r41_c51,train
41,52,r41_c52,train
41,53,r41_c53,train
41,54,r41_c54,validation
41,55,r41_c55,train
41,56,r41_c56,train
41,57,r41_c57,train
41,58,r41_c58,train
41,59,r41_c59,train
41,60,r41_c60,train
41,61,r41_c61,train
41,62,r41_c62,test
41,63,r41_c63,validation
41,64,r41_c64,test
41,65,r41_c65,validation
41,66,r41_c66,validation
41,67,r41_c67,train
41,68,r41_c68,validation
41,69,r41_c69,validation
41,70,r41_c70,train
41,71,r41_c71,train
41,72,r41_c72,train
41,73,r41_c73,validation
41,74,r41_c74,train
41,75,r41_c75,validation
41,76,r41_c76,train
41,77,r41_c77,train
41,78,r41_c78,validation
41,79,r41_c79,validation
41,80,r41_c80,test
41,81,r41_c81,train
41,82,r41_c82,train
41,83,r41_c83,train
41,84,r41_c84,train
41,85,r41_c85,train
41,86,r41_c86,train
41,87,r41_c87,test
41,88,r41_c88,train
41,89,r41_c89,train
41,90,r41_c90,test
41,91,r41_c91,test
41,92,r41_c92,train
41,93,r41_c93,train
41,94,r41_c94,train
41,95,r41_c95,train
41,96,r41_c96,test
41,97,r41_c97,train
41,98,r41_c98,validation
41,99,r41_c99,train
41,100,r41_c100,test
41,101,r41_c101,train
41,102,r41_c102,train
41,103,r41_c103,test
41,104,r41_c104,validation
41,105,r41_c105,train
41,106,r41_c106,train
41,107,r41_c107,train
41,108,r41_c108,train
41,109,r41_c109,validation
41,110,r41_c110,train
41,111,r41_c111,train
41,112,r41_c112,validation
41,113,r41_c113,train
41,114,r41_c114,train
41,115,r41_c115,train
41,116,r41_c116,train
41,117,r41_c117,train
41,118,r41_c118,validation
41,119,r41_c119,train
41,120,r41_c120,test
41,121,r41_c121,train
41,122,r41_c122,train
41,123,r41_c123,test
41,124,r41_c124,train
41,125,r41_c125,train
41,126,r41_c126,test
41,127,r41_c127,train
42,0,r42_c0,test
42,1,r42_c1,train
42,2,r42_c2,train
42,3,r42_c3,train
42,4,r42_c4,train
42,5,r42_c5,test
42,6,r42_c6,train
42,7,r42_c7,test
42,8,r42_c8,train
42,9,r42_c9,validation
42,10,r42_c10,validation
42,11,r42_c11,validation
42,12,r42_c12,test
42,13,r42_c13,train
42,14,r42_c14,train
42,15,r42_c15,train
42,16,r42_c16,validation
42,17,r42_c17,train
42,18,r42_c18,test
42,19,r42_c19,train
42,20,r42_c20,train
42,21,r42_c21,train
42,22,r42_c22,train
42,23,r42_c23,train
42,24,r42_c24,train
42,25,r42_c25,train
42,26,r42_c26,train
42,27,r42_c27,train
42,28,r42_c28,train
42,29,r42_c29,train
42,30,r42_c30,train
42,31,r42_c31,train
42,32,r42_c32,train
42,33,r42_c33,test
42,34,r42_c34,test
42,35,r42_c35,train
42,36,r42_c36,train
42,37,r42_c37,train
42,38,r42_c38,train
42,39,r42_c39,validation
42,40,r42_c40,train
42,41,r42_c41,train
42,42,r42_c42,train
42,43,r42_c43,train
42,44,r42_c44,train
42,45,r42_c45,test
42,46,r42_c46,train
42,47,r42_c47,test
42,48,r42_c48,train
42,49,r42_c49,train
42,50,r42_c50,train
42,51,r42_c51,train
42,52,r42_c52,test
42,53,r42_c53,test
42,54,r42_c54,train
42,55,r42_c55,test
42,56,r42_c56,train
42,57,r42_c57,train
42,58,r42_c58,validation
42,59,r42_c59,train
42,60,r42_c60,train
42,61,r42_c61,train
42,62,r42_c62,train
42,63,r42_c63,train
42,64,r42_c64,train
42,65,r42_c65,validation
42,66,r42_c66,validation
42,67,r42_c67,train
42,68,r42_c68,train
42,69,r42_c69,train
42,70,r42_c70,train
42,71,r42_c71,train
42,72,r42_c72,validation
42,73,r42_c73,train
42,74,r42_c74,train
42,75,r42_c75,train
42,76,r42_c76,train
42,77,r42_c77,train
42,78,r42_c78,train
42,79,r42_c79,train
42,80,r42_c80,test
42,81,r42_c81,validation
42,82,r42_c82,train
42,83,r42_c83,train
42,84,r42_c84,train
42,85,r42_c85,train
42,86,r42_c86,train
42,87,r42_c87,train
42,88,r42_c88,train
42,89,r42_c89,train
42,90,r42_c90,train
42,91,r42_c91,train
42,92,r42_c92,train
42,93,r42_c93,validation
42,94,r42_c94,validation
42,95,r42_c95,test
42,96,r42_c96,validation
42,97,r42_c97,train
42,98,r42_c98,train
42,99,r42_c99,train
42,100,r42_c100,train
42,101,r42_c101,train
42,102,r42_c102,train
42,103,r42_c103,train
42,104,r42_c104,train
42,105,r42_c105,train
42,106,r42_c106,train
42,107,r42_c107,validation
42,108,r42_c108,train
42,109,r42_c109,test
42,110,r42_c110,train
42,111,r42_c111,train
42,112,r42_c112,test
42,113,r42_c113,train
42,114,r42_c114,train
42,115,r42_c115,train
42,116,r42_c116,train
42,117,r42_c117,train
42,118,r42_c118,train
42,119,r42_c119,train
42,120,r42_c120,train
42,121,r42_c121,train
42,122,r42_c122,train
42,123,r42_c123,train
42,124,r42_c124,train
42,125,r42_c125,train
42,126,r42_c126,train
42,127,r42_c127,test
43,0,r43_c0,train
43,1,r43_c1,train
43,2,r43_c2,validation
43,3,r43_c3,validation
43,4,r43_c4,validation
43,5,r43_c5,validation
43,6,r43_c6,test
43,7,r43_c7,test
43,8,r43_c8,test
43,9,r43_c9,validation
43,10,r43_c10,validation
43,11,r43_c11,test
43,12,r43_c12,test
43,13,r43_c13,train
43,14,r43_c14,train
43,15,r43_c15,train
43,16,r43_c16,train
43,17,r43_c17,validation
43,18,r43_c18,train
43,19,r43_c19,validation
43,20,r43_c20,train
43,21,r43_c21,validation
43,22,r43_c22,test
43,23,r43_c23,validation
43,24,r43_c24,train
43,25,r43_c25,train
43,26,r43_c26,train
43,27,r43_c27,train
43,28,r43_c28,train
43,29,r43_c29,train
43,30,r43_c30,train
43,31,r43_c31,test
43,32,r43_c32,train
43,33,r43_c33,validation
43,34,r43_c34,train
43,35,r43_c35,validation
43,36,r43_c36,train
43,37,r43_c37,train
43,38,r43_c38,test
43,39,r43_c39,validation
43,40,r43_c40,train
43,41,r43_c41,train
43,42,r43_c42,train
43,43,r43_c43,train
43,44,r43_c44,train
43,45,r43_c45,train
43,46,r43_c46,train
43,47,r43_c47,train
43,48,r43_c48,train
43,49,r43_c49,train
43,50,r43_c50,train
43,51,r43_c51,train
43,52,r43_c52,train
43,53,r43_c53,validation
43,54,r43_c54,train
43,55,r43_c55,test
43,56,r43_c56,train
43,57,r43_c57,validation
43,58,r43_c58,train
43,59,r43_c59,train
43,60,r43_c60,train
43,61,r43_c61,validation
43,62,r43_c62,train
43,63,r43_c63,test
43,64,r43_c64,train
43,65,r43_c65,test
43,66,r43_c66,train
43,67,r43_c67,train
43,68,r43_c68,train
43,69,r43_c69,validation
43,70,r43_c70,train
43,71,r43_c71,train
43,72,r43_c72,train
43,73,r43_c73,train
43,74,r43_c74,train
43,75,r43_c75,train
43,76,r43_c76,train
43,77,r43_c77,train
43,78,r43_c78,train
43,79,r43_c79,validation
43,80,r43_c80,test
43,81,r43_c81,train
43,82,r43_c82,train
43,83,r43_c83,train
43,84,r43_c84,train
43,85,r43_c85,train
43,86,r43_c86,validation
43,87,r43_c87,train
43,88,r43_c88,validation
43,89,r43_c89,train
43,90,r43_c90,train
43,91,r43_c91,validation
43,92,r43_c92,train
43,93,r43_c93,train
43,94,r43_c94,validation
43,95,r43_c95,train
43,96,r43_c96,train
43,97,r43_c97,train
43,98,r43_c98,train
43,99,r43_c99,train
43,100,r43_c100,train
43,101,r43_c101,test
43,102,r43_c102,validation
43,103,r43_c103,train
43,104,r43_c104,test
43,105,r43_c105,test
43,106,r43_c106,test
43,107,r43_c107,train
43,108,r43_c108,train
43,109,r43_c109,train
43,110,r43_c110,validation
43,111,r43_c111,train
43,112,r43_c112,train
43,113,r43_c113,test
43,114,r43_c114,train
43,115,r43_c115,train
43,116,r43_c116,train
43,117,r43_c117,train
43,118,r43_c118,train
43,119,r43_c119,validation
43,120,r43_c120,train
43,121,r43_c121,validation
43,122,r43_c122,train
43,123,r43_c123,train
43,124,r43_c124,test
43,125,r43_c125,validation
43,126,r43_c126,train
43,127,r43_c127,validation
44,0,r44_c0,validation
44,1,r44_c1,train
44,2,r44_c2,train
44,3,r44_c3,test
44,4,r44_c4,train
44,5,r44_c5,train
44,6,r44_c6,train
44,7,r44_c7,train
44,8,r44_c8,train
44,9,r44_c9,train
44,10,r44_c10,test
44,11,r44_c11,validation
44,12,r44_c12,train
44,13,r44_c13,train
44,14,r44_c14,validation
44,15,r44_c15,train
44,16,r44_c16,train
44,17,r44_c17,train
44,18,r44_c18,test
44,19,r44_c19,test
44,20,r44_c20,validation
44,21,r44_c21,train
44,22,r44_c22,train
44,23,r44_c23,test
44,24,r44_c24,train
44,25,r44_c25,test
44,26,r44_c26,train
44,27,r44_c27,train
44,28,r44_c28,train
44,29,r44_c29,train
44,30,r44_c30,validation
44,31,r44_c31,train
44,32,r44_c32,validation
44,33,r44_c33,train
44,34,r44_c34,train
44,35,r44_c35,train
44,36,r44_c36,validation
44,37,r44_c37,train
44,38,r44_c38,validation
44,39,r44_c39,validation
44,40,r44_c40,test
44,41,r44_c41,test
44,42,r44_c42,train
44,43,r44_c43,test
44,44,r44_c44,train
44,45,r44_c45,train
44,46,r44_c46,train
44,47,r44_c47,train
44,48,r44_c48,validation
44,49,r44_c49,test
44,50,r44_c50,train
44,51,r44_c51,train
44,52,r44_c52,test
44,53,r44_c53,train
44,54,r44_c54,test
44,55,r44_c55,test
44,56,r44_c56,test
44,57,r44_c57,validation
44,58,r44_c58,train
44,59,r44_c59,train
44,60,r44_c60,train
44,61,r44_c61,train
44,62,r44_c62,train
44,63,r44_c63,train
44,64,r44_c64,train
44,65,r44_c65,train
44,66,r44_c66,train
44,67,r44_c67,train
44,68,r44_c68,test
44,69,r44_c69,test
44,70,r44_c70,train
44,71,r44_c71,validation
44,72,r44_c72,train
44,73,r44_c73,train
44,74,r44_c74,validation
44,75,r44_c75,train
44,76,r44_c76,train
44,77,r44_c77,train
44,78,r44_c78,train
44,79,r44_c79,validation
44,80,r44_c80,train
44,81,r44_c81,train
44,82,r44_c82,test
44,83,r44_c83,test
44,84,r44_c84,train
44,85,r44_c85,train
44,86,r44_c86,train
44,87,r44_c87,train
44,88,r44_c88,train
44,89,r44_c89,train
44,90,r44_c90,test
44,91,r44_c91,test
44,92,r44_c92,validation
44,93,r44_c93,train
44,94,r44_c94,validation
44,95,r44_c95,train
44,96,r44_c96,train
44,97,r44_c97,validation
44,98,r44_c98,test
44,99,r44_c99,train
44,100,r44_c100,train
44,101,r44_c101,train
44,102,r44_c102,train
44,103,r44_c103,train
44,104,r44_c104,train
44,105,r44_c105,train
44,106,r44_c106,test
44,107,r44_c107,train
44,108,r44_c108,train
44,109,r44_c109,train
44,110,r44_c110,train
44,111,r44_c111,train
44,112,r44_c112,train
44,113,r44_c113,validation
44,114,r44_c114,train
44,115,r44_c115,train
44,116,r44_c116,test
44,117,r44_c117,test
44,118,r44_c118,train
44,119,r44_c119,validation
44,120,r44_c120,test
44,121,r44_c121,train
44,122,r44_c122,train
44,123,r44_c123,train
44,124,r44_c124,train
44,125,r44_c125,train
44,126,r44_c126,test
44,127,r44_c127,train
45,0,r45_c0,train
45,1,r45_c1,train
45,2,r45_c2,train
45,3,r45_c3,train
45,4,r45_c4,test
45,5,r45_c5,validation
45,6,r45_c6,train
45,7,r45_c7,validation
45,8,r45_c8,train
45,9,r45_c9,train
45,10,r45_c10,validation
45,11,r45_c11,train
45,12,r45_c12,validation
45,13,r45_c13,train
45,14,r45_c14,train
45,15,r45_c15,validation
45,16,r45_c16,train
45,17,r45_c17,test
45,18,r45_c18,train
45,19,r45_c19,train
45,20,r45_c20,train
45,21,r45_c21,test
45,22,r45_c22,train
45,23,r45_c23,train
45,24,r45_c24,train
45,25,r45_c25,train
45,26,r45_c26,train
45,27,r45_c27,validation
45,28,r45_c28,train
45,29,r45_c29,train
45,30,r45_c30,train
45,31,r45_c31,train
45,32,r45_c32,validation
45,33,r45_c33,train
45,34,r45_c34,train
45,35,r45_c35,train
45,36,r45_c36,train
45,37,r45_c37,train
45,38,r45_c38,train
45,39,r45_c39,train
45,40,r45_c40,train
45,41,r45_c41,validation
45,42,r45_c42,test
45,43,r45_c43,test
45,44,r45_c44,train
45,45,r45_c45,train
45,46,r45_c46,test
45,47,r45_c47,train
45,48,r45_c48,train
45,49,r45_c49,train
45,50,r45_c50,test
45,51,r45_c51,train
45,52,r45_c52,train
45,53,r45_c53,validation
45,54,r45_c54,train
45,55,r45_c55,train
45,56,r45_c56,validation
45,57,r45_c57,train
45,58,r45_c58,test
45,59,r45_c59,train
45,60,r45_c60,train
45,61,r45_c61,train
45,62,r45_c62,train
45,63,r45_c63,train
45,64,r45_c64,train
45,65,r45_c65,train
45,66,r45_c66,train
45,67,r45_c67,train
45,68,r45_c68,train
45,69,r45_c69,validation
45,70,r45_c70,validation
45,71,r45_c71,train
45,72,r45_c72,train
45,73,r45_c73,validation
45,74,r45_c74,train
45,75,r45_c75,validation
45,76,r45_c76,test
45,77,r45_c77,train
45,78,r45_c78,train
45,79,r45_c79,train
45,80,r45_c80,train
45,81,r45_c81,train
45,82,r45_c82,train
45,83,r45_c83,train
45,84,r45_c84,train
45,85,r45_c85,train
45,86,r45_c86,validation
45,87,r45_c87,test
45,88,r45_c88,train
45,89,r45_c89,train
45,90,r45_c90,train
45,91,r45_c91,train
45,92,r45_c92,test
45,93,r45_c93,test
45,94,r45_c94,train
45,95,r45_c95,train
45,96,r45_c96,train
45,97,r45_c97,train
45,98,r45_c98,train
45,99,r45_c99,train
45,100,r45_c100,train
45,101,r45_c101,train
45,102,r45_c102,test
45,103,r45_c103,validation
45,104,r45_c104,train
45,105,r45_c105,train
45,106,r45_c106,train
45,107,r45_c107,train
45,108,r45_c108,train
45,109,r45_c109,train
45,110,r45_c110,train
45,111,r45_c111,train
45,112,r45_c112,train
45,113,r45_c113,validation
45,114,r45_c114,train
45,115,r45_c115,train
45,116,r45_c116,train
45,117,r45_c117,train
45,118,r45_c118,train
45,119,r45_c119,train
45,120,r45_c120,train
45,121,r45_c121,train
45,122,r45_c122,train
45,123,r45_c123,validation
45,124,r45_c124,train
45,125,r45_c125,train
45,126,r45_c126,train
45,127,r45_c127,train
46,0,r46_c0,validation
46,1,r46_c1,train
46,2,r46_c2,train
46,3,r46_c3,validation
46,4,r46_c4,test
46,5,r46_c5,train
46,6,r46_c6,train
46,7,r46_c7,train
46,8,r46_c8,train
46,9,r46_c9,train
46,10,r46_c10,train
46,11,r46_c11,train
46,12,r46_c12,validation
46,13,r46_c13,test
46,14,r46_c14,train
46,15,r46_c15,test
46,16,r46_c16,train
46,17,r46_c17,validation
46,18,r46_c18,train
46,19,r46_c19,train
46,20,r46_c20,validation
46,21,r46_c21,train
46,22,r46_c22,train
46,23,r46_c23,train
46,24,r46_c24,validation
46,25,r46_c25,train
46,26,r46_c26,validation
46,27,r46_c27,test
46,28,r46_c28,train
46,29,r46_c29,test
46,30,r46_c30,train
46,31,r46_c31,train
46,32,r46_c32,test
46,33,r46_c33,test
46,34,r46_c34,train
46,35,r46_c35,train
46,36,r46_c36,train
46,37,r46_c37,train
46,38,r46_c38,train
46,39,r46_c39,test
46,40,r46_c40,train
46,41,r46_c41,train
46,42,r46_c42,validation
46,43,r46_c43,validation
46,44,r46_c44,train
46,45,r46_c45,train
46,46,r46_c46,train
46,47,r46_c47,train
46,48,r46_c48,train
46,49,r46_c49,train
46,50,r46_c50,train
46,51,r46_c51,train
46,52,r46_c52,train
46,53,r46_c53,validation
46,54,r46_c54,train
46,55,r46_c55,test
46,56,r46_c56,train
46,57,r46_c57,train
46,58,r46_c58,train
46,59,r46_c59,train
46,60,r46_c60,train
46,61,r46_c61,train
46,62,r46_c62,validation
46,63,r46_c63,train
46,64,r46_c64,test
46,65,r46_c65,validation
46,66,r46_c66,train
46,67,r46_c67,test
46,68,r46_c68,train
46,69,r46_c69,train
46,70,r46_c70,test
46,71,r46_c71,train
46,72,r46_c72,train
46,73,r46_c73,train
46,74,r46_c74,train
46,75,r46_c75,train
46,76,r46_c76,validation
46,77,r46_c77,test
46,78,r46_c78,train
46,79,r46_c79,train
46,80,r46_c80,train
46,81,r46_c81,train
46,82,r46_c82,train
46,83,r46_c83,train
46,84,r46_c84,train
46,85,r46_c85,train
46,86,r46_c86,train
46,87,r46_c87,train
46,88,r46_c88,validation
46,89,r46_c89,train
46,90,r46_c90,train
46,91,r46_c91,train
46,92,r46_c92,test
46,93,r46_c93,train
46,94,r46_c94,train
46,95,r46_c95,train
46,96,r46_c96,train
46,97,r46_c97,train
46,98,r46_c98,train
46,99,r46_c99,train
46,100,r46_c100,train
46,101,r46_c101,test
46,102,r46_c102,train
46,103,r46_c103,validation
46,104,r46_c104,test
46,105,r46_c105,train
46,106,r46_c106,test
46,107,r46_c107,validation
46,108,r46_c108,train
46,109,r46_c109,train
46,110,r46_c110,train
46,111,r46_c111,train
46,112,r46_c112,train
46,113,r46_c113,test
46,114,r46_c114,train
46,115,r46_c115,train
46,116,r46_c116,train
46,117,r46_c117,train
46,118,r46_c118,train
46,119,r46_c119,train
46,120,r46_c120,train
46,121,r46_c121,train
46,122,r46_c122,train
46,123,r46_c123,train
46,124,r46_c124,train
46,125,r46_c125,train
46,126,r46_c126,train
46,127,r46_c127,train
47,0,r47_c0,train
47,1,r47_c1,validation
47,2,r47_c2,train
47,3,r47_c3,test
47,4,r47_c4,train
47,5,r47_c5,train
47,6,r47_c6,train
47,7,r47_c7,test
47,8,r47_c8,train
47,9,r47_c9,validation
47,10,r47_c10,train
47,11,r47_c11,train
47,12,r47_c12,train
47,13,r47_c13,train
47,14,r47_c14,train
47,15,r47_c15,test
47,16,r47_c16,validation
47,17,r47_c17,train
47,18,r47_c18,train
47,19,r47_c19,train
47,20,r47_c20,validation
47,21,r47_c21,train
47,22,r47_c22,train
47,23,r47_c23,train
47,24,r47_c24,train
47,25,r47_c25,validation
47,26,r47_c26,train
47,27,r47_c27,validation
47,28,r47_c28,train
47,29,r47_c29,test
47,30,r47_c30,train
47,31,r47_c31,train
47,32,r47_c32,train
47,33,r47_c33,train
47,34,r47_c34,train
47,35,r47_c35,train
47,36,r47_c36,train
47,37,r47_c37,train
47,38,r47_c38,train
47,39,r47_c39,train
47,40,r47_c40,train
47,41,r47_c41,train
47,42,r47_c42,test
47,43,r47_c43,train
47,44,r47_c44,test
47,45,r47_c45,train
47,46,r47_c46,train
47,47,r47_c47,train
47,48,r47_c48,train
47,49,r47_c49,train
47,50,r47_c50,train
47,51,r47_c51,train
47,52,r47_c52,train
47,53,r47_c53,train
47,54,r47_c54,train
47,55,r47_c55,test
47,56,r47_c56,train
47,57,r47_c57,train
47,58,r47_c58,train
47,59,r47_c59,train
47,60,r47_c60,test
47,61,r47_c61,train
47,62,r47_c62,train
47,63,r47_c63,train
47,64,r47_c64,train
47,65,r47_c65,train
47,66,r47_c66,test
47,67,r47_c67,test
47,68,r47_c68,test
47,69,r47_c69,train
47,70,r47_c70,train
47,71,r47_c71,train
47,72,r47_c72,test
47,73,r47_c73,train
47,74,r47_c74,validation
47,75,r47_c75,train
47,76,r47_c76,test
47,77,r47_c77,train
47,78,r47_c78,test
47,79,r47_c79,train
47,80,r47_c80,train
47,81,r47_c81,test
47,82,r47_c82,train
47,83,r47_c83,train
47,84,r47_c84,train
47,85,r47_c85,train
47,86,r47_c86,validation
47,87,r47_c87,train
47,88,r47_c88,train
47,89,r47_c89,train
47,90,r47_c90,train
47,91,r47_c91,train
47,92,r47_c92,test
47,93,r47_c93,train
47,94,r47_c94,train
47,95,r47_c95,train
47,96,r47_c96,train
47,97,r47_c97,train
47,98,r47_c98,train
47,99,r47_c99,train
47,100,r47_c100,test
47,101,r47_c101,train
47,102,r47_c102,train
47,103,r47_c103,test
47,104,r47_c104,train
47,105,r47_c105,test
47,106,r47_c106,train
47,107,r47_c107,validation
47,108,r47_c108,test
47,109,r47_c109,train
47,110,r47_c110,train
47,111,r47_c111,test
47,112,r47_c112,train
47,113,r47_c113,test
47,114,r47_c114,train
47,115,r47_c115,validation
47,116,r47_c116,train
47,117,r47_c117,train
47,118,r47_c118,validation
47,119,r47_c119,train
47,120,r47_c120,test
47,121,r47_c121,train
47,122,r47_c122,train
47,123,r47_c123,validation
47,124,r47_c124,train
47,125,r47_c125,train
47,126,r47_c126,train
47,127,r47_c127,validation
48,0,r48_c0,train
48,1,r48_c1,train
48,2,r48_c2,train
48,3,r48_c3,train
48,4,r48_c4,test
48,5,r48_c5,train
48,6,r48_c6,train
48,7,r48_c7,train
48,8,r48_c8,test
48,9,r48_c9,test
48,10,r48_c10,train
48,11,r48_c11,train
48,12,r48_c12,test
48,13,r48_c13,train
48,14,r48_c14,train
48,15,r48_c15,train
48,16,r48_c16,train
48,17,r48_c17,train
48,18,r48_c18,train
48,19,r48_c19,train
48,20,r48_c20,train
48,21,r48_c21,validation
48,22,r48_c22,train
48,23,r48_c23,train
48,24,r48_c24,train
48,25,r48_c25,train
48,26,r48_c26,train
48,27,r48_c27,train
48,28,r48_c28,train
48,29,r48_c29,test
48,30,r48_c30,train
48,31,r48_c31,train
48,32,r48_c32,train
48,33,r48_c33,train
48,34,r48_c34,test
48,35,r48_c35,train
48,36,r48_c36,test
48,37,r48_c37,test
48,38,r48_c38,train
48,39,r48_c39,train
48,40,r48_c40,test
48,41,r48_c41,train
48,42,r48_c42,train
48,43,r48_c43,train
48,44,r48_c44,train
48,45,r48_c45,train
48,46,r48_c46,train
48,47,r48_c47,test
48,48,r48_c48,train
48,49,r48_c49,train
48,50,r48_c50,train
48,51,r48_c51,train
48,52,r48_c52,train
48,53,r48_c53,train
48,54,r48_c54,validation
48,55,r48_c55,train
48,56,r48_c56,train
48,57,r48_c57,train
48,58,r48_c58,validation
48,59,r48_c59,test
48,60,r48_c60,train
48,61,r48_c61,train
48,62,r48_c62,train
48,63,r48_c63,train
48,64,r48_c64,train
48,65,r48_c65,train
48,66,r48_c66,train
48,67,r48_c67,train
48,68,r48_c68,train
48,69,r48_c69,train
48,70,r48_c70,train
48,71,r48_c71,train
48,72,r48_c72,train
48,73,r48_c73,train
48,74,r48_c74,train
48,75,r48_c75,train
48,76,r48_c76,train
48,77,r48_c77,validation
48,78,r48_c78,train
48,79,r48_c79,train
48,80,r48_c80,train
48,81,r48_c81,validation
48,82,r48_c82,test
48,83,r48_c83,validation
48,84,r48_c84,train
48,85,r48_c85,train
48,86,r48_c86,train
48,87,r48_c87,test
48,88,r48_c88,validation
48,89,r48_c89,train
48,90,r48_c90,train
48,91,r48_c91,train
48,92,r48_c92,train
48,93,r48_c93,train
48,94,r48_c94,test
48,95,r48_c95,train
48,96,r48_c96,train
48,97,r48_c97,train
48,98,r48_c98,test
48,99,r48_c99,train
48,100,r48_c100,train
48,101,r48_c101,train
48,102,r48_c102,train
48,103,r48_c103,train
48,104,r48_c104,validation
48,105,r48_c105,train
48,106,r48_c106,test
48,107,r48_c107,train
48,108,r48_c108,train
48,109,r48_c109,train
48,110,r48_c110,test
48,111,r48_c111,train
48,112,r48_c112,train
48,113,r48_c113,train
48,114,r48_c114,train
48,115,r48_c115,train
48,116,r48_c116,test
48,117,r48_c117,validation
48,118,r48_c118,test
48,119,r48_c119,train
48,120,r48_c120,train
48,121,r48_c121,train
48,122,r48_c122,test
48,123,r48_c123,train
48,124,r48_c124,train
48,125,r48_c125,validation
48,126,r48_c126,validation
48,127,r48_c127,train
49,0,r49_c0,test
49,1,r49_c1,test
49,2,r49_c2,train
49,3,r49_c3,validation
49,4,r49_c4,train
49,5,r49_c5,train
49,6,r49_c6,train
49,7,r49_c7,train
49,8,r49_c8,train
49,9,r49_c9,validation
49,10,r49_c10,train
49,11,r49_c11,train
49,12,r49_c12,test
49,13,r49_c13,test
49,14,r49_c14,train
49,15,r49_c15,train
49,16,r49_c16,train
49,17,r49_c17,train
49,18,r49_c18,train
49,19,r49_c19,train
49,20,r49_c20,train
49,21,r49_c21,validation
49,22,r49_c22,train
49,23,r49_c23,train
49,24,r49_c24,train
49,25,r49_c25,train
49,26,r49_c26,train
49,27,r49_c27,train
49,28,r49_c28,validation
49,29,r49_c29,train
49,30,r49_c30,test
49,31,r49_c31,train
49,32,r49_c32,validation
49,33,r49_c33,train
49,34,r49_c34,train
49,35,r49_c35,train
49,36,r49_c36,test
49,37,r49_c37,train
49,38,r49_c38,train
49,39,r49_c39,train
49,40,r49_c40,test
49,41,r49_c41,train
49,42,r49_c42,train
49,43,r49_c43,train
49,44,r49_c44,train
49,45,r49_c45,train
49,46,r49_c46,validation
49,47,r49_c47,train
49,48,r49_c48,train
49,49,r49_c49,train
49,50,r49_c50,train
49,51,r49_c51,train
49,52,r49_c52,validation
49,53,r49_c53,validation
49,54,r49_c54,validation
49,55,r49_c55,train
49,56,r49_c56,validation
49,57,r49_c57,train
49,58,r49_c58,train
49,59,r49_c59,train
49,60,r49_c60,train
49,61,r49_c61,train
49,62,r49_c62,train
49,63,r49_c63,train
49,64,r49_c64,train
49,65,r49_c65,validation
49,66,r49_c66,test
49,67,r49_c67,train
49,68,r49_c68,validation
49,69,r49_c69,train
49,70,r49_c70,test
49,71,r49_c71,validation
49,72,r49_c72,validation
49,73,r49_c73,train
49,74,r49_c74,train
49,75,r49_c75,train
49,76,r49_c76,train
49,77,r49_c77,train
49,78,r49_c78,train
49,79,r49_c79,train
49,80,r49_c80,train
49,81,r49_c81,train
49,82,r49_c82,train
49,83,r49_c83,validation
49,84,r49_c84,validation
49,85,r49_c85,validation
49,86,r49_c86,test
49,87,r49_c87,validation
49,88,r49_c88,train
49,89,r49_c89,train
49,90,r49_c90,test
49,91,r49_c91,train
49,92,r49_c92,validation
49,93,r49_c93,train
49,94,r49_c94,train
49,95,r49_c95,train
49,96,r49_c96,test
49,97,r49_c97,train
49,98,r49_c98,train
49,99,r49_c99,train
49,100,r49_c100,validation
49,101,r49_c101,train
49,102,r49_c102,train
49,103,r49_c103,validation
49,104,r49_c104,train
49,105,r49_c105,train
49,106,r49_c106,validation
49,107,r49_c107,train
49,108,r49_c108,validation
49,109,r49_c109,train
49,110,r49_c110,train
49,111,r49_c111,train
49,112,r49_c112,train
49,113,r49_c113,test
49,114,r49_c114,validation
49,115,r49_c115,train
49,116,r49_c116,train
49,117,r49_c117,test
49,118,r49_c118,train
49,119,r49_c119,train
49,120,r49_c120,train
49,121,r49_c121,train
49,122,r49_c122,train
49,123,r49_c123,train
49,124,r49_c124,test
49,125,r49_c125,validation
49,126,r49_c126,validation
49,127,r49_c127,validation
50,0,r50_c0,train
50,1,r50_c1,train
50,2,r50_c2,test
50,3,r50_c3,train
50,4,r50_c4,train
50,5,r50_c5,train
50,6,r50_c6,validation
50,7,r50_c7,train
50,8,r50_c8,test
50,9,r50_c9,train
50,10,r50_c10,train
50,11,r50_c11,train
50,12,r50_c12,validation
50,13,r50_c13,validation
50,14,r50_c14,train
50,15,r50_c15,train
50,16,r50_c16,train
50,17,r50_c17,train
50,18,r50_c18,train
50,19,r50_c19,train
50,20,r50_c20,test
50,21,r50_c21,train
50,22,r50_c22,train
50,23,r50_c23,train
50,24,r50_c24,train
50,25,r50_c25,train
50,26,r50_c26,train
50,27,r50_c27,train
50,28,r50_c28,train
50,29,r50_c29,train
50,30,r50_c30,train
50,31,r50_c31,test
50,32,r50_c32,train
50,33,r50_c33,train
50,34,r50_c34,train
50,35,r50_c35,validation
50,36,r50_c36,train
50,37,r50_c37,train
50,38,r50_c38,train
50,39,r50_c39,train
50,40,r50_c40,train
50,41,r50_c41,train
50,42,r50_c42,train
50,43,r50_c43,train
50,44,r50_c44,train
50,45,r50_c45,train
50,46,r50_c46,train
50,47,r50_c47,validation
50,48,r50_c48,test
50,49,r50_c49,train
50,50,r50_c50,train
50,51,r50_c51,train
50,52,r50_c52,validation
50,53,r50_c53,train
50,54,r50_c54,train
50,55,r50_c55,train
50,56,r50_c56,validation
50,57,r50_c57,validation
50,58,r50_c58,train
50,59,r50_c59,train
50,60,r50_c60,train
50,61,r50_c61,test
50,62,r50_c62,test
50,63,r50_c63,train
50,64,r50_c64,train
50,65,r50_c65,train
50,66,r50_c66,validation
50,67,r50_c67,train
50,68,r50_c68,train
50,69,r50_c69,validation
50,70,r50_c70,train
50,71,r50_c71,train
50,72,r50_c72,train
50,73,r50_c73,train
50,74,r50_c74,test
50,75,r50_c75,train
50,76,r50_c76,train
50,77,r50_c77,train
50,78,r50_c78,train
50,79,r50_c79,train
50,80,r50_c80,train
50,81,r50_c81,validation
50,82,r50_c82,train
50,83,r50_c83,validation
50,84,r50_c84,train
50,85,r50_c85,test
50,86,r50_c86,train
50,87,r50_c87,train
50,88,r50_c88,train
50,89,r50_c89,validation
50,90,r50_c90,train
50,91,r50_c91,train
50,92,r50_c92,train
50,93,r50_c93,validation
50,94,r50_c94,validation
50,95,r50_c95,train
50,96,r50_c96,train
50,97,r50_c97,train
50,98,r50_c98,train
50,99,r50_c99,train
50,100,r50_c100,train
50,101,r50_c101,train
50,102,r50_c102,train
50,103,r50_c103,train
50,104,r50_c104,train
50,105,r50_c105,test
50,106,r50_c106,test
50,107,r50_c107,train
50,108,r50_c108,train
50,109,r50_c109,train
50,110,r50_c110,train
50,111,r50_c111,train
50,112,r50_c112,train
50,113,r50_c113,test
50,114,r50_c114,test
50,115,r50_c115,train
50,116,r50_c116,train
50,117,r50_c117,train
50,118,r50_c118,train
50,119,r50_c119,test
50,120,r50_c120,train
50,121,r50_c121,train
50,122,r50_c122,test
50,123,r50_c123,validation
50,124,r50_c124,train
50,125,r50_c125,train
50,126,r50_c126,train
50,127,r50_c127,validation
51,0,r51_c0,test
51,1,r51_c1,train
51,2,r51_c2,train
51,3,r51_c3,validation
51,4,r51_c4,train
51,5,r51_c5,test
51,6,r51_c6,train
51,7,r51_c7,train
51,8,r51_c8,test
51,9,r51_c9,train
51,10,r51_c10,train
51,11,r51_c11,test
51,12,r51_c12,train
51,13,r51_c13,train
51,14,r51_c14,validation
51,15,r51_c15,train
51,16,r51_c16,train
51,17,r51_c17,train
51,18,r51_c18,validation
51,19,r51_c19,train
51,20,r51_c20,train
51,21,r51_c21,train
51,22,r51_c22,train
51,23,r51_c23,train
51,24,r51_c24,train
51,25,r51_c25,train
51,26,r51_c26,train
51,27,r51_c27,validation
51,28,r51_c28,train
51,29,r51_c29,train
51,30,r51_c30,test
51,31,r51_c31,train
51,32,r51_c32,train
51,33,r51_c33,test
51,34,r51_c34,train
51,35,r51_c35,train
51,36,r51_c36,test
51,37,r51_c37,validation
51,38,r51_c38,train
51,39,r51_c39,validation
51,40,r51_c40,train
51,41,r51_c41,train
51,42,r51_c42,train
51,43,r51_c43,validation
51,44,r51_c44,train
51,45,r51_c45,train
51,46,r51_c46,train
51,47,r51_c47,test
51,48,r51_c48,test
51,49,r51_c49,train
51,50,r51_c50,train
51,51,r51_c51,test
51,52,r51_c52,train
51,53,r51_c53,train
51,54,r51_c54,train
51,55,r51_c55,train
51,56,r51_c56,train
51,57,r51_c57,train
51,58,r51_c58,train
51,59,r51_c59,train
51,60,r51_c60,validation
51,61,r51_c61,test
51,62,r51_c62,test
51,63,r51_c63,train
51,64,r51_c64,validation
51,65,r51_c65,train
51,66,r51_c66,train
51,67,r51_c67,validation
51,68,r51_c68,train
51,69,r51_c69,validation
51,70,r51_c70,train
51,71,r51_c71,train
51,72,r51_c72,test
51,73,r51_c73,train
51,74,r51_c74,train
51,75,r51_c75,validation
51,76,r51_c76,train
51,77,r51_c77,validation
51,78,r51_c78,train
51,79,r51_c79,train
51,80,r51_c80,train
51,81,r51_c81,train
51,82,r51_c82,train
51,83,r51_c83,train
51,84,r51_c84,train
51,85,r51_c85,validation
51,86,r51_c86,train
51,87,r51_c87,train
51,88,r51_c88,train
51,89,r51_c89,train
51,90,r51_c90,train
51,91,r51_c91,train
51,92,r51_c92,test
51,93,r51_c93,train
51,94,r51_c94,train
51,95,r51_c95,train
51,96,r51_c96,validation
51,97,r51_c97,train
51,98,r51_c98,test
51,99,r51_c99,train
51,100,r51_c100,train
51,101,r51_c101,train
51,102,r51_c102,train
51,103,r51_c103,train
51,104,r51_c104,train
51,105,r51_c105,train
51,106,r51_c106,train
51,107,r51_c107,train
51,108,r51_c108,validation
51,109,r51_c109,train
51,110,r51_c110,validation
51,111,r51_c111,train
51,112,r51_c112,train
51,113,r51_c113,validation
51,114,r51_c114,train
51,115,r51_c115,train
51,116,r51_c116,test
51,117,r51_c117,train
51,118,r51_c118,train
51,119,r51_c119,train
51,120,r51_c120,train
51,121,r51_c121,train
51,122,r51_c122,train
51,123,r51_c123,train
51,124,r51_c124,validation
51,125,r51_c125,test
51,126,r51_c126,validation
51,127,r51_c127,test
52,0,r52_c0,test
52,1,r52_c1,test
52,2,r52_c2,train
52,3,r52_c3,test
52,4,r52_c4,train
52,5,r52_c5,validation
52,6,r52_c6,test
52,7,r52_c7,train
52,8,r52_c8,validation
52,9,r52_c9,train
52,10,r52_c10,train
52,11,r52_c11,train
52,12,r52_c12,train
52,13,r52_c13,validation
52,14,r52_c14,train
52,15,r52_c15,train
52,16,r52_c16,train
52,17,r52_c17,train
52,18,r52_c18,train
52,19,r52_c19,train
52,20,r52_c20,train
52,21,r52_c21,train
52,22,r52_c22,train
52,23,r52_c23,validation
52,24,r52_c24,test
52,25,r52_c25,train
52,26,r52_c26,train
52,27,r52_c27,train
52,28,r52_c28,train
52,29,r52_c29,train
52,30,r52_c30,train
52,31,r52_c31,train
52,32,r52_c32,train
52,33,r52_c33,train
52,34,r52_c34,test
52,35,r52_c35,train
52,36,r52_c36,train
52,37,r52_c37,train
52,38,r52_c38,test
52,39,r52_c39,validation
52,40,r52_c40,train
52,41,r52_c41,train
52,42,r52_c42,test
52,43,r52_c43,train
52,44,r52_c44,train
52,45,r52_c45,validation
52,46,r52_c46,train
52,47,r52_c47,train
52,48,r52_c48,train
52,49,r52_c49,validation
52,50,r52_c50,train
52,51,r52_c51,train
52,52,r52_c52,train
52,53,r52_c53,train
52,54,r52_c54,train
52,55,r52_c55,train
52,56,r52_c56,train
52,57,r52_c57,train
52,58,r52_c58,train
52,59,r52_c59,train
52,60,r52_c60,train
52,61,r52_c61,test
52,62,r52_c62,train
52,63,r52_c63,train
52,64,r52_c64,train
52,65,r52_c65,train
52,66,r52_c66,train
52,67,r52_c67,train
52,68,r52_c68,train
52,69,r52_c69,train
52,70,r52_c70,validation
52,71,r52_c71,train
52,72,r52_c72,train
52,73,r52_c73,train
52,74,r52_c74,train
52,75,r52_c75,validation
52,76,r52_c76,train
52,77,r52_c77,train
52,78,r52_c78,test
52,79,r52_c79,train
52,80,r52_c80,train
52,81,r52_c81,train
52,82,r52_c82,test
52,83,r52_c83,train
52,84,r52_c84,train
52,85,r52_c85,train
52,86,r52_c86,train
52,87,r52_c87,validation
52,88,r52_c88,train
52,89,r52_c89,test
52,90,r52_c90,test
52,91,r52_c91,train
52,92,r52_c92,validation
52,93,r52_c93,train
52,94,r52_c94,train
52,95,r52_c95,validation
52,96,r52_c96,train
52,97,r52_c97,validation
52,98,r52_c98,train
52,99,r52_c99,train
52,100,r52_c100,train
52,101,r52_c101,train
52,102,r52_c102,train
52,103,r52_c103,train
52,104,r52_c104,train
52,105,r52_c105,train
52,106,r52_c106,train
52,107,r52_c107,train
52,108,r52_c108,train
52,109,r52_c109,train
52,110,r52_c110,validation
52,111,r52_c111,train
52,112,r52_c112,train
52,113,r52_c113,train
52,114,r52_c114,train
52,115,r52_c115,train
52,116,r52_c116,train
52,117,r52_c117,test
52,118,r52_c118,train
52,119,r52_c119,train
52,120,r52_c120,train
52,121,r52_c121,validation
52,122,r52_c122,train
52,123,r52_c123,train
52,124,r52_c124,train
52,125,r52_c125,validation
52,126,r52_c126,train
52,127,r52_c127,test
53,0,r53_c0,train
53,1,r53_c1,train
53,2,r53_c2,test
53,3,r53_c3,test
53,4,r53_c4,train
53,5,r53_c5,train
53,6,r53_c6,train
53,7,r53_c7,train
53,8,r53_c8,train
53,9,r53_c9,train
53,10,r53_c10,validation
53,11,r53_c11,train
53,12,r53_c12,train
53,13,r53_c13,validation
53,14,r53_c14,train
53,15,r53_c15,train
53,16,r53_c16,train
53,17,r53_c17,train
53,18,r53_c18,train
53,19,r53_c19,test
53,20,r53_c20,train
53,21,r53_c21,train
53,22,r53_c22,train
53,23,r53_c23,test
53,24,r53_c24,train
53,25,r53_c25,train
53,26,r53_c26,train
53,27,r53_c27,test
53,28,r53_c28,train
53,29,r53_c29,validation
53,30,r53_c30,test
53,31,r53_c31,validation
53,32,r53_c32,validation
53,33,r53_c33,train
53,34,r53_c34,validation
53,35,r53_c35,train
53,36,r53_c36,train
53,37,r53_c37,train
53,38,r53_c38,train
53,39,r53_c39,train
53,40,r53_c40,test
53,41,r53_c41,test
53,42,r53_c42,train
53,43,r53_c43,validation
53,44,r53_c44,train
53,45,r53_c45,train
53,46,r53_c46,train
53,47,r53_c47,train
53,48,r53_c48,validation
53,49,r53_c49,train
53,50,r53_c50,train
53,51,r53_c51,train
53,52,r53_c52,train
53,53,r53_c53,train
53,54,r53_c54,train
53,55,r53_c55,test
53,56,r53_c56,train
53,57,r53_c57,train
53,58,r53_c58,train
53,59,r53_c59,train
53,60,r53_c60,train
53,61,r53_c61,train
53,62,r53_c62,train
53,63,r53_c63,train
53,64,r53_c64,train
53,65,r53_c65,train
53,66,r53_c66,train
53,67,r53_c67,train
53,68,r53_c68,test
53,69,r53_c69,test
53,70,r53_c70,train
53,71,r53_c71,test
53,72,r53_c72,train
53,73,r53_c73,test
53,74,r53_c74,train
53,75,r53_c75,test
53,76,r53_c76,test
53,77,r53_c77,train
53,78,r53_c78,train
53,79,r53_c79,train
53,80,r53_c80,train
53,81,r53_c81,validation
53,82,r53_c82,validation
53,83,r53_c83,train
53,84,r53_c84,validation
53,85,r53_c85,train
53,86,r53_c86,validation
53,87,r53_c87,validation
53,88,r53_c88,test
53,89,r53_c89,train
53,90,r53_c90,train
53,91,r53_c91,train
53,92,r53_c92,train
53,93,r53_c93,train
53,94,r53_c94,train
53,95,r53_c95,test
53,96,r53_c96,train
53,97,r53_c97,train
53,98,r53_c98,train
53,99,r53_c99,train
53,100,r53_c100,validation
53,101,r53_c101,train
53,102,r53_c102,train
53,103,r53_c103,test
53,104,r53_c104,train
53,105,r53_c105,train
53,106,r53_c106,train
53,107,r53_c107,train
53,108,r53_c108,train
53,109,r53_c109,test
53,110,r53_c110,train
53,111,r53_c111,test
53,112,r53_c112,validation
53,113,r53_c113,train
53,114,r53_c114,train
53,115,r53_c115,train
53,116,r53_c116,train
53,117,r53_c117,train
53,118,r53_c118,validation
53,119,r53_c119,train
53,120,r53_c120,train
53,121,r53_c121,test
53,122,r53_c122,train
53,123,r53_c123,train
53,124,r53_c124,train
53,125,r53_c125,train
53,126,r53_c126,train
53,127,r53_c127,train
54,0,r54_c0,train
54,1,r54_c1,train
54,2,r54_c2,train
54,3,r54_c3,train
54,4,r54_c4,train
54,5,r54_c5,train
54,6,r54_c6,train
54,7,r54_c7,validation
54,8,r54_c8,train
54,9,r54_c9,train
54,10,r54_c10,train
54,11,r54_c11,train
54,12,r54_c12,train
54,13,r54_c13,test
54,14,r54_c14,test
54,15,r54_c15,train
54,16,r54_c16,train
54,17,r54_c17,validation
54,18,r54_c18,train
54,19,r54_c19,train
54,20,r54_c20,validation
54,21,r54_c21,train
54,22,r54_c22,train
54,23,r54_c23,validation
54,24,r54_c24,test
54,25,r54_c25,train
54,26,r54_c26,test
54,27,r54_c27,train
54,28,r54_c28,validation
54,29,r54_c29,validation
54,30,r54_c30,train
54,31,r54_c31,validation
54,32,r54_c32,train
54,33,r54_c33,train
54,34,r54_c34,train
54,35,r54_c35,test
54,36,r54_c36,train
54,37,r54_c37,train
54,38,r54_c38,train
54,39,r54_c39,validation
54,40,r54_c40,train
54,41,r54_c41,train
54,42,r54_c42,test
54,43,r54_c43,train
54,44,r54_c44,test
54,45,r54_c45,train
54,46,r54_c46,train
54,47,r54_c47,test
54,48,r54_c48,test
54,49,r54_c49,train
54,50,r54_c50,train
54,51,r54_c51,validation
54,52,r54_c52,train
54,53,r54_c53,train
54,54,r54_c54,train
54,55,r54_c55,train
54,56,r54_c56,train
54,57,r54_c57,train
54,58,r54_c58,train
54,59,r54_c59,train
54,60,r54_c60,train
54,61,r54_c61,train
54,62,r54_c62,train
54,63,r54_c63,validation
54,64,r54_c64,train
54,65,r54_c65,train
54,66,r54_c66,train
54,67,r54_c67,train
54,68,r54_c68,train
54,69,r54_c69,validation
54,70,r54_c70,train
54,71,r54_c71,validation
54,72,r54_c72,test
54,73,r54_c73,validation
54,74,r54_c74,train
54,75,r54_c75,validation
54,76,r54_c76,test
54,77,r54_c77,validation
54,78,r54_c78,train
54,79,r54_c79,train
54,80,r54_c80,test
54,81,r54_c81,train
54,82,r54_c82,train
54,83,r54_c83,train
54,84,r54_c84,test
54,85,r54_c85,validation
54,86,r54_c86,train
54,87,r54_c87,train
54,88,r54_c88,train
54,89,r54_c89,train
54,90,r54_c90,train
54,91,r54_c91,train
54,92,r54_c92,test
54,93,r54_c93,train
54,94,r54_c94,train
54,95,r54_c95,validation
54,96,r54_c96,validation
54,97,r54_c97,test
54,98,r54_c98,train
54,99,r54_c99,train
54,100,r54_c100,train
54,101,r54_c101,test
54,102,r54_c102,train
54,103,r54_c103,train
54,104,r54_c104,validation
54,105,r54_c105,train
54,106,r54_c106,train
54,107,r54_c107,train
54,108,r54_c108,train
54,109,r54_c109,train
54,110,r54_c110,train
54,111,r54_c111,train
54,112,r54_c112,train
54,113,r54_c113,validation
54,114,r54_c114,train
54,115,r54_c115,train
54,116,r54_c116,train
54,117,r54_c117,train
54,118,r54_c118,train
54,119,r54_c119,test
54,120,r54_c120,train
54,121,r54_c121,test
54,122,r54_c122,train
54,123,r54_c123,train
54,124,r54_c124,train
54,125,r54_c125,test
54,126,r54_c126,train
54,127,r54_c127,train
55,0,r55_c0,train
55,1,r55_c1,train
55,2,r55_c2,train
55,3,r55_c3,validation
55,4,r55_c4,train
55,5,r55_c5,train
55,6,r55_c6,train
55,7,r55_c7,train
55,8,r55_c8,train
55,9,r55_c9,train
55,10,r55_c10,train
55,11,r55_c11,train
55,12,r55_c12,train
55,13,r55_c13,train
55,14,r55_c14,train
55,15,r55_c15,test
55,16,r55_c16,train
55,17,r55_c17,train
55,18,r55_c18,train
55,19,r55_c19,test
55,20,r55_c20,train
55,21,r55_c21,validation
55,22,r55_c22,train
55,23,r55_c23,train
55,24,r55_c24,validation
55,25,r55_c25,train
55,26,r55_c26,train
55,27,r55_c27,train
55,28,r55_c28,validation
55,29,r55_c29,train
55,30,r55_c30,train
55,31,r55_c31,test
55,32,r55_c32,test
55,33,r55_c33,train
55,34,r55_c34,train
55,35,r55_c35,train
55,36,r55_c36,train
55,37,r55_c37,train
55,38,r55_c38,train
55,39,r55_c39,train
55,40,r55_c40,test
55,41,r55_c41,train
55,42,r55_c42,train
55,43,r55_c43,train
55,44,r55_c44,train
55,45,r55_c45,train
55,46,r55_c46,train
55,47,r55_c47,validation
55,48,r55_c48,train
55,49,r55_c49,train
55,50,r55_c50,train
55,51,r55_c51,train
55,52,r55_c52,validation
55,53,r55_c53,train
55,54,r55_c54,train
55,55,r55_c55,validation
55,56,r55_c56,validation
55,57,r55_c57,validation
55,58,r55_c58,validation
55,59,r55_c59,train
55,60,r55_c60,train
55,61,r55_c61,train
55,62,r55_c62,validation
55,63,r55_c63,train
55,64,r55_c64,train
55,65,r55_c65,train
55,66,r55_c66,train
55,67,r55_c67,train
55,68,r55_c68,train
55,69,r55_c69,train
55,70,r55_c70,train
55,71,r55_c71,test
55,72,r55_c72,train
55,73,r55_c73,train
55,74,r55_c74,train
55,75,r55_c75,train
55,76,r55_c76,train
55,77,r55_c77,validation
55,78,r55_c78,train
55,79,r55_c79,train
55,80,r55_c80,train
55,81,r55_c81,validation
55,82,r55_c82,train
55,83,r55_c83,train
55,84,r55_c84,train
55,85,r55_c85,train
55,86,r55_c86,train
55,87,r55_c87,train
55,88,r55_c88,validation
55,89,r55_c89,train
55,90,r55_c90,validation
55,91,r55_c91,train
55,92,r55_c92,train
55,93,r55_c93,train
55,94,r55_c94,train
55,95,r55_c95,test
55,96,r55_c96,train
55,97,r55_c97,train
55,98,r55_c98,train
55,99,r55_c99,train
55,100,r55_c100,train
55,101,r55_c101,validation
55,102,r55_c102,train
55,103,r55_c103,train
55,104,r55_c104,train
55,105,r55_c105,train
55,106,r55_c106,train
55,107,r55_c107,test
55,108,r55_c108,test
55,109,r55_c109,train
55,110,r55_c110,validation
55,111,r55_c111,train
55,112,r55_c112,train
55,113,r55_c113,train
55,114,r55_c114,validation
55,115,r55_c115,train
55,116,r55_c116,train
55,117,r55_c117,train
55,118,r55_c118,train
55,119,r55_c119,train
55,120,r55_c120,validation
55,121,r55_c121,train
55,122,r55_c122,train
55,123,r55_c123,train
55,124,r55_c124,train
55,125,r55_c125,train
55,126,r55_c126,train
55,127,r55_c127,validation
56,0,r56_c0,train
56,1,r56_c1,train
56,2,r56_c2,train
56,3,r56_c3,train
56,4,r56_c4,train
56,5,r56_c5,train
56,6,r56_c6,train
56,7,r56_c7,train
56,8,r56_c8,train
56,9,r56_c9,train
56,10,r56_c10,train
56,11,r56_c11,train
56,12,r56_c12,test
56,13,r56_c13,train
56,14,r56_c14,test
56,15,r56_c15,train
56,16,r56_c16,validation
56,17,r56_c17,train
56,18,r56_c18,train
56,19,r56_c19,train
56,20,r56_c20,train
56,21,r56_c21,train
56,22,r56_c22,train
56,23,r56_c23,test
56,24,r56_c24,test
56,25,r56_c25,train
56,26,r56_c26,train
56,27,r56_c27,train
56,28,r56_c28,test
56,29,r56_c29,train
56,30,r56_c30,validation
56,31,r56_c31,train
56,32,r56_c32,train
56,33,r56_c33,train
56,34,r56_c34,train
56,35,r56_c35,train
56,36,r56_c36,validation
56,37,r56_c37,train
56,38,r56_c38,validation
56,39,r56_c39,train
56,40,r56_c40,train
56,41,r56_c41,train
56,42,r56_c42,train
56,43,r56_c43,train
56,44,r56_c44,train
56,45,r56_c45,train
56,46,r56_c46,train
56,47,r56_c47,train
56,48,r56_c48,train
56,49,r56_c49,train
56,50,r56_c50,train
56,51,r56_c51,test
56,52,r56_c52,train
56,53,r56_c53,train
56,54,r56_c54,validation
56,55,r56_c55,test
56,56,r56_c56,train
56,57,r56_c57,train
56,58,r56_c58,validation
56,59,r56_c59,train
56,60,r56_c60,train
56,61,r56_c61,test
56,62,r56_c62,train
56,63,r56_c63,validation
56,64,r56_c64,validation
56,65,r56_c65,train
56,66,r56_c66,train
56,67,r56_c67,train
56,68,r56_c68,train
56,69,r56_c69,train
56,70,r56_c70,validation
56,71,r56_c71,validation
56,72,r56_c72,train
56,73,r56_c73,train
56,74,r56_c74,test
56,75,r56_c75,validation
56,76,r56_c76,test
56,77,r56_c77,train
56,78,r56_c78,train
56,79,r56_c79,train
56,80,r56_c80,train
56,81,r56_c81,train
56,82,r56_c82,train
56,83,r56_c83,train
56,84,r56_c84,validation
56,85,r56_c85,test
56,86,r56_c86,validation
56,87,r56_c87,validation
56,88,r56_c88,test
56,89,r56_c89,train
56,90,r56_c90,train
56,91,r56_c91,validation
56,92,r56_c92,train
56,93,r56_c93,validation
56,94,r56_c94,validation
56,95,r56_c95,validation
56,96,r56_c96,train
56,97,r56_c97,test
56,98,r56_c98,train
56,99,r56_c99,train
56,100,r56_c100,test
56,101,r56_c101,validation
56,102,r56_c102,test
56,103,r56_c103,train
56,104,r56_c104,train
56,105,r56_c105,train
56,106,r56_c106,validation
56,107,r56_c107,train
56,108,r56_c108,validation
56,109,r56_c109,train
56,110,r56_c110,train
56,111,r56_c111,train
56,112,r56_c112,train
56,113,r56_c113,train
56,114,r56_c114,train
56,115,r56_c115,train
56,116,r56_c116,validation
56,117,r56_c117,train
56,118,r56_c118,train
56,119,r56_c119,train
56,120,r56_c120,test
56,121,r56_c121,train
56,122,r56_c122,validation
56,123,r56_c123,validation
56,124,r56_c124,train
56,125,r56_c125,train
56,126,r56_c126,train
56,127,r56_c127,validation
57,0,r57_c0,train
57,1,r57_c1,train
57,2,r57_c2,test
57,3,r57_c3,train
57,4,r57_c4,train
57,5,r57_c5,train
57,6,r57_c6,test
57,7,r57_c7,test
57,8,r57_c8,train
57,9,r57_c9,train
57,10,r57_c10,train
57,11,r57_c11,train
57,12,r57_c12,train
57,13,r57_c13,validation
57,14,r57_c14,test
57,15,r57_c15,train
57,16,r57_c16,train
57,17,r57_c17,train
57,18,r57_c18,train
57,19,r57_c19,train
57,20,r57_c20,train
57,21,r57_c21,train
57,22,r57_c22,train
57,23,r57_c23,train
57,24,r57_c24,train
57,25,r57_c25,train
57,26,r57_c26,train
57,27,r57_c27,validation
57,28,r57_c28,train
57,29,r57_c29,validation
57,30,r57_c30,validation
57,31,r57_c31,train
57,32,r57_c32,validation
57,33,r57_c33,train
57,34,r57_c34,validation
57,35,r57_c35,train
57,36,r57_c36,train
57,37,r57_c37,train
57,38,r57_c38,validation
57,39,r57_c39,train
57,40,r57_c40,train
57,41,r57_c41,train
57,42,r57_c42,train
57,43,r57_c43,train
57,44,r57_c44,train
57,45,r57_c45,train
57,46,r57_c46,test
57,47,r57_c47,train
57,48,r57_c48,validation
57,49,r57_c49,train
57,50,r57_c50,test
57,51,r57_c51,train
57,52,r57_c52,validation
57,53,r57_c53,train
57,54,r57_c54,train
57,55,r57_c55,train
57,56,r57_c56,test
57,57,r57_c57,test
57,58,r57_c58,train
57,59,r57_c59,train
57,60,r57_c60,train
57,61,r57_c61,test
57,62,r57_c62,train
57,63,r57_c63,train
57,64,r57_c64,train
57,65,r57_c65,train
57,66,r57_c66,train
57,67,r57_c67,train
57,68,r57_c68,train
57,69,r57_c69,train
57,70,r57_c70,train
57,71,r57_c71,train
57,72,r57_c72,train
57,73,r57_c73,train
57,74,r57_c74,train
57,75,r57_c75,train
57,76,r57_c76,test
57,77,r57_c77,train
57,78,r57_c78,train
57,79,r57_c79,train
57,80,r57_c80,test
57,81,r57_c81,train
57,82,r57_c82,train
57,83,r57_c83,test
57,84,r57_c84,validation
57,85,r57_c85,train
57,86,r57_c86,train
57,87,r57_c87,train
57,88,r57_c88,train
57,89,r57_c89,train
57,90,r57_c90,train
57,91,r57_c91,train
57,92,r57_c92,train
57,93,r57_c93,train
57,94,r57_c94,test
57,95,r57_c95,validation
57,96,r57_c96,train
57,97,r57_c97,train
57,98,r57_c98,test
57,99,r57_c99,train
57,100,r57_c100,train
57,101,r57_c101,validation
57,102,r57_c102,train
57,103,r57_c103,validation
57,104,r57_c104,train
57,105,r57_c105,test
57,106,r57_c106,test
57,107,r57_c107,train
57,108,r57_c108,train
57,109,r57_c109,train
57,110,r57_c110,validation
57,111,r57_c111,train
57,112,r57_c112,train
57,113,r57_c113,train
57,114,r57_c114,test
57,115,r57_c115,train
57,116,r57_c116,train
57,117,r57_c117,test
57,118,r57_c118,train
57,119,r57_c119,train
57,120,r57_c120,train
57,121,r57_c121,train
57,122,r57_c122,train
57,123,r57_c123,train
57,124,r57_c124,train
57,125,r57_c125,train
57,126,r57_c126,train
57,127,r57_c127,train
58,0,r58_c0,train
58,1,r58_c1,test
58,2,r58_c2,test
58,3,r58_c3,train
58,4,r58_c4,test
58,5,r58_c5,train
58,6,r58_c6,test
58,7,r58_c7,test
58,8,r58_c8,train
58,9,r58_c9,test
58,10,r58_c10,train
58,11,r58_c11,train
58,12,r58_c12,train
58,13,r58_c13,train
58,14,r58_c14,train
58,15,r58_c15,train
58,16,r58_c16,train
58,17,r58_c17,train
58,18,r58_c18,test
58,19,r58_c19,train
58,20,r58_c20,train
58,21,r58_c21,validation
58,22,r58_c22,train
58,23,r58_c23,train
58,24,r58_c24,train
58,25,r58_c25,train
58,26,r58_c26,validation
58,27,r58_c27,validation
58,28,r58_c28,train
58,29,r58_c29,train
58,30,r58_c30,validation
58,31,r58_c31,train
58,32,r58_c32,test
58,33,r58_c33,train
58,34,r58_c34,train
58,35,r58_c35,train
58,36,r58_c36,train
58,37,r58_c37,train
58,38,r58_c38,train
58,39,r58_c39,train
58,40,r58_c40,validation
58,41,r58_c41,test
58,42,r58_c42,train
58,43,r58_c43,test
58,44,r58_c44,train
58,45,r58_c45,test
58,46,r58_c46,train
58,47,r58_c47,train
58,48,r58_c48,train
58,49,r58_c49,train
58,50,r58_c50,test
58,51,r58_c51,train
58,52,r58_c52,train
58,53,r58_c53,train
58,54,r58_c54,test
58,55,r58_c55,train
58,56,r58_c56,validation
58,57,r58_c57,train
58,58,r58_c58,train
58,59,r58_c59,train
58,60,r58_c60,train
58,61,r58_c61,train
58,62,r58_c62,train
58,63,r58_c63,train
58,64,r58_c64,train
58,65,r58_c65,train
58,66,r58_c66,train
58,67,r58_c67,validation
58,68,r58_c68,train
58,69,r58_c69,train
58,70,r58_c70,train
58,71,r58_c71,train
58,72,r58_c72,test
58,73,r58_c73,train
58,74,r58_c74,test
58,75,r58_c75,train
58,76,r58_c76,train
58,77,r58_c77,train
58,78,r58_c78,train
58,79,r58_c79,train
58,80,r58_c80,test
58,81,r58_c81,train
58,82,r58_c82,train
58,83,r58_c83,train
58,84,r58_c84,train
58,85,r58_c85,train
58,86,r58_c86,train
58,87,r58_c87,train
58,88,r58_c88,train
58,89,r58_c89,test
58,90,r58_c90,validation
58,91,r58_c91,validation
58,92,r58_c92,validation
58,93,r58_c93,validation
58,94,r58_c94,train
58,95,r58_c95,train
58,96,r58_c96,train
58,97,r58_c97,test
58,98,r58_c98,validation
58,99,r58_c99,test
58,100,r58_c100,validation
58,101,r58_c101,validation
58,102,r58_c102,train
58,103,r58_c103,train
58,104,r58_c104,train
58,105,r58_c105,test
58,106,r58_c106,train
58,107,r58_c107,train
58,108,r58_c108,validation
58,109,r58_c109,train
58,110,r58_c110,train
58,111,r58_c111,test
58,112,r58_c112,train
58,113,r58_c113,train
58,114,r58_c114,validation
58,115,r58_c115,validation
58,116,r58_c116,validation
58,117,r58_c117,validation
58,118,r58_c118,train
58,119,r58_c119,train
58,120,r58_c120,train
58,121,r58_c121,train
58,122,r58_c122,validation
58,123,r58_c123,test
58,124,r58_c124,train
58,125,r58_c125,train
58,126,r58_c126,test
58,127,r58_c127,train
59,0,r59_c0,train
59,1,r59_c1,train
59,2,r59_c2,test
59,3,r59_c3,test
59,4,r59_c4,test
59,5,r59_c5,train
59,6,r59_c6,train
59,7,r59_c7,validation
59,8,r59_c8,train
59,9,r59_c9,train
59,10,r59_c10,train
59,11,r59_c11,train
59,12,r59_c12,train
59,13,r59_c13,train
59,14,r59_c14,train
59,15,r59_c15,train
59,16,r59_c16,train
59,17,r59_c17,test
59,18,r59_c18,test
59,19,r59_c19,validation
59,20,r59_c20,train
59,21,r59_c21,train
59,22,r59_c22,train
59,23,r59_c23,train
59,24,r59_c24,train
59,25,r59_c25,test
59,26,r59_c26,train
59,27,r59_c27,train
59,28,r59_c28,validation
59,29,r59_c29,test
59,30,r59_c30,test
59,31,r59_c31,validation
59,32,r59_c32,train
59,33,r59_c33,validation
59,34,r59_c34,train
59,35,r59_c35,train
59,36,r59_c36,train
59,37,r59_c37,train
59,38,r59_c38,train
59,39,r59_c39,train
59,40,r59_c40,train
59,41,r59_c41,train
59,42,r59_c42,train
59,43,r59_c43,train
59,44,r59_c44,train
59,45,r59_c45,train
59,46,r59_c46,train
59,47,r59_c47,train
59,48,r59_c48,train
59,49,r59_c49,test
59,50,r59_c50,train
59,51,r59_c51,train
59,52,r59_c52,train
59,53,r59_c53,train
59,54,r59_c54,validation
59,55,r59_c55,train
59,56,r59_c56,train
59,57,r59_c57,train
59,58,r59_c58,train
59,59,r59_c59,train
59,60,r59_c60,validation
59,61,r59_c61,train
59,62,r59_c62,test
59,63,r59_c63,validation
59,64,r59_c64,validation
59,65,r59_c65,validation
59,66,r59_c66,train
59,67,r59_c67,train
59,68,r59_c68,train
59,69,r59_c69,train
59,70,r59_c70,test
59,71,r59_c71,train
59,72,r59_c72,validation
59,73,r59_c73,train
59,74,r59_c74,train
59,75,r59_c75,train
59,76,r59_c76,train
59,77,r59_c77,train
59,78,r59_c78,train
59,79,r59_c79,train
59,80,r59_c80,train
59,81,r59_c81,train
59,82,r59_c82,validation
59,83,r59_c83,train
59,84,r59_c84,train
59,85,r59_c85,train
59,86,r59_c86,validation
59,87,r59_c87,validation
59,88,r59_c88,train
59,89,r59_c89,validation
59,90,r59_c90,train
59,91,r59_c91,validation
59,92,r59_c92,train
59,93,r59_c93,train
59,94,r59_c94,validation
59,95,r59_c95,train
59,96,r59_c96,validation
59,97,r59_c97,train
59,98,r59_c98,train
59,99,r59_c99,validation
59,100,r59_c100,validation
59,101,r59_c101,validation
59,102,r59_c102,train
59,103,r59_c103,train
59,104,r59_c104,validation
59,105,r59_c105,train
59,106,r59_c106,validation
59,107,r59_c107,test
59,108,r59_c108,train
59,109,r59_c109,validation
59,110,r59_c110,train
59,111,r59_c111,validation
59,112,r59_c112,train
59,113,r59_c113,train
59,114,r59_c114,train
59,115,r59_c115,test
59,116,r59_c116,train
59,117,r59_c117,test
59,118,r59_c118,train
59,119,r59_c119,train
59,120,r59_c120,train
59,121,r59_c121,test
59,122,r59_c122,validation
59,123,r59_c123,train
59,124,r59_c124,test
59,125,r59_c125,test
59,126,r59_c126,train
59,127,r59_c127,train
60,0,r60_c0,validation
60,1,r60_c1,validation
60,2,r60_c2,train
60,3,r60_c3,train
60,4,r60_c4,test
60,5,r60_c5,train
60,6,r60_c6,train
60,7,r60_c7,test
60,8,r60_c8,train
60,9,r60_c9,train
60,10,r60_c10,test
60,11,r60_c11,train
60,12,r60_c12,train
60,13,r60_c13,train
60,14,r60_c14,train
60,15,r60_c15,train
60,16,r60_c16,train
60,17,r60_c17,train
60,18,r60_c18,train
60,19,r60_c19,test
60,20,r60_c20,validation
60,21,r60_c21,train
60,22,r60_c22,test
60,23,r60_c23,train
60,24,r60_c24,train
60,25,r60_c25,train
60,26,r60_c26,validation
60,27,r60_c27,validation
60,28,r60_c28,train
60,29,r60_c29,train
60,30,r60_c30,train
60,31,r60_c31,test
60,32,r60_c32,test
60,33,r60_c33,train
60,34,r60_c34,test
60,35,r60_c35,train
60,36,r60_c36,test
60,37,r60_c37,train
60,38,r60_c38,train
60,39,r60_c39,validation
60,40,r60_c40,train
60,41,r60_c41,validation
60,42,r60_c42,train
60,43,r60_c43,train
60,44,r60_c44,train
60,45,r60_c45,test
60,46,r60_c46,train
60,47,r60_c47,validation
60,48,r60_c48,train
60,49,r60_c49,train
60,50,r60_c50,train
60,51,r60_c51,validation
60,52,r60_c52,train
60,53,r60_c53,train
60,54,r60_c54,train
60,55,r60_c55,validation
60,56,r60_c56,train
60,57,r60_c57,train
60,58,r60_c58,validation
60,59,r60_c59,train
60,60,r60_c60,test
60,61,r60_c61,train
60,62,r60_c62,train
60,63,r60_c63,train
60,64,r60_c64,train
60,65,r60_c65,train
60,66,r60_c66,validation
60,67,r60_c67,train
60,68,r60_c68,train
60,69,r60_c69,validation
60,70,r60_c70,train
60,71,r60_c71,train
60,72,r60_c72,train
60,73,r60_c73,train
60,74,r60_c74,validation
60,75,r60_c75,train
60,76,r60_c76,train
60,77,r60_c77,train
60,78,r60_c78,train
60,79,r60_c79,train
60,80,r60_c80,train
60,81,r60_c81,train
60,82,r60_c82,train
60,83,r60_c83,test
60,84,r60_c84,train
60,85,r60_c85,train
60,86,r60_c86,train
60,87,r60_c87,validation
60,88,r60_c88,train
60,89,r60_c89,train
60,90,r60_c90,validation
60,91,r60_c91,train
60,92,r60_c92,train
60,93,r60_c93,validation
60,94,r60_c94,validation
60,95,r60_c95,train
60,96,r60_c96,test
60,97,r60_c97,train
60,98,r60_c98,train
60,99,r60_c99,validation
60,100,r60_c100,validation
60,101,r60_c101,train
60,102,r60_c102,train
60,103,r60_c103,train
60,104,r60_c104,train
60,105,r60_c105,validation
60,106,r60_c106,train
60,107,r60_c107,test
60,108,r60_c108,train
60,109,r60_c109,train
60,110,r60_c110,validation
60,111,r60_c111,train
60,112,r60_c112,test
60,113,r60_c113,train
60,114,r60_c114,validation
60,115,r60_c115,train
60,116,r60_c116,train
60,117,r60_c117,train
60,118,r60_c118,train
60,119,r60_c119,test
60,120,r60_c120,train
60,121,r60_c121,train
60,122,r60_c122,test
60,123,r60_c123,train
60,124,r60_c124,train
60,125,r60_c125,validation
60,126,r60_c126,train
60,127,r60_c127,train
61,0,r61_c0,train
61,1,r61_c1,train
61,2,r61_c2,train
61,3,r61_c3,validation
61,4,r61_c4,train
61,5,r61_c5,test
61,6,r61_c6,train
61,7,r61_c7,test
61,8,r61_c8,train
61,9,r61_c9,train
61,10,r61_c10,train
61,11,r61_c11,train
61,12,r61_c12,train
61,13,r61_c13,train
61,14,r61_c14,train
61,15,r61_c15,test
61,16,r61_c16,train
61,17,r61_c17,validation
61,18,r61_c18,train
61,19,r61_c19,train
61,20,r61_c20,train
61,21,r61_c21,validation
61,22,r61_c22,train
61,23,r61_c23,train
61,24,r61_c24,test
61,25,r61_c25,train
61,26,r61_c26,train
61,27,r61_c27,train
61,28,r61_c28,train
61,29,r61_c29,test
61,30,r61_c30,train
61,31,r61_c31,test
61,32,r61_c32,train
61,33,r61_c33,train
61,34,r61_c34,train
61,35,r61_c35,train
61,36,r61_c36,train
61,37,r61_c37,test
61,38,r61_c38,train
61,39,r61_c39,train
61,40,r61_c40,train
61,41,r61_c41,train
61,42,r61_c42,train
61,43,r61_c43,train
61,44,r61_c44,validation
61,45,r61_c45,test
61,46,r61_c46,train
61,47,r61_c47,test
61,48,r61_c48,train
61,49,r61_c49,test
61,50,r61_c50,train
61,51,r61_c51,train
61,52,r61_c52,train
61,53,r61_c53,train
61,54,r61_c54,train
61,55,r61_c55,train
61,56,r61_c56,train
61,57,r61_c57,train
61,58,r61_c58,test
61,59,r61_c59,test
61,60,r61_c60,train
61,61,r61_c61,train
61,62,r61_c62,train
61,63,r61_c63,train
61,64,r61_c64,train
61,65,r61_c65,train
61,66,r61_c66,train
61,67,r61_c67,train
61,68,r61_c68,train
61,69,r61_c69,validation
61,70,r61_c70,test
61,71,r61_c71,train
61,72,r61_c72,validation
61,73,r61_c73,train
61,74,r61_c74,test
61,75,r61_c75,train
61,76,r61_c76,test
61,77,r61_c77,train
61,78,r61_c78,train
61,79,r61_c79,validation
61,80,r61_c80,test
61,81,r61_c81,train
61,82,r61_c82,validation
61,83,r61_c83,train
61,84,r61_c84,train
61,85,r61_c85,test
61,86,r61_c86,train
61,87,r61_c87,validation
61,88,r61_c88,train
61,89,r61_c89,test
61,90,r61_c90,validation
61,91,r61_c91,train
61,92,r61_c92,train
61,93,r61_c93,test
61,94,r61_c94,test
61,95,r61_c95,train
61,96,r61_c96,train
61,97,r61_c97,test
61,98,r61_c98,test
61,99,r61_c99,train
61,100,r61_c100,train
61,101,r61_c101,train
61,102,r61_c102,train
61,103,r61_c103,train
61,104,r61_c104,train
61,105,r61_c105,train
61,106,r61_c106,train
61,107,r61_c107,train
61,108,r61_c108,train
61,109,r61_c109,train
61,110,r61_c110,train
61,111,r61_c111,train
61,112,r61_c112,test
61,113,r61_c113,validation
61,114,r61_c114,train
61,115,r61_c115,test
61,116,r61_c116,train
61,117,r61_c117,validation
61,118,r61_c118,test
61,119,r61_c119,validation
61,120,r61_c120,train
61,121,r61_c121,train
61,122,r61_c122,train
61,123,r61_c123,train
61,124,r61_c124,validation
61,125,r61_c125,train
61,126,r61_c126,train
61,127,r61_c127,validation
62,0,r62_c0,train
62,1,r62_c1,train
62,2,r62_c2,train
62,3,r62_c3,train
62,4,r62_c4,validation
62,5,r62_c5,train
62,6,r62_c6,train
62,7,r62_c7,train
62,8,r62_c8,train
62,9,r62_c9,validation
62,10,r62_c10,test
62,11,r62_c11,train
62,12,r62_c12,train
62,13,r62_c13,validation
62,14,r62_c14,train
62,15,r62_c15,train
62,16,r62_c16,train
62,17,r62_c17,test
62,18,r62_c18,train
62,19,r62_c19,train
62,20,r62_c20,train
62,21,r62_c21,train
62,22,r62_c22,train
62,23,r62_c23,train
62,24,r62_c24,train
62,25,r62_c25,train
62,26,r62_c26,train
62,27,r62_c27,train
62,28,r62_c28,train
62,29,r62_c29,train
62,30,r62_c30,train
62,31,r62_c31,train
62,32,r62_c32,validation
62,33,r62_c33,train
62,34,r62_c34,train
62,35,r62_c35,validation
62,36,r62_c36,train
62,37,r62_c37,test
62,38,r62_c38,test
62,39,r62_c39,train
62,40,r62_c40,train
62,41,r62_c41,train
62,42,r62_c42,train
62,43,r62_c43,train
62,44,r62_c44,test
62,45,r62_c45,validation
62,46,r62_c46,train
62,47,r62_c47,train
62,48,r62_c48,train
62,49,r62_c49,validation
62,50,r62_c50,train
62,51,r62_c51,train
62,52,r62_c52,train
62,53,r62_c53,train
62,54,r62_c54,validation
62,55,r62_c55,train
62,56,r62_c56,train
62,57,r62_c57,train
62,58,r62_c58,validation
62,59,r62_c59,train
62,60,r62_c60,train
62,61,r62_c61,train
62,62,r62_c62,test
62,63,r62_c63,train
62,64,r62_c64,train
62,65,r62_c65,train
62,66,r62_c66,train
62,67,r62_c67,train
62,68,r62_c68,validation
62,69,r62_c69,validation
62,70,r62_c70,validation
62,71,r62_c71,train
62,72,r62_c72,train
62,73,r62_c73,train
62,74,r62_c74,train
62,75,r62_c75,test
62,76,r62_c76,train
62,77,r62_c77,train
62,78,r62_c78,train
62,79,r62_c79,train
62,80,r62_c80,train
62,81,r62_c81,train
62,82,r62_c82,train
62,83,r62_c83,train
62,84,r62_c84,train
62,85,r62_c85,train
62,86,r62_c86,train
62,87,r62_c87,train
62,88,r62_c88,train
62,89,r62_c89,test
62,90,r62_c90,train
62,91,r62_c91,test
62,92,r62_c92,train
62,93,r62_c93,train
62,94,r62_c94,train
62,95,r62_c95,validation
62,96,r62_c96,train
62,97,r62_c97,train
62,98,r62_c98,train
62,99,r62_c99,validation
62,100,r62_c100,train
62,101,r62_c101,train
62,102,r62_c102,train
62,103,r62_c103,test
62,104,r62_c104,test
62,105,r62_c105,train
62,106,r62_c106,test
62,107,r62_c107,train
62,108,r62_c108,train
62,109,r62_c109,train
62,110,r62_c110,validation
62,111,r62_c111,train
62,112,r62_c112,train
62,113,r62_c113,validation
62,114,r62_c114,train
62,115,r62_c115,train
62,116,r62_c116,train
62,117,r62_c117,test
62,118,r62_c118,train
62,119,r62_c119,validation
62,120,r62_c120,train
62,121,r62_c121,test
62,122,r62_c122,train
62,123,r62_c123,validation
62,124,r62_c124,train
62,125,r62_c125,train
62,126,r62_c126,train
62,127,r62_c127,train
63,0,r63_c0,train
63,1,r63_c1,train
63,2,r63_c2,train
63,3,r63_c3,validation
63,4,r63_c4,train
63,5,r63_c5,train
63,6,r63_c6,train
63,7,r63_c7,train
63,8,r63_c8,train
63,9,r63_c9,validation
63,10,r63_c10,train
63,11,r63_c11,train
63,12,r63_c12,train
63,13,r63_c13,validation
63,14,r63_c14,train
63,15,r63_c15,test
63,16,r63_c16,test
63,17,r63_c17,train
63,18,r63_c18,validation
63,19,r63_c19,validation
63,20,r63_c20,train
63,21,r63_c21,test
63,22,r63_c22,train
63,23,r63_c23,test
63,24,r63_c24,train
63,25,r63_c25,train
63,26,r63_c26,train
63,27,r63_c27,train
63,28,r63_c28,train
63,29,r63_c29,validation
63,30,r63_c30,train
63,31,r63_c31,train
63,32,r63_c32,train
63,33,r63_c33,train
63,34,r63_c34,train
63,35,r63_c35,train
63,36,r63_c36,train
63,37,r63_c37,validation
63,38,r63_c38,train
63,39,r63_c39,test
63,40,r63_c40,test
63,41,r63_c41,train
63,42,r63_c42,train
63,43,r63_c43,validation
63,44,r63_c44,train
63,45,r63_c45,validation
63,46,r63_c46,train
63,47,r63_c47,train
63,48,r63_c48,test
63,49,r63_c49,train
63,50,r63_c50,validation
63,51,r63_c51,train
63,52,r63_c52,test
63,53,r63_c53,train
63,54,r63_c54,train
63,55,r63_c55,train
63,56,r63_c56,train
63,57,r63_c57,train
63,58,r63_c58,train
63,59,r63_c59,test
63,60,r63_c60,validation
63,61,r63_c61,train
63,62,r63_c62,train
63,63,r63_c63,validation
63,64,r63_c64,validation
63,65,r63_c65,test
63,66,r63_c66,validation
63,67,r63_c67,train
63,68,r63_c68,train
63,69,r63_c69,test
63,70,r63_c70,validation
63,71,r63_c71,validation
63,72,r63_c72,train
63,73,r63_c73,train
63,74,r63_c74,test
63,75,r63_c75,train
63,76,r63_c76,train
63,77,r63_c77,train
63,78,r63_c78,train
63,79,r63_c79,validation
63,80,r63_c80,train
63,81,r63_c81,test
63,82,r63_c82,test
63,83,r63_c83,train
63,84,r63_c84,validation
63,85,r63_c85,train
63,86,r63_c86,train
63,87,r63_c87,validation
63,88,r63_c88,train
63,89,r63_c89,validation
63,90,r63_c90,train
63,91,r63_c91,train
63,92,r63_c92,train
63,93,r63_c93,train
63,94,r63_c94,train
63,95,r63_c95,test
63,96,r63_c96,train
63,97,r63_c97,train
63,98,r63_c98,train
63,99,r63_c99,train
63,100,r63_c100,train
63,101,r63_c101,train
63,102,r63_c102,train
63,103,r63_c103,train
63,104,r63_c104,validation
63,105,r63_c105,test
63,106,r63_c106,test
63,107,r63_c107,validation
63,108,r63_c108,test
63,109,r63_c109,validation
63,110,r63_c110,test
63,111,r63_c111,validation
63,112,r63_c112,validation
63,113,r63_c113,train
63,114,r63_c114,train
63,115,r63_c115,test
63,116,r63_c116,train
63,117,r63_c117,validation
63,118,r63_c118,train
63,119,r63_c119,train
63,120,r63_c120,train
63,121,r63_c121,train
63,122,r63_c122,train
63,123,r63_c123,train
63,124,r63_c124,train
63,125,r63_c125,train
63,126,r63_c126,train
63,127,r63_c127,test
64,0,r64_c0,train
64,1,r64_c1,train
64,2,r64_c2,train
64,3,r64_c3,train
64,4,r64_c4,train
64,5,r64_c5,train
64,6,r64_c6,validation
64,7,r64_c7,train
64,8,r64_c8,validation
64,9,r64_c9,train
64,10,r64_c10,train
64,11,r64_c11,train
64,12,r64_c12,train
64,13,r64_c13,validation
64,14,r64_c14,validation
64,15,r64_c15,train
64,16,r64_c16,train
64,17,r64_c17,train
64,18,r64_c18,train
64,19,r64_c19,train
64,20,r64_c20,validation
64,21,r64_c21,train
64,22,r64_c22,test
64,23,r64_c23,test
64,24,r64_c24,train
64,25,r64_c25,train
64,26,r64_c26,train
64,27,r64_c27,train
64,28,r64_c28,train
64,29,r64_c29,train
64,30,r64_c30,train
64,31,r64_c31,validation
64,32,r64_c32,validation
64,33,r64_c33,train
64,34,r64_c34,train
64,35,r64_c35,train
64,36,r64_c36,validation
64,37,r64_c37,train
64,38,r64_c38,train
64,39,r64_c39,validation
64,40,r64_c40,train
64,41,r64_c41,train
64,42,r64_c42,train
64,43,r64_c43,train
64,44,r64_c44,train
64,45,r64_c45,test
64,46,r64_c46,validation
64,47,r64_c47,validation
64,48,r64_c48,test
64,49,r64_c49,test
64,50,r64_c50,train
64,51,r64_c51,validation
64,52,r64_c52,train
64,53,r64_c53,train
64,54,r64_c54,train
64,55,r64_c55,train
64,56,r64_c56,train
64,57,r64_c57,validation
64,58,r64_c58,train
64,59,r64_c59,validation
64,60,r64_c60,train
64,61,r64_c61,train
64,62,r64_c62,train
64,63,r64_c63,test
64,64,r64_c64,train
64,65,r64_c65,train
64,66,r64_c66,train
64,67,r64_c67,train
64,68,r64_c68,train
64,69,r64_c69,train
64,70,r64_c70,train
64,71,r64_c71,train
64,72,r64_c72,train
64,73,r64_c73,test
64,74,r64_c74,train
64,75,r64_c75,train
64,76,r64_c76,train
64,77,r64_c77,train
64,78,r64_c78,train
64,79,r64_c79,validation
64,80,r64_c80,test
64,81,r64_c81,test
64,82,r64_c82,train
64,83,r64_c83,train
64,84,r64_c84,test
64,85,r64_c85,train
64,86,r64_c86,train
64,87,r64_c87,test
64,88,r64_c88,train
64,89,r64_c89,validation
64,90,r64_c90,train
64,91,r64_c91,train
64,92,r64_c92,train
64,93,r64_c93,train
64,94,r64_c94,train
64,95,r64_c95,test
64,96,r64_c96,validation
64,97,r64_c97,train
64,98,r64_c98,test
64,99,r64_c99,validation
64,100,r64_c100,train
64,101,r64_c101,validation
64,102,r64_c102,train
64,103,r64_c103,train
64,104,r64_c104,train
64,105,r64_c105,train
64,106,r64_c106,test
64,107,r64_c107,train
64,108,r64_c108,train
64,109,r64_c109,train
64,110,r64_c110,train
64,111,r64_c111,train
64,112,r64_c112,train
64,113,r64_c113,test
64,114,r64_c114,train
64,115,r64_c115,train
64,116,r64_c116,train
64,117,r64_c117,train
64,118,r64_c118,train
64,119,r64_c119,train
64,120,r64_c120,train
64,121,r64_c121,train
64,122,r64_c122,train
64,123,r64_c123,train
64,124,r64_c124,train
64,125,r64_c125,train
64,126,r64_c126,validation
64,127,r64_c127,train
65,0,r65_c0,train
65,1,r65_c1,train
65,2,r65_c2,train
65,3,r65_c3,train
65,4,r65_c4,train
65,5,r65_c5,validation
65,6,r65_c6,train
65,7,r65_c7,test
65,8,r65_c8,test
65,9,r65_c9,train
65,10,r65_c10,train
65,11,r65_c11,train
65,12,r65_c12,train
65,13,r65_c13,validation
65,14,r65_c14,train
65,15,r65_c15,train
65,16,r65_c16,train
65,17,r65_c17,train
65,18,r65_c18,train
65,19,r65_c19,test
65,20,r65_c20,train
65,21,r65_c21,train
65,22,r65_c22,train
65,23,r65_c23,validation
65,24,r65_c24,train
65,25,r65_c25,train
65,26,r65_c26,test
65,27,r65_c27,validation
65,28,r65_c28,test
65,29,r65_c29,train
65,30,r65_c30,train
65,31,r65_c31,train
65,32,r65_c32,train
65,33,r65_c33,train
65,34,r65_c34,train
65,35,r65_c35,train
65,36,r65_c36,train
65,37,r65_c37,validation
65,38,r65_c38,train
65,39,r65_c39,train
65,40,r65_c40,train
65,41,r65_c41,train
65,42,r65_c42,test
65,43,r65_c43,train
65,44,r65_c44,train
65,45,r65_c45,train
65,46,r65_c46,train
65,47,r65_c47,train
65,48,r65_c48,train
65,49,r65_c49,train
65,50,r65_c50,train
65,51,r65_c51,train
65,52,r65_c52,train
65,53,r65_c53,train
65,54,r65_c54,train
65,55,r65_c55,train
65,56,r65_c56,train
65,57,r65_c57,train
65,58,r65_c58,train
65,59,r65_c59,validation
65,60,r65_c60,train
65,61,r65_c61,train
65,62,r65_c62,validation
65,63,r65_c63,train
65,64,r65_c64,test
65,65,r65_c65,test
65,66,r65_c66,validation
65,67,r65_c67,train
65,68,r65_c68,test
65,69,r65_c69,test
65,70,r65_c70,train
65,71,r65_c71,train
65,72,r65_c72,train
65,73,r65_c73,train
65,74,r65_c74,train
65,75,r65_c75,train
65,76,r65_c76,train
65,77,r65_c77,train
65,78,r65_c78,train
65,79,r65_c79,train
65,80,r65_c80,validation
65,81,r65_c81,train
65,82,r65_c82,validation
65,83,r65_c83,train
65,84,r65_c84,validation
65,85,r65_c85,test
65,86,r65_c86,train
65,87,r65_c87,validation
65,88,r65_c88,train
65,89,r65_c89,validation
65,90,r65_c90,train
65,91,r65_c91,test
65,92,r65_c92,train
65,93,r65_c93,validation
65,94,r65_c94,train
65,95,r65_c95,train
65,96,r65_c96,validation
65,97,r65_c97,test
65,98,r65_c98,train
65,99,r65_c99,train
65,100,r65_c100,train
65,101,r65_c101,train
65,102,r65_c102,train
65,103,r65_c103,validation
65,104,r65_c104,validation
65,105,r65_c105,train
65,106,r65_c106,train
65,107,r65_c107,train
65,108,r65_c108,train
65,109,r65_c109,train
65,110,r65_c110,train
65,111,r65_c111,train
65,112,r65_c112,test
65,113,r65_c113,train
65,114,r65_c114,train
65,115,r65_c115,validation
65,116,r65_c116,train
65,117,r65_c117,train
65,118,r65_c118,train
65,119,r65_c119,test
65,120,r65_c120,train
65,121,r65_c121,train
65,122,r65_c122,train
65,123,r65_c123,train
65,124,r65_c124,train
65,125,r65_c125,validation
65,126,r65_c126,train
65,127,r65_c127,test
66,0,r66_c0,test
66,1,r66_c1,train
66,2,r66_c2,train
66,3,r66_c3,validation
66,4,r66_c4,test
66,5,r66_c5,train
66,6,r66_c6,test
66,7,r66_c7,train
66,8,r66_c8,test
66,9,r66_c9,validation
66,10,r66_c10,validation
66,11,r66_c11,train
66,12,r66_c12,validation
66,13,r66_c13,train
66,14,r66_c14,train
66,15,r66_c15,test
66,16,r66_c16,train
66,17,r66_c17,train
66,18,r66_c18,train
66,19,r66_c19,validation
66,20,r66_c20,train
66,21,r66_c21,train
66,22,r66_c22,train
66,23,r66_c23,train
66,24,r66_c24,train
66,25,r66_c25,train
66,26,r66_c26,train
66,27,r66_c27,validation
66,28,r66_c28,validation
66,29,r66_c29,train
66,30,r66_c30,train
66,31,r66_c31,train
66,32,r66_c32,train
66,33,r66_c33,train
66,34,r66_c34,train
66,35,r66_c35,train
66,36,r66_c36,train
66,37,r66_c37,train
66,38,r66_c38,train
66,39,r66_c39,validation
66,40,r66_c40,train
66,41,r66_c41,validation
66,42,r66_c42,train
66,43,r66_c43,train
66,44,r66_c44,test
66,45,r66_c45,train
66,46,r66_c46,train
66,47,r66_c47,train
66,48,r66_c48,train
66,49,r66_c49,train
66,50,r66_c50,train
66,51,r66_c51,validation
66,52,r66_c52,train
66,53,r66_c53,validation
66,54,r66_c54,train
66,55,r66_c55,train
66,56,r66_c56,validation
66,57,r66_c57,train
66,58,r66_c58,train
66,59,r66_c59,validation
66,60,r66_c60,train
66,61,r66_c61,test
66,62,r66_c62,validation
66,63,r66_c63,validation
66,64,r66_c64,train
66,65,r66_c65,train
66,66,r66_c66,train
66,67,r66_c67,train
66,68,r66_c68,validation
66,69,r66_c69,validation
66,70,r66_c70,test
66,71,r66_c71,train
66,72,r66_c72,train
66,73,r66_c73,train
66,74,r66_c74,train
66,75,r66_c75,validation
66,76,r66_c76,train
66,77,r66_c77,train
66,78,r66_c78,test
66,79,r66_c79,train
66,80,r66_c80,validation
66,81,r66_c81,train
66,82,r66_c82,train
66,83,r66_c83,test
66,84,r66_c84,test
66,85,r66_c85,test
66,86,r66_c86,train
66,87,r66_c87,train
66,88,r66_c88,train
66,89,r66_c89,train
66,90,r66_c90,train
66,91,r66_c91,train
66,92,r66_c92,train
66,93,r66_c93,train
66,94,r66_c94,test
66,95,r66_c95,test
66,96,r66_c96,validation
66,97,r66_c97,train
66,98,r66_c98,train
66,99,r66_c99,train
66,100,r66_c100,train
66,101,r66_c101,train
66,102,r66_c102,validation
66,103,r66_c103,train
66,104,r66_c104,train
66,105,r66_c105,test
66,106,r66_c106,train
66,107,r66_c107,validation
66,108,r66_c108,train
66,109,r66_c109,validation
66,110,r66_c110,train
66,111,r66_c111,train
66,112,r66_c112,train
66,113,r66_c113,test
66,114,r66_c114,train
66,115,r66_c115,validation
66,116,r66_c116,train
66,117,r66_c117,train
66,118,r66_c118,train
66,119,r66_c119,test
66,120,r66_c120,train
66,121,r66_c121,train
66,122,r66_c122,train
66,123,r66_c123,train
66,124,r66_c124,train
66,125,r66_c125,train
66,126,r66_c126,test
66,127,r66_c127,train
67,0,r67_c0,train
67,1,r67_c1,train
67,2,r67_c2,train
67,3,r67_c3,test
67,4,r67_c4,test
67,5,r67_c5,train
67,6,r67_c6,train
67,7,r67_c7,train
67,8,r67_c8,train
67,9,r67_c9,validation
67,10,r67_c10,train
67,11,r67_c11,test
67,12,r67_c12,validation
67,13,r67_c13,validation
67,14,r67_c14,validation
67,15,r67_c15,train
67,16,r67_c16,train
67,17,r67_c17,train
67,18,r67_c18,test
67,19,r67_c19,train
67,20,r67_c20,train
67,21,r67_c21,test
67,22,r67_c22,train
67,23,r67_c23,train
67,24,r67_c24,train
67,25,r67_c25,validation
67,26,r67_c26,validation
67,27,r67_c27,train
67,28,r67_c28,train
67,29,r67_c29,validation
67,30,r67_c30,train
67,31,r67_c31,train
67,32,r67_c32,validation
67,33,r67_c33,validation
67,34,r67_c34,validation
67,35,r67_c35,train
67,36,r67_c36,validation
67,37,r67_c37,train
67,38,r67_c38,train
67,39,r67_c39,test
67,40,r67_c40,train
67,41,r67_c41,train
67,42,r67_c42,train
67,43,r67_c43,train
67,44,r67_c44,train
67,45,r67_c45,test
67,46,r67_c46,train
67,47,r67_c47,train
67,48,r67_c48,validation
67,49,r67_c49,train
67,50,r67_c50,train
67,51,r67_c51,test
67,52,r67_c52,validation
67,53,r67_c53,test
67,54,r67_c54,validation
67,55,r67_c55,test
67,56,r67_c56,validation
67,57,r67_c57,test
67,58,r67_c58,validation
67,59,r67_c59,test
67,60,r67_c60,train
67,61,r67_c61,validation
67,62,r67_c62,validation
67,63,r67_c63,validation
67,64,r67_c64,train
67,65,r67_c65,train
67,66,r67_c66,test
67,67,r67_c67,train
67,68,r67_c68,train
67,69,r67_c69,train
67,70,r67_c70,validation
67,71,r67_c71,train
67,72,r67_c72,validation
67,73,r67_c73,train
67,74,r67_c74,test
67,75,r67_c75,train
67,76,r67_c76,train
67,77,r67_c77,train
67,78,r67_c78,train
67,79,r67_c79,train
67,80,r67_c80,train
67,81,r67_c81,validation
67,82,r67_c82,train
67,83,r67_c83,train
67,84,r67_c84,test
67,85,r67_c85,test
67,86,r67_c86,train
67,87,r67_c87,validation
67,88,r67_c88,train
67,89,r67_c89,train
67,90,r67_c90,train
67,91,r67_c91,test
67,92,r67_c92,train
67,93,r67_c93,validation
67,94,r67_c94,validation
67,95,r67_c95,validation
67,96,r67_c96,train
67,97,r67_c97,validation
67,98,r67_c98,train
67,99,r67_c99,train
67,100,r67_c100,test
67,101,r67_c101,train
67,102,r67_c102,train
67,103,r67_c103,train
67,104,r67_c104,train
67,105,r67_c105,test
67,106,r67_c106,train
67,107,r67_c107,test
67,108,r67_c108,train
67,109,r67_c109,test
67,110,r67_c110,train
67,111,r67_c111,train
67,112,r67_c112,train
67,113,r67_c113,train
67,114,r67_c114,train
67,115,r67_c115,test
67,116,r67_c116,validation
67,117,r67_c117,train
67,118,r67_c118,train
67,119,r67_c119,train
67,120,r67_c120,train
67,121,r67_c121,train
67,122,r67_c122,train
67,123,r67_c123,test
67,124,r67_c124,train
67,125,r67_c125,validation
67,126,r67_c126,train
67,127,r67_c127,train
68,0,r68_c0,train
68,1,r68_c1,train
68,2,r68_c2,train
68,3,r68_c3,train
68,4,r68_c4,train
68,5,r68_c5,test
68,6,r68_c6,validation
68,7,r68_c7,validation
68,8,r68_c8,train
68,9,r68_c9,train
68,10,r68_c10,test
68,11,r68_c11,train
68,12,r68_c12,train
68,13,r68_c13,test
68,14,r68_c14,train
68,15,r68_c15,test
68,16,r68_c16,train
68,17,r68_c17,train
68,18,r68_c18,train
68,19,r68_c19,train
68,20,r68_c20,train
68,21,r68_c21,validation
68,22,r68_c22,train
68,23,r68_c23,test
68,24,r68_c24,train
68,25,r68_c25,test
68,26,r68_c26,train
68,27,r68_c27,test
68,28,r68_c28,train
68,29,r68_c29,test
68,30,r68_c30,validation
68,31,r68_c31,train
68,32,r68_c32,test
68,33,r68_c33,validation
68,34,r68_c34,train
68,35,r68_c35,train
68,36,r68_c36,train
68,37,r68_c37,train
68,38,r68_c38,train
68,39,r68_c39,train
68,40,r68_c40,train
68,41,r68_c41,test
68,42,r68_c42,train
68,43,r68_c43,train
68,44,r68_c44,train
68,45,r68_c45,train
68,46,r68_c46,validation
68,47,r68_c47,train
68,48,r68_c48,train
68,49,r68_c49,train
68,50,r68_c50,test
68,51,r68_c51,train
68,52,r68_c52,train
68,53,r68_c53,train
68,54,r68_c54,train
68,55,r68_c55,train
68,56,r68_c56,train
68,57,r68_c57,train
68,58,r68_c58,train
68,59,r68_c59,train
68,60,r68_c60,test
68,61,r68_c61,train
68,62,r68_c62,train
68,63,r68_c63,validation
68,64,r68_c64,train
68,65,r68_c65,train
68,66,r68_c66,train
68,67,r68_c67,test
68,68,r68_c68,validation
68,69,r68_c69,train
68,70,r68_c70,train
68,71,r68_c71,train
68,72,r68_c72,train
68,73,r68_c73,train
68,74,r68_c74,train
68,75,r68_c75,train
68,76,r68_c76,train
68,77,r68_c77,train
68,78,r68_c78,train
68,79,r68_c79,test
68,80,r68_c80,train
68,81,r68_c81,validation
68,82,r68_c82,train
68,83,r68_c83,test
68,84,r68_c84,test
68,85,r68_c85,train
68,86,r68_c86,train
68,87,r68_c87,validation
68,88,r68_c88,train
68,89,r68_c89,test
68,90,r68_c90,test
68,91,r68_c91,test
68,92,r68_c92,train
68,93,r68_c93,train
68,94,r68_c94,train
68,95,r68_c95,validation
68,96,r68_c96,test
68,97,r68_c97,train
68,98,r68_c98,train
68,99,r68_c99,train
68,100,r68_c100,validation
68,101,r68_c101,train
68,102,r68_c102,test
68,103,r68_c103,train
68,104,r68_c104,train
68,105,r68_c105,test
68,106,r68_c106,validation
68,107,r68_c107,validation
68,108,r68_c108,train
68,109,r68_c109,train
68,110,r68_c110,train
68,111,r68_c111,train
68,112,r68_c112,train
68,113,r68_c113,train
68,114,r68_c114,train
68,115,r68_c115,train
68,116,r68_c116,train
68,117,r68_c117,train
68,118,r68_c118,test
68,119,r68_c119,test
68,120,r68_c120,train
68,121,r68_c121,train
68,122,r68_c122,train
68,123,r68_c123,train
68,124,r68_c124,validation
68,125,r68_c125,train
68,126,r68_c126,train
68,127,r68_c127,train
69,0,r69_c0,train
69,1,r69_c1,validation
69,2,r69_c2,train
69,3,r69_c3,train
69,4,r69_c4,train
69,5,r69_c5,train
69,6,r69_c6,test
69,7,r69_c7,train
69,8,r69_c8,train
69,9,r69_c9,train
69,10,r69_c10,train
69,11,r69_c11,train
69,12,r69_c12,train
69,13,r69_c13,train
69,14,r69_c14,test
69,15,r69_c15,validation
69,16,r69_c16,train
69,17,r69_c17,train
69,18,r69_c18,train
69,19,r69_c19,train
69,20,r69_c20,validation
69,21,r69_c21,train
69,22,r69_c22,train
69,23,r69_c23,validation
69,24,r69_c24,train
69,25,r69_c25,test
69,26,r69_c26,train
69,27,r69_c27,test
69,28,r69_c28,train
69,29,r69_c29,train
69,30,r69_c30,validation
69,31,r69_c31,train
69,32,r69_c32,test
69,33,r69_c33,train
69,34,r69_c34,train
69,35,r69_c35,train
69,36,r69_c36,train
69,37,r69_c37,train
69,38,r69_c38,validation
69,39,r69_c39,train
69,40,r69_c40,train
69,41,r69_c41,train
69,42,r69_c42,train
69,43,r69_c43,train
69,44,r69_c44,train
69,45,r69_c45,train
69,46,r69_c46,train
69,47,r69_c47,validation
69,48,r69_c48,train
69,49,r69_c49,train
69,50,r69_c50,train
69,51,r69_c51,train
69,52,r69_c52,train
69,53,r69_c53,test
69,54,r69_c54,train
69,55,r69_c55,test
69,56,r69_c56,train
69,57,r69_c57,train
69,58,r69_c58,train
69,59,r69_c59,train
69,60,r69_c60,train
69,61,r69_c61,train
69,62,r69_c62,train
69,63,r69_c63,validation
69,64,r69_c64,train
69,65,r69_c65,train
69,66,r69_c66,train
69,67,r69_c67,train
69,68,r69_c68,test
69,69,r69_c69,validation
69,70,r69_c70,train
69,71,r69_c71,train
69,72,r69_c72,train
69,73,r69_c73,validation
69,74,r69_c74,train
69,75,r69_c75,train
69,76,r69_c76,validation
69,77,r69_c77,train
69,78,r69_c78,train
69,79,r69_c79,train
69,80,r69_c80,train
69,81,r69_c81,train
69,82,r69_c82,train
69,83,r69_c83,train
69,84,r69_c84,train
69,85,r69_c85,train
69,86,r69_c86,test
69,87,r69_c87,validation
69,88,r69_c88,train
69,89,r69_c89,train
69,90,r69_c90,test
69,91,r69_c91,train
69,92,r69_c92,train
69,93,r69_c93,validation
69,94,r69_c94,train
69,95,r69_c95,train
69,96,r69_c96,train
69,97,r69_c97,train
69,98,r69_c98,train
69,99,r69_c99,train
69,100,r69_c100,test
69,101,r69_c101,train
69,102,r69_c102,train
69,103,r69_c103,train
69,104,r69_c104,train
69,105,r69_c105,train
69,106,r69_c106,train
69,107,r69_c107,train
69,108,r69_c108,validation
69,109,r69_c109,test
69,110,r69_c110,validation
69,111,r69_c111,train
69,112,r69_c112,train
69,113,r69_c113,train
69,114,r69_c114,train
69,115,r69_c115,test
69,116,r69_c116,train
69,117,r69_c117,validation
69,118,r69_c118,train
69,119,r69_c119,train
69,120,r69_c120,train
69,121,r69_c121,train
69,122,r69_c122,train
69,123,r69_c123,validation
69,124,r69_c124,train
69,125,r69_c125,train
69,126,r69_c126,validation
69,127,r69_c127,test
70,0,r70_c0,validation
70,1,r70_c1,test
70,2,r70_c2,train
70,3,r70_c3,validation
70,4,r70_c4,train
70,5,r70_c5,validation
70,6,r70_c6,train
70,7,r70_c7,train
70,8,r70_c8,train
70,9,r70_c9,train
70,10,r70_c10,train
70,11,r70_c11,test
70,12,r70_c12,validation
70,13,r70_c13,train
70,14,r70_c14,train
70,15,r70_c15,train
70,16,r70_c16,validation
70,17,r70_c17,validation
70,18,r70_c18,train
70,19,r70_c19,train
70,20,r70_c20,train
70,21,r70_c21,train
70,22,r70_c22,train
70,23,r70_c23,train
70,24,r70_c24,test
70,25,r70_c25,train
70,26,r70_c26,train
70,27,r70_c27,train
70,28,r70_c28,train
70,29,r70_c29,train
70,30,r70_c30,train
70,31,r70_c31,train
70,32,r70_c32,train
70,33,r70_c33,test
70,34,r70_c34,train
70,35,r70_c35,validation
70,36,r70_c36,train
70,37,r70_c37,train
70,38,r70_c38,train
70,39,r70_c39,train
70,40,r70_c40,train
70,41,r70_c41,validation
70,42,r70_c42,train
70,43,r70_c43,train
70,44,r70_c44,validation
70,45,r70_c45,train
70,46,r70_c46,train
70,47,r70_c47,validation
70,48,r70_c48,train
70,49,r70_c49,train
70,50,r70_c50,train
70,51,r70_c51,train
70,52,r70_c52,train
70,53,r70_c53,train
70,54,r70_c54,train
70,55,r70_c55,train
70,56,r70_c56,train
70,57,r70_c57,test
70,58,r70_c58,validation
70,59,r70_c59,test
70,60,r70_c60,train
70,61,r70_c61,train
70,62,r70_c62,train
70,63,r70_c63,validation
70,64,r70_c64,validation
70,65,r70_c65,train
70,66,r70_c66,validation
70,67,r70_c67,validation
70,68,r70_c68,test
70,69,r70_c69,validation
70,70,r70_c70,train
70,71,r70_c71,train
70,72,r70_c72,train
70,73,r70_c73,validation
70,74,r70_c74,train
70,75,r70_c75,train
70,76,r70_c76,train
70,77,r70_c77,test
70,78,r70_c78,train
70,79,r70_c79,train
70,80,r70_c80,train
70,81,r70_c81,train
70,82,r70_c82,test
70,83,r70_c83,train
70,84,r70_c84,train
70,85,r70_c85,train
70,86,r70_c86,train
70,87,r70_c87,validation
70,88,r70_c88,train
70,89,r70_c89,train
70,90,r70_c90,train
70,91,r70_c91,train
70,92,r70_c92,validation
70,93,r70_c93,train
70,94,r70_c94,train
70,95,r70_c95,train
70,96,r70_c96,validation
70,97,r70_c97,train
70,98,r70_c98,train
70,99,r70_c99,validation
70,100,r70_c100,train
70,101,r70_c101,train
70,102,r70_c102,train
70,103,r70_c103,train
70,104,r70_c104,test
70,105,r70_c105,validation
70,106,r70_c106,validation
70,107,r70_c107,validation
70,108,r70_c108,train
70,109,r70_c109,train
70,110,r70_c110,validation
70,111,r70_c111,test
70,112,r70_c112,train
70,113,r70_c113,test
70,114,r70_c114,train
70,115,r70_c115,train
70,116,r70_c116,train
70,117,r70_c117,train
70,118,r70_c118,train
70,119,r70_c119,validation
70,120,r70_c120,train
70,121,r70_c121,validation
70,122,r70_c122,train
70,123,r70_c123,train
70,124,r70_c124,train
70,125,r70_c125,train
70,126,r70_c126,train
70,127,r70_c127,train
71,0,r71_c0,train
71,1,r71_c1,train
71,2,r71_c2,train
71,3,r71_c3,train
71,4,r71_c4,test
71,5,r71_c5,train
71,6,r71_c6,train
71,7,r71_c7,train
71,8,r71_c8,train
71,9,r71_c9,train
71,10,r71_c10,train
71,11,r71_c11,train
71,12,r71_c12,train
71,13,r71_c13,train
71,14,r71_c14,train
71,15,r71_c15,train
71,16,r71_c16,validation
71,17,r71_c17,train
71,18,r71_c18,train
71,19,r71_c19,train
71,20,r71_c20,train
71,21,r71_c21,train
71,22,r71_c22,train
71,23,r71_c23,train
71,24,r71_c24,train
71,25,r71_c25,train
71,26,r71_c26,test
71,27,r71_c27,validation
71,28,r71_c28,train
71,29,r71_c29,train
71,30,r71_c30,train
71,31,r71_c31,train
71,32,r71_c32,train
71,33,r71_c33,train
71,34,r71_c34,train
71,35,r71_c35,test
71,36,r71_c36,test
71,37,r71_c37,train
71,38,r71_c38,train
71,39,r71_c39,train
71,40,r71_c40,test
71,41,r71_c41,train
71,42,r71_c42,test
71,43,r71_c43,train
71,44,r71_c44,train
71,45,r71_c45,train
71,46,r71_c46,validation
71,47,r71_c47,validation
71,48,r71_c48,train
71,49,r71_c49,validation
71,50,r71_c50,validation
71,51,r71_c51,test
71,52,r71_c52,train
71,53,r71_c53,train
71,54,r71_c54,train
71,55,r71_c55,train
71,56,r71_c56,test
71,57,r71_c57,train
71,58,r71_c58,validation
71,59,r71_c59,train
71,60,r71_c60,train
71,61,r71_c61,train
71,62,r71_c62,train
71,63,r71_c63,train
71,64,r71_c64,train
71,65,r71_c65,test
71,66,r71_c66,train
71,67,r71_c67,train
71,68,r71_c68,validation
71,69,r71_c69,train
71,70,r71_c70,train
71,71,r71_c71,train
71,72,r71_c72,train
71,73,r71_c73,train
71,74,r71_c74,train
71,75,r71_c75,train
71,76,r71_c76,train
71,77,r71_c77,train
71,78,r71_c78,train
71,79,r71_c79,validation
71,80,r71_c80,train
71,81,r71_c81,test
71,82,r71_c82,train
71,83,r71_c83,validation
71,84,r71_c84,test
71,85,r71_c85,validation
71,86,r71_c86,train
71,87,r71_c87,train
71,88,r71_c88,train
71,89,r71_c89,train
71,90,r71_c90,train
71,91,r71_c91,test
71,92,r71_c92,train
71,93,r71_c93,train
71,94,r71_c94,validation
71,95,r71_c95,validation
71,96,r71_c96,train
71,97,r71_c97,train
71,98,r71_c98,train
71,99,r71_c99,train
71,100,r71_c100,test
71,101,r71_c101,train
71,102,r71_c102,train
71,103,r71_c103,train
71,104,r71_c104,test
71,105,r71_c105,train
71,106,r71_c106,train
71,107,r71_c107,train
71,108,r71_c108,train
71,109,r71_c109,train
71,110,r71_c110,train
71,111,r71_c111,train
71,112,r71_c112,validation
71,113,r71_c113,train
71,114,r71_c114,train
71,115,r71_c115,test
71,116,r71_c116,validation
71,117,r71_c117,train
71,118,r71_c118,train
71,119,r71_c119,train
71,120,r71_c120,test
71,121,r71_c121,train
71,122,r71_c122,train
71,123,r71_c123,train
71,124,r71_c124,validation
71,125,r71_c125,train
71,126,r71_c126,train
71,127,r71_c127,test
72,0,r72_c0,train
72,1,r72_c1,train
72,2,r72_c2,test
72,3,r72_c3,train
72,4,r72_c4,test
72,5,r72_c5,train
72,6,r72_c6,train
72,7,r72_c7,train
72,8,r72_c8,train
72,9,r72_c9,train
72,10,r72_c10,train
72,11,r72_c11,train
72,12,r72_c12,train
72,13,r72_c13,train
72,14,r72_c14,train
72,15,r72_c15,validation
72,16,r72_c16,train
72,17,r72_c17,validation
72,18,r72_c18,validation
72,19,r72_c19,test
72,20,r72_c20,train
72,21,r72_c21,train
72,22,r72_c22,test
72,23,r72_c23,test
72,24,r72_c24,train
72,25,r72_c25,train
72,26,r72_c26,validation
72,27,r72_c27,train
72,28,r72_c28,train
72,29,r72_c29,train
72,30,r72_c30,train
72,31,r72_c31,train
72,32,r72_c32,train
72,33,r72_c33,validation
72,34,r72_c34,train
72,35,r72_c35,train
72,36,r72_c36,test
72,37,r72_c37,train
72,38,r72_c38,train
72,39,r72_c39,validation
72,40,r72_c40,train
72,41,r72_c41,train
72,42,r72_c42,train
72,43,r72_c43,train
72,44,r72_c44,test
72,45,r72_c45,train
72,46,r72_c46,test
72,47,r72_c47,test
72,48,r72_c48,train
72,49,r72_c49,test
72,50,r72_c50,validation
72,51,r72_c51,train
72,52,r72_c52,validation
72,53,r72_c53,train
72,54,r72_c54,train
72,55,r72_c55,validation
72,56,r72_c56,validation
72,57,r72_c57,train
72,58,r72_c58,test
72,59,r72_c59,train
72,60,r72_c60,train
72,61,r72_c61,train
72,62,r72_c62,test
72,63,r72_c63,test
72,64,r72_c64,validation
72,65,r72_c65,test
72,66,r72_c66,train
72,67,r72_c67,train
72,68,r72_c68,train
72,69,r72_c69,train
72,70,r72_c70,validation
72,71,r72_c71,train
72,72,r72_c72,train
72,73,r72_c73,test
72,74,r72_c74,train
72,75,r72_c75,test
72,76,r72_c76,train
72,77,r72_c77,train
72,78,r72_c78,train
72,79,r72_c79,train
72,80,r72_c80,train
72,81,r72_c81,train
72,82,r72_c82,test
72,83,r72_c83,train
72,84,r72_c84,train
72,85,r72_c85,test
72,86,r72_c86,train
72,87,r72_c87,train
72,88,r72_c88,train
72,89,r72_c89,test
72,90,r72_c90,train
72,91,r72_c91,train
72,92,r72_c92,train
72,93,r72_c93,validation
72,94,r72_c94,train
72,95,r72_c95,train
72,96,r72_c96,test
72,97,r72_c97,validation
72,98,r72_c98,train
72,99,r72_c99,train
72,100,r72_c100,train
72,101,r72_c101,train
72,102,r72_c102,train
72,103,r72_c103,validation
72,104,r72_c104,train
72,105,r72_c105,validation
72,106,r72_c106,train
72,107,r72_c107,train
72,108,r72_c108,train
72,109,r72_c109,train
72,110,r72_c110,test
72,111,r72_c111,train
72,112,r72_c112,validation
72,113,r72_c113,validation
72,114,r72_c114,train
72,115,r72_c115,train
72,116,r72_c116,train
72,117,r72_c117,train
72,118,r72_c118,train
72,119,r72_c119,train
72,120,r72_c120,train
72,121,r72_c121,train
72,122,r72_c122,train
72,123,r72_c123,train
72,124,r72_c124,train
72,125,r72_c125,validation
72,126,r72_c126,train
72,127,r72_c127,train
72,128,r72_c128,train
73,0,r73_c0,test
73,1,r73_c1,train
73,2,r73_c2,train
73,3,r73_c3,train
73,4,r73_c4,train
73,5,r73_c5,test
73,6,r73_c6,test
73,7,r73_c7,train
73,8,r73_c8,train
73,9,r73_c9,train
73,10,r73_c10,train
73,11,r73_c11,train
73,12,r73_c12,train
73,13,r73_c13,train
73,14,r73_c14,train
73,15,r73_c15,train
73,16,r73_c16,train
73,17,r73_c17,validation
73,18,r73_c18,train
73,19,r73_c19,train
73,20,r73_c20,train
73,21,r73_c21,train
73,22,r73_c22,train
73,23,r73_c23,train
73,24,r73_c24,train
73,25,r73_c25,train
73,26,r73_c26,train
73,27,r73_c27,train
73,28,r73_c28,train
73,29,r73_c29,train
73,30,r73_c30,train
73,31,r73_c31,train
73,32,r73_c32,train
73,33,r73_c33,train
73,34,r73_c34,train
73,35,r73_c35,train
73,36,r73_c36,train
73,37,r73_c37,train
73,38,r73_c38,validation
73,39,r73_c39,train
73,40,r73_c40,test
73,41,r73_c41,train
73,42,r73_c42,train
73,43,r73_c43,train
73,44,r73_c44,validation
73,45,r73_c45,train
73,46,r73_c46,test
73,47,r73_c47,validation
73,48,r73_c48,validation
73,49,r73_c49,train
73,50,r73_c50,train
73,51,r73_c51,train
73,52,r73_c52,validation
73,53,r73_c53,validation
73,54,r73_c54,train
73,55,r73_c55,train
73,56,r73_c56,validation
73,57,r73_c57,train
73,58,r73_c58,train
73,59,r73_c59,validation
73,60,r73_c60,test
73,61,r73_c61,train
73,62,r73_c62,validation
73,63,r73_c63,train
73,64,r73_c64,validation
73,65,r73_c65,train
73,66,r73_c66,train
73,67,r73_c67,train
73,68,r73_c68,train
73,69,r73_c69,validation
73,70,r73_c70,validation
73,71,r73_c71,train
73,72,r73_c72,train
73,73,r73_c73,train
73,74,r73_c74,train
73,75,r73_c75,train
73,76,r73_c76,test
73,77,r73_c77,train
73,78,r73_c78,train
73,79,r73_c79,train
73,80,r73_c80,validation
73,81,r73_c81,train
73,82,r73_c82,train
73,83,r73_c83,train
73,84,r73_c84,train
73,85,r73_c85,train
73,86,r73_c86,test
73,87,r73_c87,train
73,88,r73_c88,train
73,89,r73_c89,train
73,90,r73_c90,train
73,91,r73_c91,validation
73,92,r73_c92,train
73,93,r73_c93,validation
73,94,r73_c94,validation
73,95,r73_c95,train
73,96,r73_c96,validation
73,97,r73_c97,train
73,98,r73_c98,validation
73,99,r73_c99,train
73,100,r73_c100,train
73,101,r73_c101,train
73,102,r73_c102,train
73,103,r73_c103,train
73,104,r73_c104,validation
73,105,r73_c105,train
73,106,r73_c106,validation
73,107,r73_c107,test
73,108,r73_c108,test
73,109,r73_c109,validation
73,110,r73_c110,train
73,111,r73_c111,train
73,112,r73_c112,train
73,113,r73_c113,train
73,114,r73_c114,train
73,115,r73_c115,train
73,116,r73_c116,train
73,117,r73_c117,train
73,118,r73_c118,train
73,119,r73_c119,train
73,120,r73_c120,train
73,121,r73_c121,validation
73,122,r73_c122,train
73,123,r73_c123,train
73,124,r73_c124,train
73,125,r73_c125,train
73,126,r73_c126,train
73,127,r73_c127,validation
73,128,r73_c128,validation
74,0,r74_c0,train
74,1,r74_c1,test
74,2,r74_c2,train
74,3,r74_c3,train
74,4,r74_c4,train
74,5,r74_c5,train
74,6,r74_c6,train
74,7,r74_c7,train
74,8,r74_c8,validation
74,9,r74_c9,validation
74,10,r74_c10,train
74,11,r74_c11,train
74,12,r74_c12,test
74,13,r74_c13,validation
74,14,r74_c14,validation
74,15,r74_c15,train
74,16,r74_c16,train
74,17,r74_c17,test
74,18,r74_c18,test
74,19,r74_c19,train
74,20,r74_c20,train
74,21,r74_c21,train
74,22,r74_c22,test
74,23,r74_c23,train
74,24,r74_c24,train
74,25,r74_c25,train
74,26,r74_c26,validation
74,27,r74_c27,train
74,28,r74_c28,validation
74,29,r74_c29,validation
74,30,r74_c30,train
74,31,r74_c31,train
74,32,r74_c32,test
74,33,r74_c33,test
74,34,r74_c34,test
74,35,r74_c35,train
74,36,r74_c36,train
74,37,r74_c37,train
74,38,r74_c38,train
74,39,r74_c39,validation
74,40,r74_c40,train
74,41,r74_c41,train
74,42,r74_c42,validation
74,43,r74_c43,train
74,44,r74_c44,test
74,45,r74_c45,train
74,46,r74_c46,test
74,47,r74_c47,train
74,48,r74_c48,train
74,49,r74_c49,train
74,50,r74_c50,validation
74,51,r74_c51,train
74,52,r74_c52,validation
74,53,r74_c53,validation
74,54,r74_c54,train
74,55,r74_c55,validation
74,56,r74_c56,train
74,57,r74_c57,train
74,58,r74_c58,train
74,59,r74_c59,train
74,60,r74_c60,train
74,61,r74_c61,train
74,62,r74_c62,train
74,63,r74_c63,train
74,64,r74_c64,test
74,65,r74_c65,test
74,66,r74_c66,test
74,67,r74_c67,train
74,68,r74_c68,test
74,69,r74_c69,train
74,70,r74_c70,train
74,71,r74_c71,train
74,72,r74_c72,train
74,73,r74_c73,test
74,74,r74_c74,train
74,75,r74_c75,train
74,76,r74_c76,train
74,77,r74_c77,train
74,78,r74_c78,validation
74,79,r74_c79,validation
74,80,r74_c80,train
74,81,r74_c81,train
74,82,r74_c82,test
74,83,r74_c83,train
74,84,r74_c84,train
74,85,r74_c85,train
74,86,r74_c86,train
74,87,r74_c87,train
74,88,r74_c88,train
74,89,r74_c89,train
74,90,r74_c90,train
74,91,r74_c91,train
74,92,r74_c92,train
74,93,r74_c93,train
74,94,r74_c94,train
74,95,r74_c95,validation
74,96,r74_c96,test
74,97,r74_c97,validation
74,98,r74_c98,train
74,99,r74_c99,train
74,100,r74_c100,train
74,101,r74_c101,test
74,102,r74_c102,train
74,103,r74_c103,train
74,104,r74_c104,test
74,105,r74_c105,train
74,106,r74_c106,validation
74,107,r74_c107,train
74,108,r74_c108,validation
74,109,r74_c109,train
74,110,r74_c110,train
74,111,r74_c111,test
74,112,r74_c112,train
74,113,r74_c113,train
74,114,r74_c114,validation
74,115,r74_c115,test
74,116,r74_c116,train
74,117,r74_c117,validation
74,118,r74_c118,train
74,119,r74_c119,train
74,120,r74_c120,train
74,121,r74_c121,test
74,122,r74_c122,train
74,123,r74_c123,train
74,124,r74_c124,test
74,125,r74_c125,validation
74,126,r74_c126,train
74,127,r74_c127,train
74,128,r74_c128,test
75,0,r75_c0,train
75,1,r75_c1,test
75,2,r75_c2,train
75,3,r75_c3,train
75,4,r75_c4,train
75,5,r75_c5,train
75,6,r75_c6,validation
75,7,r75_c7,train
75,8,r75_c8,train
75,9,r75_c9,train
75,10,r75_c10,train
75,11,r75_c11,train
75,12,r75_c12,train
75,13,r75_c13,train
75,14,r75_c14,train
75,15,r75_c15,train
75,16,r75_c16,test
75,17,r75_c17,train
75,18,r75_c18,test
75,19,r75_c19,test
75,20,r75_c20,train
75,21,r75_c21,train
75,22,r75_c22,train
75,23,r75_c23,train
75,24,r75_c24,train
75,25,r75_c25,test
75,26,r75_c26,train
75,27,r75_c27,train
75,28,r75_c28,validation
75,29,r75_c29,train
75,30,r75_c30,validation
75,31,r75_c31,train
75,32,r75_c32,train
75,33,r75_c33,train
75,34,r75_c34,validation
75,35,r75_c35,train
75,36,r75_c36,train
75,37,r75_c37,train
75,38,r75_c38,train
75,39,r75_c39,validation
75,40,r75_c40,validation
75,41,r75_c41,train
75,42,r75_c42,train
75,43,r75_c43,train
75,44,r75_c44,train
75,45,r75_c45,train
75,46,r75_c46,train
75,47,r75_c47,test
75,48,r75_c48,train
75,49,r75_c49,train
75,50,r75_c50,validation
75,51,r75_c51,train
75,52,r75_c52,test
75,53,r75_c53,train
75,54,r75_c54,train
75,55,r75_c55,test
75,56,r75_c56,train
75,57,r75_c57,test
75,58,r75_c58,train
75,59,r75_c59,train
75,60,r75_c60,train
75,61,r75_c61,train
75,62,r75_c62,train
75,63,r75_c63,train
75,64,r75_c64,train
75,65,r75_c65,test
75,66,r75_c66,train
75,67,r75_c67,test
75,68,r75_c68,train
75,69,r75_c69,validation
75,70,r75_c70,test
75,71,r75_c71,test
75,72,r75_c72,train
75,73,r75_c73,train
75,74,r75_c74,train
75,75,r75_c75,train
75,76,r75_c76,train
75,77,r75_c77,validation
75,78,r75_c78,train
75,79,r75_c79,train
75,80,r75_c80,train
75,81,r75_c81,validation
75,82,r75_c82,train
75,83,r75_c83,train
75,84,r75_c84,train
75,85,r75_c85,train
75,86,r75_c86,train
75,87,r75_c87,train
75,88,r75_c88,train
75,89,r75_c89,validation
75,90,r75_c90,test
75,91,r75_c91,train
75,92,r75_c92,validation
75,93,r75_c93,train
75,94,r75_c94,test
75,95,r75_c95,train
75,96,r75_c96,train
75,97,r75_c97,train
75,98,r75_c98,train
75,99,r75_c99,train
75,100,r75_c100,train
75,101,r75_c101,train
75,102,r75_c102,train
75,103,r75_c103,train
75,104,r75_c104,train
75,105,r75_c105,validation
75,106,r75_c106,validation
75,107,r75_c107,train
75,108,r75_c108,train
75,109,r75_c109,validation
75,110,r75_c110,test
75,111,r75_c111,train
75,112,r75_c112,train
75,113,r75_c113,train
75,114,r75_c114,train
75,115,r75_c115,train
75,116,r75_c116,train
75,117,r75_c117,test
75,118,r75_c118,train
75,119,r75_c119,train
75,120,r75_c120,train
75,121,r75_c121,train
75,122,r75_c122,train
75,123,r75_c123,train
75,124,r75_c124,validation
75,125,r75_c125,train
75,126,r75_c126,train
75,127,r75_c127,train
75,128,r75_c128,train
76,0,r76_c0,train
76,1,r76_c1,train
76,2,r76_c2,train
76,3,r76_c3,train
76,4,r76_c4,test
76,5,r76_c5,train
76,6,r76_c6,train
76,7,r76_c7,train
76,8,r76_c8,train
76,9,r76_c9,train
76,10,r76_c10,test
76,11,r76_c11,train
76,12,r76_c12,validation
76,13,r76_c13,test
76,14,r76_c14,train
76,15,r76_c15,validation
76,16,r76_c16,train
76,17,r76_c17,train
76,18,r76_c18,train
76,19,r76_c19,train
76,20,r76_c20,train
76,21,r76_c21,train
76,22,r76_c22,train
76,23,r76_c23,validation
76,24,r76_c24,train
76,25,r76_c25,train
76,26,r76_c26,train
76,27,r76_c27,train
76,28,r76_c28,validation
76,29,r76_c29,validation
76,30,r76_c30,train
76,31,r76_c31,validation
76,32,r76_c32,train
76,33,r76_c33,train
76,34,r76_c34,train
76,35,r76_c35,train
76,36,r76_c36,train
76,37,r76_c37,train
76,38,r76_c38,train
76,39,r76_c39,train
76,40,r76_c40,train
76,41,r76_c41,test
76,42,r76_c42,train
76,43,r76_c43,validation
76,44,r76_c44,train
76,45,r76_c45,train
76,46,r76_c46,train
76,47,r76_c47,test
76,48,r76_c48,train
76,49,r76_c49,train
76,50,r76_c50,train
76,51,r76_c51,train
76,52,r76_c52,train
76,53,r76_c53,test
76,54,r76_c54,train
76,55,r76_c55,test
76,56,r76_c56,train
76,57,r76_c57,train
76,58,r76_c58,validation
76,59,r76_c59,train
76,60,r76_c60,train
76,61,r76_c61,train
76,62,r76_c62,train
76,63,r76_c63,train
76,64,r76_c64,train
76,65,r76_c65,train
76,66,r76_c66,validation
76,67,r76_c67,validation
76,68,r76_c68,validation
76,69,r76_c69,train
76,70,r76_c70,train
76,71,r76_c71,train
76,72,r76_c72,train
76,73,r76_c73,train
76,74,r76_c74,test
76,75,r76_c75,train
76,76,r76_c76,validation
76,77,r76_c77,train
76,78,r76_c78,train
76,79,r76_c79,train
76,80,r76_c80,train
76,81,r76_c81,train
76,82,r76_c82,train
76,83,r76_c83,train
76,84,r76_c84,train
76,85,r76_c85,validation
76,86,r76_c86,train
76,87,r76_c87,train
76,88,r76_c88,validation
76,89,r76_c89,test
76,90,r76_c90,test
76,91,r76_c91,test
76,92,r76_c92,train
76,93,r76_c93,train
76,94,r76_c94,train
76,95,r76_c95,train
76,96,r76_c96,train
76,97,r76_c97,test
76,98,r76_c98,train
76,99,r76_c99,test
76,100,r76_c100,test
76,101,r76_c101,train
76,102,r76_c102,train
76,103,r76_c103,test
76,104,r76_c104,train
76,105,r76_c105,test
76,106,r76_c106,train
76,107,r76_c107,train
76,108,r76_c108,train
76,109,r76_c109,test
76,110,r76_c110,train
76,111,r76_c111,train
76,112,r76_c112,train
76,113,r76_c113,train
76,114,r76_c114,train
76,115,r76_c115,train
76,116,r76_c116,train
76,117,r76_c117,validation
76,118,r76_c118,train
76,119,r76_c119,test
76,120,r76_c120,train
76,121,r76_c121,validation
76,122,r76_c122,train
76,123,r76_c123,train
76,124,r76_c124,train
76,125,r76_c125,train
76,126,r76_c126,train
76,127,r76_c127,train
76,128,r76_c128,train
77,0,r77_c0,train
77,1,r77_c1,validation
77,2,r77_c2,train
77,3,r77_c3,train
77,4,r77_c4,train
77,5,r77_c5,train
77,6,r77_c6,train
77,7,r77_c7,test
77,8,r77_c8,train
77,9,r77_c9,test
77,10,r77_c10,test
77,11,r77_c11,validation
77,12,r77_c12,test
77,13,r77_c13,train
77,14,r77_c14,train
77,15,r77_c15,train
77,16,r77_c16,train
77,17,r77_c17,train
77,18,r77_c18,test
77,19,r77_c19,train
77,20,r77_c20,train
77,21,r77_c21,train
77,22,r77_c22,test
77,23,r77_c23,train
77,24,r77_c24,train
77,25,r77_c25,train
77,26,r77_c26,train
77,27,r77_c27,train
77,28,r77_c28,test
77,29,r77_c29,validation
77,30,r77_c30,test
77,31,r77_c31,validation
77,32,r77_c32,train
77,33,r77_c33,validation
77,34,r77_c34,test
77,35,r77_c35,train
77,36,r77_c36,train
77,37,r77_c37,train
77,38,r77_c38,validation
77,39,r77_c39,train
77,40,r77_c40,validation
77,41,r77_c41,train
77,42,r77_c42,train
77,43,r77_c43,train
77,44,r77_c44,train
77,45,r77_c45,test
77,46,r77_c46,train
77,47,r77_c47,train
77,48,r77_c48,train
77,49,r77_c49,train
77,50,r77_c50,train
77,51,r77_c51,train
77,52,r77_c52,train
77,53,r77_c53,train
77,54,r77_c54,validation
77,55,r77_c55,validation
77,56,r77_c56,train
77,57,r77_c57,train
77,58,r77_c58,train
77,59,r77_c59,validation
77,60,r77_c60,train
77,61,r77_c61,test
77,62,r77_c62,train
77,63,r77_c63,test
77,64,r77_c64,train
77,65,r77_c65,train
77,66,r77_c66,train
77,67,r77_c67,train
77,68,r77_c68,validation
77,69,r77_c69,validation
77,70,r77_c70,train
77,71,r77_c71,train
77,72,r77_c72,validation
77,73,r77_c73,train
77,74,r77_c74,test
77,75,r77_c75,validation
77,76,r77_c76,validation
77,77,r77_c77,train
77,78,r77_c78,test
77,79,r77_c79,test
77,80,r77_c80,train
77,81,r77_c81,train
77,82,r77_c82,train
77,83,r77_c83,test
77,84,r77_c84,validation
77,85,r77_c85,train
77,86,r77_c86,validation
77,87,r77_c87,train
77,88,r77_c88,train
77,89,r77_c89,validation
77,90,r77_c90,train
77,91,r77_c91,train
77,92,r77_c92,validation
77,93,r77_c93,train
77,94,r77_c94,train
77,95,r77_c95,train
77,96,r77_c96,train
77,97,r77_c97,test
77,98,r77_c98,test
77,99,r77_c99,train
77,100,r77_c100,train
77,101,r77_c101,validation
77,102,r77_c102,test
77,103,r77_c103,validation
77,104,r77_c104,validation
77,105,r77_c105,train
77,106,r77_c106,train
77,107,r77_c107,train
77,108,r77_c108,train
77,109,r77_c109,train
77,110,r77_c110,train
77,111,r77_c111,train
77,112,r77_c112,train
77,113,r77_c113,train
77,114,r77_c114,train
77,115,r77_c115,train
77,116,r77_c116,train
77,117,r77_c117,train
77,118,r77_c118,validation
77,119,r77_c119,train
77,120,r77_c120,train
77,121,r77_c121,train
77,122,r77_c122,train
77,123,r77_c123,train
77,124,r77_c124,train
77,125,r77_c125,train
77,126,r77_c126,train
77,127,r77_c127,train
77,128,r77_c128,train
78,0,r78_c0,train
78,1,r78_c1,train
78,2,r78_c2,train
78,3,r78_c3,validation
78,4,r78_c4,test
78,5,r78_c5,train
78,6,r78_c6,test
78,7,r78_c7,test
78,8,r78_c8,train
78,9,r78_c9,test
78,10,r78_c10,train
78,11,r78_c11,test
78,12,r78_c12,train
78,13,r78_c13,validation
78,14,r78_c14,validation
78,15,r78_c15,train
78,16,r78_c16,train
78,17,r78_c17,train
78,18,r78_c18,train
78,19,r78_c19,test
78,20,r78_c20,train
78,21,r78_c21,train
78,22,r78_c22,validation
78,23,r78_c23,train
78,24,r78_c24,train
78,25,r78_c25,train
78,26,r78_c26,test
78,27,r78_c27,train
78,28,r78_c28,train
78,29,r78_c29,train
78,30,r78_c30,validation
78,31,r78_c31,test
78,32,r78_c32,train
78,33,r78_c33,train
78,34,r78_c34,train
78,35,r78_c35,test
78,36,r78_c36,train
78,37,r78_c37,test
78,38,r78_c38,validation
78,39,r78_c39,validation
78,40,r78_c40,train
78,41,r78_c41,test
78,42,r78_c42,train
78,43,r78_c43,train
78,44,r78_c44,train
78,45,r78_c45,train
78,46,r78_c46,test
78,47,r78_c47,validation
78,48,r78_c48,train
78,49,r78_c49,train
78,50,r78_c50,train
78,51,r78_c51,train
78,52,r78_c52,train
78,53,r78_c53,validation
78,54,r78_c54,train
78,55,r78_c55,train
78,56,r78_c56,train
78,57,r78_c57,train
78,58,r78_c58,train
78,59,r78_c59,train
78,60,r78_c60,train
78,61,r78_c61,train
78,62,r78_c62,train
78,63,r78_c63,test
78,64,r78_c64,test
78,65,r78_c65,train
78,66,r78_c66,validation
78,67,r78_c67,train
78,68,r78_c68,validation
78,69,r78_c69,train
78,70,r78_c70,train
78,71,r78_c71,train
78,72,r78_c72,test
78,73,r78_c73,train
78,74,r78_c74,train
78,75,r78_c75,train
78,76,r78_c76,train
78,77,r78_c77,train
78,78,r78_c78,test
78,79,r78_c79,validation
78,80,r78_c80,validation
78,81,r78_c81,train
78,82,r78_c82,train
78,83,r78_c83,train
78,84,r78_c84,train
78,85,r78_c85,train
78,86,r78_c86,train
78,87,r78_c87,train
78,88,r78_c88,train
78,89,r78_c89,train
78,90,r78_c90,train
78,91,r78_c91,train
78,92,r78_c92,train
78,93,r78_c93,train
78,94,r78_c94,train
78,95,r78_c95,train
78,96,r78_c96,train
78,97,r78_c97,train
78,98,r78_c98,train
78,99,r78_c99,train
78,100,r78_c100,train
78,101,r78_c101,validation
78,102,r78_c102,test
78,103,r78_c103,train
78,104,r78_c104,train
78,105,r78_c105,train
78,106,r78_c106,validation
78,107,r78_c107,train
78,108,r78_c108,test
78,109,r78_c109,train
78,110,r78_c110,train
78,111,r78_c111,train
78,112,r78_c112,train
78,113,r78_c113,train
78,114,r78_c114,train
78,115,r78_c115,train
78,116,r78_c116,train
78,117,r78_c117,train
78,118,r78_c118,validation
78,119,r78_c119,train
78,120,r78_c120,train
78,121,r78_c121,train
78,122,r78_c122,validation
78,123,r78_c123,validation
78,124,r78_c124,train
78,125,r78_c125,train
78,126,r78_c126,train
78,127,r78_c127,test
78,128,r78_c128,train
79,0,r79_c0,train
79,1,r79_c1,train
79,2,r79_c2,validation
79,3,r79_c3,test
79,4,r79_c4,train
79,5,r79_c5,train
79,6,r79_c6,train
79,7,r79_c7,train
79,8,r79_c8,test
79,9,r79_c9,test
79,10,r79_c10,train
79,11,r79_c11,test
79,12,r79_c12,train
79,13,r79_c13,validation
79,14,r79_c14,train
79,15,r79_c15,validation
79,16,r79_c16,train
79,17,r79_c17,train
79,18,r79_c18,train
79,19,r79_c19,train
79,20,r79_c20,train
79,21,r79_c21,train
79,22,r79_c22,train
79,23,r79_c23,train
79,24,r79_c24,train
79,25,r79_c25,train
79,26,r79_c26,train
79,27,r79_c27,train
79,28,r79_c28,train
79,29,r79_c29,test
79,30,r79_c30,train
79,31,r79_c31,train
79,32,r79_c32,train
79,33,r79_c33,train
79,34,r79_c34,train
79,35,r79_c35,validation
79,36,r79_c36,train
79,37,r79_c37,train
79,38,r79_c38,train
79,39,r79_c39,train
79,40,r79_c40,validation
79,41,r79_c41,train
79,42,r79_c42,train
79,43,r79_c43,train
79,44,r79_c44,train
79,45,r79_c45,train
79,46,r79_c46,train
79,47,r79_c47,train
79,48,r79_c48,train
79,49,r79_c49,train
79,50,r79_c50,train
79,51,r79_c51,train
79,52,r79_c52,test
79,53,r79_c53,train
79,54,r79_c54,train
79,55,r79_c55,train
79,56,r79_c56,train
79,57,r79_c57,train
79,58,r79_c58,train
79,59,r79_c59,train
79,60,r79_c60,validation
79,61,r79_c61,train
79,62,r79_c62,train
79,63,r79_c63,test
79,64,r79_c64,train
79,65,r79_c65,train
79,66,r79_c66,test
79,67,r79_c67,train
79,68,r79_c68,train
79,69,r79_c69,test
79,70,r79_c70,train
79,71,r79_c71,test
79,72,r79_c72,train
79,73,r79_c73,validation
79,74,r79_c74,train
79,75,r79_c75,train
79,76,r79_c76,train
79,77,r79_c77,train
79,78,r79_c78,train
79,79,r79_c79,test
79,80,r79_c80,test
79,81,r79_c81,train
79,82,r79_c82,train
79,83,r79_c83,train
79,84,r79_c84,test
79,85,r79_c85,validation
79,86,r79_c86,validation
79,87,r79_c87,train
79,88,r79_c88,train
79,89,r79_c89,train
79,90,r79_c90,validation
79,91,r79_c91,train
79,92,r79_c92,test
79,93,r79_c93,test
79,94,r79_c94,train
79,95,r79_c95,train
79,96,r79_c96,train
79,97,r79_c97,train
79,98,r79_c98,validation
79,99,r79_c99,validation
79,100,r79_c100,train
79,101,r79_c101,test
79,102,r79_c102,test
79,103,r79_c103,train
79,104,r79_c104,validation
79,105,r79_c105,train
79,106,r79_c106,test
79,107,r79_c107,train
79,108,r79_c108,test
79,109,r79_c109,validation
79,110,r79_c110,train
79,111,r79_c111,train
79,112,r79_c112,train
79,113,r79_c113,train
79,114,r79_c114,train
79,115,r79_c115,test
79,116,r79_c116,test
79,117,r79_c117,train
79,118,r79_c118,test
79,119,r79_c119,train
79,120,r79_c120,train
79,121,r79_c121,train
79,122,r79_c122,train
79,123,r79_c123,train
79,124,r79_c124,test
79,125,r79_c125,validation
79,126,r79_c126,train
79,127,r79_c127,train
79,128,r79_c128,test
80,0,r80_c0,test
80,1,r80_c1,train
80,2,r80_c2,test
80,3,r80_c3,train
80,4,r80_c4,validation
80,5,r80_c5,train
80,6,r80_c6,train
80,7,r80_c7,train
80,8,r80_c8,train
80,9,r80_c9,test
80,10,r80_c10,train
80,11,r80_c11,test
80,12,r80_c12,validation
80,13,r80_c13,train
80,14,r80_c14,validation
80,15,r80_c15,train
80,16,r80_c16,train
80,17,r80_c17,train
80,18,r80_c18,train
80,19,r80_c19,train
80,20,r80_c20,train
80,21,r80_c21,validation
80,22,r80_c22,train
80,23,r80_c23,train
80,24,r80_c24,validation
80,25,r80_c25,train
80,26,r80_c26,train
80,27,r80_c27,train
80,28,r80_c28,train
80,29,r80_c29,validation
80,30,r80_c30,train
80,31,r80_c31,train
80,32,r80_c32,train
80,33,r80_c33,test
80,34,r80_c34,test
80,35,r80_c35,train
80,36,r80_c36,train
80,37,r80_c37,train
80,38,r80_c38,test
80,39,r80_c39,test
80,40,r80_c40,train
80,41,r80_c41,train
80,42,r80_c42,test
80,43,r80_c43,train
80,44,r80_c44,test
80,45,r80_c45,validation
80,46,r80_c46,validation
80,47,r80_c47,validation
80,48,r80_c48,train
80,49,r80_c49,train
80,50,r80_c50,validation
80,51,r80_c51,train
80,52,r80_c52,validation
80,53,r80_c53,train
80,54,r80_c54,train
80,55,r80_c55,train
80,56,r80_c56,train
80,57,r80_c57,validation
80,58,r80_c58,train
80,59,r80_c59,train
80,60,r80_c60,train
80,61,r80_c61,train
80,62,r80_c62,test
80,63,r80_c63,test
80,64,r80_c64,validation
80,65,r80_c65,train
80,66,r80_c66,train
80,67,r80_c67,test
80,68,r80_c68,train
80,69,r80_c69,validation
80,70,r80_c70,train
80,71,r80_c71,train
80,72,r80_c72,test
80,73,r80_c73,train
80,74,r80_c74,validation
80,75,r80_c75,validation
80,76,r80_c76,train
80,77,r80_c77,train
80,78,r80_c78,validation
80,79,r80_c79,test
80,80,r80_c80,train
80,81,r80_c81,train
80,82,r80_c82,test
80,83,r80_c83,train
80,84,r80_c84,test
80,85,r80_c85,train
80,86,r80_c86,train
80,87,r80_c87,test
80,88,r80_c88,validation
80,89,r80_c89,train
80,90,r80_c90,test
80,91,r80_c91,train
80,92,r80_c92,train
80,93,r80_c93,train
80,94,r80_c94,train
80,95,r80_c95,test
80,96,r80_c96,train
80,97,r80_c97,train
80,98,r80_c98,train
80,99,r80_c99,train
80,100,r80_c100,train
80,101,r80_c101,train
80,102,r80_c102,test
80,103,r80_c103,train
80,104,r80_c104,train
80,105,r80_c105,train
80,106,r80_c106,validation
80,107,r80_c107,train
80,108,r80_c108,train
80,109,r80_c109,validation
80,110,r80_c110,train
80,111,r80_c111,train
80,112,r80_c112,train
80,113,r80_c113,test
80,114,r80_c114,train
80,115,r80_c115,train
80,116,r80_c116,train
80,117,r80_c117,train
80,118,r80_c118,train
80,119,r80_c119,train
80,120,r80_c120,train
80,121,r80_c121,train
80,122,r80_c122,train
80,123,r80_c123,train
80,124,r80_c124,test
80,125,r80_c125,train
80,126,r80_c126,test
80,127,r80_c127,test
80,128,r80_c128,test
81,0,r81_c0,train
81,1,r81_c1,validation
81,2,r81_c2,train
81,3,r81_c3,test
81,4,r81_c4,test
81,5,r81_c5,train
81,6,r81_c6,train
81,7,r81_c7,train
81,8,r81_c8,test
81,9,r81_c9,train
81,10,r81_c10,validation
81,11,r81_c11,train
81,12,r81_c12,train
81,13,r81_c13,train
81,14,r81_c14,train
81,15,r81_c15,train
81,16,r81_c16,train
81,17,r81_c17,train
81,18,r81_c18,train
81,19,r81_c19,train
81,20,r81_c20,train
81,21,r81_c21,validation
81,22,r81_c22,train
81,23,r81_c23,train
81,24,r81_c24,validation
81,25,r81_c25,train
81,26,r81_c26,test
81,27,r81_c27,train
81,28,r81_c28,test
81,29,r81_c29,validation
81,30,r81_c30,train
81,31,r81_c31,train
81,32,r81_c32,train
81,33,r81_c33,train
81,34,r81_c34,test
81,35,r81_c35,train
81,36,r81_c36,train
81,37,r81_c37,test
81,38,r81_c38,train
81,39,r81_c39,train
81,40,r81_c40,validation
81,41,r81_c41,train
81,42,r81_c42,train
81,43,r81_c43,train
81,44,r81_c44,test
81,45,r81_c45,validation
81,46,r81_c46,validation
81,47,r81_c47,train
81,48,r81_c48,train
81,49,r81_c49,train
81,50,r81_c50,train
81,51,r81_c51,train
81,52,r81_c52,test
81,53,r81_c53,test
81,54,r81_c54,train
81,55,r81_c55,train
81,56,r81_c56,validation
81,57,r81_c57,validation
81,58,r81_c58,train
81,59,r81_c59,train
81,60,r81_c60,train
81,61,r81_c61,train
81,62,r81_c62,train
81,63,r81_c63,train
81,64,r81_c64,train
81,65,r81_c65,test
81,66,r81_c66,test
81,67,r81_c67,train
81,68,r81_c68,test
81,69,r81_c69,train
81,70,r81_c70,train
81,71,r81_c71,train
81,72,r81_c72,validation
81,73,r81_c73,train
81,74,r81_c74,train
81,75,r81_c75,validation
81,76,r81_c76,validation
81,77,r81_c77,train
81,78,r81_c78,train
81,79,r81_c79,validation
81,80,r81_c80,train
81,81,r81_c81,train
81,82,r81_c82,validation
81,83,r81_c83,train
81,84,r81_c84,train
81,85,r81_c85,train
81,86,r81_c86,train
81,87,r81_c87,train
81,88,r81_c88,train
81,89,r81_c89,test
81,90,r81_c90,train
81,91,r81_c91,validation
81,92,r81_c92,validation
81,93,r81_c93,train
81,94,r81_c94,test
81,95,r81_c95,train
81,96,r81_c96,train
81,97,r81_c97,test
81,98,r81_c98,train
81,99,r81_c99,train
81,100,r81_c100,train
81,101,r81_c101,train
81,102,r81_c102,train
81,103,r81_c103,train
81,104,r81_c104,train
81,105,r81_c105,test
81,106,r81_c106,train
81,107,r81_c107,validation
81,108,r81_c108,train
81,109,r81_c109,validation
81,110,r81_c110,train
81,111,r81_c111,train
81,112,r81_c112,train
81,113,r81_c113,train
81,114,r81_c114,train
81,115,r81_c115,train
81,116,r81_c116,validation
81,117,r81_c117,train
81,118,r81_c118,train
81,119,r81_c119,test
81,120,r81_c120,test
81,121,r81_c121,train
81,122,r81_c122,train
81,123,r81_c123,train
81,124,r81_c124,train
81,125,r81_c125,train
81,126,r81_c126,train
81,127,r81_c127,train
81,128,r81_c128,train
82,1,r82_c1,train
82,2,r82_c2,validation
82,3,r82_c3,train
82,4,r82_c4,train
82,5,r82_c5,train
82,6,r82_c6,train
82,7,r82_c7,train
82,8,r82_c8,train
82,9,r82_c9,train
82,10,r82_c10,test
82,11,r82_c11,train
82,12,r82_c12,test
82,13,r82_c13,train
82,14,r82_c14,train
82,15,r82_c15,validation
82,16,r82_c16,train
82,17,r82_c17,train
82,18,r82_c18,validation
82,19,r82_c19,train
82,20,r82_c20,validation
82,21,r82_c21,train
82,22,r82_c22,train
82,23,r82_c23,train
82,24,r82_c24,train
82,25,r82_c25,train
82,26,r82_c26,train
82,27,r82_c27,train
82,28,r82_c28,train
82,29,r82_c29,train
82,30,r82_c30,test
82,31,r82_c31,validation
82,32,r82_c32,train
82,33,r82_c33,test
82,34,r82_c34,train
82,35,r82_c35,test
82,36,r82_c36,train
82,37,r82_c37,test
82,38,r82_c38,train
82,39,r82_c39,train
82,40,r82_c40,train
82,41,r82_c41,train
82,42,r82_c42,train
82,43,r82_c43,train
82,44,r82_c44,test
82,45,r82_c45,train
82,46,r82_c46,train
82,47,r82_c47,train
82,48,r82_c48,test
82,49,r82_c49,train
82,50,r82_c50,train
82,51,r82_c51,validation
82,52,r82_c52,validation
82,53,r82_c53,test
82,54,r82_c54,test
82,55,r82_c55,train
82,56,r82_c56,train
82,57,r82_c57,test
82,58,r82_c58,train
82,59,r82_c59,train
82,60,r82_c60,train
82,61,r82_c61,validation
82,62,r82_c62,train
82,63,r82_c63,train
82,64,r82_c64,train
82,65,r82_c65,train
82,66,r82_c66,train
82,67,r82_c67,test
82,68,r82_c68,train
82,69,r82_c69,validation
82,70,r82_c70,train
82,71,r82_c71,train
82,72,r82_c72,validation
82,73,r82_c73,train
82,74,r82_c74,train
82,75,r82_c75,train
82,76,r82_c76,train
82,77,r82_c77,train
82,78,r82_c78,validation
82,79,r82_c79,test
82,80,r82_c80,train
82,81,r82_c81,train
82,82,r82_c82,test
82,83,r82_c83,train
82,84,r82_c84,train
82,85,r82_c85,train
82,86,r82_c86,train
82,87,r82_c87,train
82,88,r82_c88,test
82,89,r82_c89,validation
82,90,r82_c90,validation
82,91,r82_c91,train
82,92,r82_c92,test
82,93,r82_c93,train
82,94,r82_c94,train
82,95,r82_c95,train
82,96,r82_c96,test
82,97,r82_c97,train
82,98,r82_c98,train
82,99,r82_c99,test
82,100,r82_c100,validation
82,101,r82_c101,train
82,102,r82_c102,train
82,103,r82_c103,train
82,104,r82_c104,test
82,105,r82_c105,test
82,106,r82_c106,test
82,107,r82_c107,train
82,108,r82_c108,train
82,109,r82_c109,train
82,110,r82_c110,train
82,111,r82_c111,train
82,112,r82_c112,train
82,113,r82_c113,train
82,114,r82_c114,validation
82,115,r82_c115,validation
82,116,r82_c116,train
82,117,r82_c117,train
82,118,r82_c118,train
82,119,r82_c119,train
82,120,r82_c120,train
82,121,r82_c121,train
82,122,r82_c122,train
82,123,r82_c123,train
82,124,r82_c124,train
82,125,r82_c125,train
82,126,r82_c126,train
82,127,r82_c127,test
82,128,r82_c128,train
83,1,r83_c1,train
83,2,r83_c2,validation
83,3,r83_c3,test
83,4,r83_c4,test
83,5,r83_c5,train
83,6,r83_c6,test
83,7,r83_c7,test
83,8,r83_c8,train
83,9,r83_c9,train
83,10,r83_c10,validation
83,11,r83_c11,train
83,12,r83_c12,train
83,13,r83_c13,train
83,14,r83_c14,train
83,15,r83_c15,train
83,16,r83_c16,train
83,17,r83_c17,train
83,18,r83_c18,validation
83,19,r83_c19,train
83,20,r83_c20,train
83,21,r83_c21,test
83,22,r83_c22,validation
83,23,r83_c23,validation
83,24,r83_c24,train
83,25,r83_c25,validation
83,26,r83_c26,test
83,27,r83_c27,train
83,28,r83_c28,test
83,29,r83_c29,validation
83,30,r83_c30,train
83,31,r83_c31,train
83,32,r83_c32,validation
83,33,r83_c33,train
83,34,r83_c34,train
83,35,r83_c35,validation
83,36,r83_c36,train
83,37,r83_c37,train
83,38,r83_c38,test
83,39,r83_c39,train
83,40,r83_c40,test
83,41,r83_c41,validation
83,42,r83_c42,train
83,43,r83_c43,validation
83,44,r83_c44,train
83,45,r83_c45,train
83,46,r83_c46,test
83,47,r83_c47,train
83,48,r83_c48,validation
83,49,r83_c49,validation
83,50,r83_c50,test
83,51,r83_c51,train
83,52,r83_c52,test
83,53,r83_c53,train
83,54,r83_c54,train
83,55,r83_c55,train
83,56,r83_c56,train
83,57,r83_c57,train
83,58,r83_c58,train
83,59,r83_c59,test
83,60,r83_c60,test
83,61,r83_c61,train
83,62,r83_c62,test
83,63,r83_c63,train
83,64,r83_c64,test
83,65,r83_c65,validation
83,66,r83_c66,train
83,67,r83_c67,test
83,68,r83_c68,train
83,69,r83_c69,train
83,70,r83_c70,train
83,71,r83_c71,train
83,72,r83_c72,train
83,73,r83_c73,train
83,74,r83_c74,train
83,75,r83_c75,train
83,76,r83_c76,train
83,77,r83_c77,train
83,78,r83_c78,train
83,79,r83_c79,train
83,80,r83_c80,train
83,81,r83_c81,train
83,82,r83_c82,train
83,83,r83_c83,train
83,84,r83_c84,train
83,85,r83_c85,train
83,86,r83_c86,validation
83,87,r83_c87,train
83,88,r83_c88,validation
83,89,r83_c89,train
83,90,r83_c90,train
83,91,r83_c91,train
83,92,r83_c92,train
83,93,r83_c93,train
83,94,r83_c94,train
83,95,r83_c95,train
83,96,r83_c96,train
83,97,r83_c97,train
83,98,r83_c98,validation
83,99,r83_c99,train
83,100,r83_c100,train
83,101,r83_c101,train
83,102,r83_c102,train
83,103,r83_c103,train
83,104,r83_c104,train
83,105,r83_c105,train
83,106,r83_c106,train
83,107,r83_c107,train
83,108,r83_c108,test
83,109,r83_c109,validation
83,110,r83_c110,validation
83,111,r83_c111,train
83,112,r83_c112,train
83,113,r83_c113,train
83,114,r83_c114,train
83,115,r83_c115,train
83,116,r83_c116,train
83,117,r83_c117,train
83,118,r83_c118,train
83,119,r83_c119,train
83,120,r83_c120,test
83,121,r83_c121,train
83,122,r83_c122,validation
83,123,r83_c123,train
83,124,r83_c124,train
83,125,r83_c125,train
83,126,r83_c126,train
83,127,r83_c127,train
83,128,r83_c128,train
84,1,r84_c1,train
84,2,r84_c2,validation
84,3,r84_c3,train
84,4,r84_c4,train
84,5,r84_c5,train
84,6,r84_c6,train
84,7,r84_c7,train
84,8,r84_c8,train
84,9,r84_c9,train
84,10,r84_c10,train
84,11,r84_c11,train
84,12,r84_c12,train
84,13,r84_c13,train
84,14,r84_c14,train
84,15,r84_c15,test
84,16,r84_c16,train
84,17,r84_c17,train
84,18,r84_c18,test
84,19,r84_c19,validation
84,20,r84_c20,train
84,21,r84_c21,train
84,22,r84_c22,train
84,23,r84_c23,test
84,24,r84_c24,validation
84,25,r84_c25,train
84,26,r84_c26,train
84,27,r84_c27,validation
84,28,r84_c28,train
84,29,r84_c29,validation
84,30,r84_c30,train
84,31,r84_c31,train
84,32,r84_c32,validation
84,33,r84_c33,train
84,34,r84_c34,train
84,35,r84_c35,test
84,36,r84_c36,train
84,37,r84_c37,train
84,38,r84_c38,train
84,39,r84_c39,train
84,40,r84_c40,test
84,41,r84_c41,train
84,42,r84_c42,train
84,43,r84_c43,test
84,44,r84_c44,train
84,45,r84_c45,train
84,46,r84_c46,train
84,47,r84_c47,train
84,48,r84_c48,train
84,49,r84_c49,test
84,50,r84_c50,validation
84,51,r84_c51,train
84,52,r84_c52,validation
84,53,r84_c53,train
84,54,r84_c54,train
84,55,r84_c55,validation
84,56,r84_c56,train
84,57,r84_c57,train
84,58,r84_c58,validation
84,59,r84_c59,train
84,60,r84_c60,train
84,61,r84_c61,train
84,62,r84_c62,validation
84,63,r84_c63,validation
84,64,r84_c64,train
84,65,r84_c65,test
84,66,r84_c66,validation
84,67,r84_c67,train
84,68,r84_c68,train
84,69,r84_c69,train
84,70,r84_c70,train
84,71,r84_c71,train
84,72,r84_c72,test
84,73,r84_c73,validation
84,74,r84_c74,train
84,75,r84_c75,train
84,76,r84_c76,test
84,77,r84_c77,train
84,78,r84_c78,train
84,79,r84_c79,validation
84,80,r84_c80,train
84,81,r84_c81,train
84,82,r84_c82,train
84,83,r84_c83,test
84,84,r84_c84,train
84,85,r84_c85,train
84,86,r84_c86,train
84,87,r84_c87,train
84,88,r84_c88,train
84,89,r84_c89,test
84,90,r84_c90,validation
84,91,r84_c91,train
84,92,r84_c92,test
84,93,r84_c93,train
84,94,r84_c94,train
84,95,r84_c95,train
84,96,r84_c96,train
84,97,r84_c97,train
84,98,r84_c98,train
84,99,r84_c99,train
84,100,r84_c100,train
84,101,r84_c101,train
84,102,r84_c102,test
84,103,r84_c103,validation
84,104,r84_c104,train
84,105,r84_c105,train
84,106,r84_c106,train
84,107,r84_c107,test
84,108,r84_c108,train
84,109,r84_c109,train
84,110,r84_c110,train
84,111,r84_c111,train
84,112,r84_c112,train
84,113,r84_c113,train
84,114,r84_c114,validation
84,115,r84_c115,test
84,116,r84_c116,train
84,117,r84_c117,train
84,118,r84_c118,train
84,119,r84_c119,train
84,120,r84_c120,validation
84,121,r84_c121,train
84,122,r84_c122,train
84,123,r84_c123,validation
84,124,r84_c124,validation
84,125,r84_c125,test
84,126,r84_c126,train
84,127,r84_c127,train
84,128,r84_c128,train
85,1,r85_c1,train
85,2,r85_c2,test
85,3,r85_c3,train
85,4,r85_c4,train
85,5,r85_c5,train
85,6,r85_c6,train
85,7,r85_c7,test
85,8,r85_c8,train
85,9,r85_c9,train
85,10,r85_c10,train
85,11,r85_c11,train
85,12,r85_c12,validation
85,13,r85_c13,train
85,14,r85_c14,train
85,15,r85_c15,train
85,16,r85_c16,train
85,17,r85_c17,train
85,18,r85_c18,train
85,19,r85_c19,train
85,20,r85_c20,test
85,21,r85_c21,validation
85,22,r85_c22,train
85,23,r85_c23,test
85,24,r85_c24,train
85,25,r85_c25,train
85,26,r85_c26,train
85,27,r85_c27,train
85,28,r85_c28,train
85,29,r85_c29,train
85,30,r85_c30,test
85,31,r85_c31,validation
85,32,r85_c32,train
85,33,r85_c33,train
85,34,r85_c34,train
85,35,r85_c35,train
85,36,r85_c36,train
85,37,r85_c37,train
85,38,r85_c38,validation
85,39,r85_c39,test
85,40,r85_c40,train
85,41,r85_c41,test
85,42,r85_c42,train
85,43,r85_c43,train
85,44,r85_c44,train
85,45,r85_c45,train
85,46,r85_c46,train
85,47,r85_c47,train
85,48,r85_c48,train
85,49,r85_c49,test
85,50,r85_c50,train
85,51,r85_c51,train
85,52,r85_c52,test
85,53,r85_c53,train
85,54,r85_c54,test
85,55,r85_c55,train
85,56,r85_c56,train
85,57,r85_c57,train
85,58,r85_c58,train
85,59,r85_c59,test
85,60,r85_c60,train
85,61,r85_c61,train
85,62,r85_c62,train
85,63,r85_c63,train
85,64,r85_c64,train
85,65,r85_c65,train
85,66,r85_c66,train
85,67,r85_c67,train
85,68,r85_c68,train
85,69,r85_c69,train
85,70,r85_c70,train
85,71,r85_c71,train
85,72,r85_c72,test
85,73,r85_c73,train
85,74,r85_c74,test
85,75,r85_c75,test
85,76,r85_c76,train
85,77,r85_c77,test
85,78,r85_c78,validation
85,79,r85_c79,train
85,80,r85_c80,validation
85,81,r85_c81,train
85,82,r85_c82,train
85,83,r85_c83,train
85,84,r85_c84,train
85,85,r85_c85,test
85,86,r85_c86,train
85,87,r85_c87,train
85,88,r85_c88,train
85,89,r85_c89,train
85,90,r85_c90,train
85,91,r85_c91,train
85,92,r85_c92,train
85,93,r85_c93,test
85,94,r85_c94,train
85,95,r85_c95,validation
85,96,r85_c96,test
85,97,r85_c97,test
85,98,r85_c98,validation
85,99,r85_c99,train
85,100,r85_c100,train
85,101,r85_c101,train
85,102,r85_c102,validation
85,103,r85_c103,train
85,104,r85_c104,train
85,105,r85_c105,test
85,106,r85_c106,test
85,107,r85_c107,train
85,108,r85_c108,validation
85,109,r85_c109,train
85,110,r85_c110,train
85,111,r85_c111,test
85,112,r85_c112,train
85,113,r85_c113,train
85,114,r85_c114,train
85,115,r85_c115,train
85,116,r85_c116,train
85,117,r85_c117,train
85,118,r85_c118,train
85,119,r85_c119,train
85,120,r85_c120,train
85,121,r85_c121,train
85,122,r85_c122,train
85,123,r85_c123,train
85,124,r85_c124,train
85,125,r85_c125,test
85,126,r85_c126,train
85,127,r85_c127,train
85,128,r85_c128,train
86,1,r86_c1,train
86,2,r86_c2,train
86,3,r86_c3,test
86,4,r86_c4,validation
86,5,r86_c5,test
86,6,r86_c6,train
86,7,r86_c7,train
86,8,r86_c8,train
86,9,r86_c9,test
86,10,r86_c10,train
86,11,r86_c11,train
86,12,r86_c12,test
86,13,r86_c13,train
86,14,r86_c14,test
86,15,r86_c15,test
86,16,r86_c16,train
86,17,r86_c17,validation
86,18,r86_c18,test
86,19,r86_c19,validation
86,20,r86_c20,test
86,21,r86_c21,train
86,22,r86_c22,validation
86,23,r86_c23,validation
86,24,r86_c24,test
86,25,r86_c25,train
86,26,r86_c26,validation
86,27,r86_c27,train
86,28,r86_c28,train
86,29,r86_c29,train
86,30,r86_c30,train
86,31,r86_c31,train
86,32,r86_c32,train
86,33,r86_c33,train
86,34,r86_c34,train
86,35,r86_c35,train
86,36,r86_c36,train
86,37,r86_c37,train
86,38,r86_c38,test
86,39,r86_c39,train
86,40,r86_c40,validation
86,41,r86_c41,test
86,42,r86_c42,test
86,43,r86_c43,train
86,44,r86_c44,train
86,45,r86_c45,train
86,46,r86_c46,train
86,47,r86_c47,validation
86,48,r86_c48,test
86,49,r86_c49,train
86,50,r86_c50,train
86,51,r86_c51,train
86,52,r86_c52,train
86,53,r86_c53,train
86,54,r86_c54,train
86,55,r86_c55,test
86,56,r86_c56,train
86,57,r86_c57,train
86,58,r86_c58,train
86,59,r86_c59,test
86,60,r86_c60,train
86,61,r86_c61,validation
86,62,r86_c62,validation
86,63,r86_c63,validation
86,64,r86_c64,test
86,65,r86_c65,train
86,66,r86_c66,validation
86,67,r86_c67,validation
86,68,r86_c68,train
86,69,r86_c69,train
86,70,r86_c70,test
86,71,r86_c71,validation
86,72,r86_c72,validation
86,73,r86_c73,train
86,74,r86_c74,train
86,75,r86_c75,train
86,76,r86_c76,train
86,77,r86_c77,test
86,78,r86_c78,train
86,79,r86_c79,train
86,80,r86_c80,train
86,81,r86_c81,test
86,82,r86_c82,train
86,83,r86_c83,train
86,84,r86_c84,train
86,85,r86_c85,train
86,86,r86_c86,test
86,87,r86_c87,train
86,88,r86_c88,train
86,89,r86_c89,train
86,90,r86_c90,train
86,91,r86_c91,train
86,92,r86_c92,test
86,93,r86_c93,train
86,94,r86_c94,train
86,95,r86_c95,train
86,96,r86_c96,train
86,97,r86_c97,train
86,98,r86_c98,train
86,99,r86_c99,train
86,100,r86_c100,validation
86,101,r86_c101,test
86,102,r86_c102,train
86,103,r86_c103,train
86,104,r86_c104,train
86,105,r86_c105,train
86,106,r86_c106,train
86,107,r86_c107,train
86,108,r86_c108,train
86,109,r86_c109,train
86,110,r86_c110,train
86,111,r86_c111,validation
86,112,r86_c112,train
86,113,r86_c113,test
86,114,r86_c114,validation
86,115,r86_c115,validation
86,116,r86_c116,train
86,117,r86_c117,train
86,118,r86_c118,train
86,119,r86_c119,train
86,120,r86_c120,train
86,121,r86_c121,train
86,122,r86_c122,train
86,123,r86_c123,train
86,124,r86_c124,train
86,125,r86_c125,train
86,126,r86_c126,test
86,127,r86_c127,test
86,128,r86_c128,test
87,1,r87_c1,validation
87,2,r87_c2,train
87,3,r87_c3,train
87,4,r87_c4,train
87,5,r87_c5,test
87,6,r87_c6,train
87,7,r87_c7,train
87,8,r87_c8,train
87,9,r87_c9,train
87,10,r87_c10,train
87,11,r87_c11,train
87,12,r87_c12,train
87,13,r87_c13,train
87,14,r87_c14,test
87,15,r87_c15,train
87,16,r87_c16,test
87,17,r87_c17,validation
87,18,r87_c18,train
87,19,r87_c19,validation
87,20,r87_c20,train
87,21,r87_c21,test
87,22,r87_c22,train
87,23,r87_c23,train
87,24,r87_c24,train
87,25,r87_c25,train
87,26,r87_c26,train
87,27,r87_c27,validation
87,28,r87_c28,train
87,29,r87_c29,test
87,30,r87_c30,validation
87,31,r87_c31,train
87,32,r87_c32,train
87,33,r87_c33,train
87,34,r87_c34,train
87,35,r87_c35,test
87,36,r87_c36,train
87,37,r87_c37,train
87,38,r87_c38,validation
87,39,r87_c39,train
87,40,r87_c40,train
87,41,r87_c41,train
87,42,r87_c42,train
87,43,r87_c43,train
87,44,r87_c44,train
87,45,r87_c45,train
87,46,r87_c46,validation
87,47,r87_c47,validation
87,48,r87_c48,test
87,49,r87_c49,test
87,50,r87_c50,train
87,51,r87_c51,train
87,52,r87_c52,train
87,53,r87_c53,validation
87,54,r87_c54,train
87,55,r87_c55,train
87,56,r87_c56,train
87,57,r87_c57,train
87,58,r87_c58,validation
87,59,r87_c59,train
87,60,r87_c60,validation
87,61,r87_c61,train
87,62,r87_c62,train
87,63,r87_c63,train
87,64,r87_c64,train
87,65,r87_c65,train
87,66,r87_c66,train
87,67,r87_c67,test
87,68,r87_c68,train
87,69,r87_c69,validation
87,70,r87_c70,train
87,71,r87_c71,train
87,72,r87_c72,train
87,73,r87_c73,train
87,74,r87_c74,train
87,75,r87_c75,test
87,76,r87_c76,train
87,77,r87_c77,train
87,78,r87_c78,test
87,79,r87_c79,test
87,80,r87_c80,train
87,81,r87_c81,train
87,82,r87_c82,train
87,83,r87_c83,test
87,84,r87_c84,validation
87,85,r87_c85,train
87,86,r87_c86,validation
87,87,r87_c87,train
87,88,r87_c88,validation
87,89,r87_c89,train
87,90,r87_c90,train
87,91,r87_c91,train
87,92,r87_c92,train
87,93,r87_c93,train
87,94,r87_c94,train
87,95,r87_c95,validation
87,96,r87_c96,train
87,97,r87_c97,test
87,98,r87_c98,train
87,99,r87_c99,validation
87,100,r87_c100,test
87,101,r87_c101,train
87,102,r87_c102,train
87,103,r87_c103,test
87,104,r87_c104,test
87,105,r87_c105,validation
87,106,r87_c106,train
87,107,r87_c107,train
87,108,r87_c108,train
87,109,r87_c109,train
87,110,r87_c110,train
87,111,r87_c111,test
87,112,r87_c112,train
87,113,r87_c113,train
87,114,r87_c114,train
87,115,r87_c115,train
87,116,r87_c116,train
87,117,r87_c117,train
87,118,r87_c118,test
87,119,r87_c119,train
87,120,r87_c120,train
87,121,r87_c121,train
87,122,r87_c122,validation
87,123,r87_c123,test
87,124,r87_c124,validation
87,125,r87_c125,test
87,126,r87_c126,test
87,127,r87_c127,train
87,128,r87_c128,validation
88,1,r88_c1,train
88,2,r88_c2,train
88,3,r88_c3,train
88,4,r88_c4,validation
88,5,r88_c5,train
88,6,r88_c6,train
88,7,r88_c7,train
88,8,r88_c8,test
88,9,r88_c9,validation
88,10,r88_c10,test
88,11,r88_c11,train
88,12,r88_c12,train
88,13,r88_c13,train
88,14,r88_c14,validation
88,15,r88_c15,train
88,16,r88_c16,train
88,17,r88_c17,train
88,18,r88_c18,train
88,19,r88_c19,validation
88,20,r88_c20,test
88,21,r88_c21,train
88,22,r88_c22,test
88,23,r88_c23,test
88,24,r88_c24,validation
88,25,r88_c25,test
88,26,r88_c26,test
88,27,r88_c27,train
88,28,r88_c28,train
88,29,r88_c29,train
88,30,r88_c30,train
88,31,r88_c31,train
88,32,r88_c32,train
88,33,r88_c33,validation
88,34,r88_c34,train
88,35,r88_c35,test
88,36,r88_c36,train
88,37,r88_c37,validation
88,38,r88_c38,train
88,39,r88_c39,train
88,40,r88_c40,train
88,41,r88_c41,train
88,42,r88_c42,train
88,43,r88_c43,train
88,44,r88_c44,train
88,45,r88_c45,train
88,46,r88_c46,train
88,47,r88_c47,test
88,48,r88_c48,validation
88,49,r88_c49,train
88,50,r88_c50,train
88,51,r88_c51,train
88,52,r88_c52,validation
88,53,r88_c53,train
88,54,r88_c54,test
88,55,r88_c55,train
88,56,r88_c56,validation
88,57,r88_c57,train
88,58,r88_c58,train
88,59,r88_c59,train
88,60,r88_c60,validation
88,61,r88_c61,train
88,62,r88_c62,test
88,63,r88_c63,train
88,64,r88_c64,train
88,65,r88_c65,train
88,66,r88_c66,train
88,67,r88_c67,train
88,68,r88_c68,train
88,69,r88_c69,train
88,70,r88_c70,test
88,71,r88_c71,train
88,72,r88_c72,train
88,73,r88_c73,train
88,74,r88_c74,validation
88,75,r88_c75,train
88,76,r88_c76,train
88,77,r88_c77,train
88,78,r88_c78,validation
88,79,r88_c79,test
88,80,r88_c80,train
88,81,r88_c81,train
88,82,r88_c82,train
88,83,r88_c83,validation
88,84,r88_c84,test
88,85,r88_c85,test
88,86,r88_c86,test
88,87,r88_c87,validation
88,88,r88_c88,train
88,89,r88_c89,train
88,90,r88_c90,validation
88,91,r88_c91,train
88,92,r88_c92,train
88,93,r88_c93,validation
88,94,r88_c94,train
88,95,r88_c95,test
88,96,r88_c96,train
88,97,r88_c97,train
88,98,r88_c98,train
88,99,r88_c99,validation
88,100,r88_c100,train
88,101,r88_c101,train
88,102,r88_c102,train
88,103,r88_c103,train
88,104,r88_c104,train
88,105,r88_c105,test
88,106,r88_c106,train
88,107,r88_c107,test
88,108,r88_c108,train
88,109,r88_c109,train
88,110,r88_c110,train
88,111,r88_c111,train
88,112,r88_c112,train
88,113,r88_c113,train
88,114,r88_c114,train
88,115,r88_c115,test
88,116,r88_c116,train
88,117,r88_c117,train
88,118,r88_c118,train
88,119,r88_c119,train
88,120,r88_c120,test
88,121,r88_c121,train
88,122,r88_c122,validation
88,123,r88_c123,train
88,124,r88_c124,train
88,125,r88_c125,train
88,126,r88_c126,train
88,127,r88_c127,test
88,128,r88_c128,train
89,1,r89_c1,train
89,2,r89_c2,validation
89,3,r89_c3,train
89,4,r89_c4,train
89,5,r89_c5,validation
89,6,r89_c6,train
89,7,r89_c7,train
89,8,r89_c8,train
89,9,r89_c9,test
89,10,r89_c10,validation
89,11,r89_c11,train
89,12,r89_c12,validation
89,13,r89_c13,train
89,14,r89_c14,validation
89,15,r89_c15,train
89,16,r89_c16,validation
89,17,r89_c17,train
89,18,r89_c18,train
89,19,r89_c19,test
89,20,r89_c20,train
89,21,r89_c21,train
89,22,r89_c22,validation
89,23,r89_c23,train
89,24,r89_c24,train
89,25,r89_c25,test
89,26,r89_c26,train
89,27,r89_c27,train
89,28,r89_c28,train
89,29,r89_c29,train
89,30,r89_c30,validation
89,31,r89_c31,train
89,32,r89_c32,train
89,33,r89_c33,train
89,34,r89_c34,train
89,35,r89_c35,train
89,36,r89_c36,validation
89,37,r89_c37,train
89,38,r89_c38,train
89,39,r89_c39,train
89,40,r89_c40,train
89,41,r89_c41,test
89,42,r89_c42,train
89,43,r89_c43,train
89,44,r89_c44,train
89,45,r89_c45,train
89,46,r89_c46,train
89,47,r89_c47,train
89,48,r89_c48,train
89,49,r89_c49,train
89,50,r89_c50,train
89,51,r89_c51,test
89,52,r89_c52,train
89,53,r89_c53,validation
89,54,r89_c54,train
89,55,r89_c55,train
89,56,r89_c56,validation
89,57,r89_c57,validation
89,58,r89_c58,train
89,59,r89_c59,train
89,60,r89_c60,train
89,61,r89_c61,train
89,62,r89_c62,train
89,63,r89_c63,train
89,64,r89_c64,test
89,65,r89_c65,train
89,66,r89_c66,validation
89,67,r89_c67,train
89,68,r89_c68,train
89,69,r89_c69,train
89,70,r89_c70,validation
89,71,r89_c71,train
89,72,r89_c72,train
89,73,r89_c73,train
89,74,r89_c74,train
89,75,r89_c75,train
89,76,r89_c76,test
89,77,r89_c77,train
89,78,r89_c78,train
89,79,r89_c79,train
89,80,r89_c80,train
89,81,r89_c81,train
89,82,r89_c82,train
89,83,r89_c83,train
89,84,r89_c84,validation
89,85,r89_c85,train
89,86,r89_c86,test
89,87,r89_c87,train
89,88,r89_c88,train
89,89,r89_c89,train
89,90,r89_c90,train
89,91,r89_c91,train
89,92,r89_c92,train
89,93,r89_c93,test
89,94,r89_c94,train
89,95,r89_c95,train
89,96,r89_c96,train
89,97,r89_c97,test
89,98,r89_c98,train
89,99,r89_c99,train
89,100,r89_c100,train
89,101,r89_c101,test
89,102,r89_c102,test
89,103,r89_c103,train
89,104,r89_c104,test
89,105,r89_c105,train
89,106,r89_c106,train
89,107,r89_c107,train
89,108,r89_c108,validation
89,109,r89_c109,train
89,110,r89_c110,train
89,111,r89_c111,train
89,112,r89_c112,train
89,113,r89_c113,train
89,114,r89_c114,validation
89,115,r89_c115,train
89,116,r89_c116,train
89,117,r89_c117,train
89,118,r89_c118,train
89,119,r89_c119,test
89,120,r89_c120,validation
89,121,r89_c121,test
89,122,r89_c122,train
89,123,r89_c123,train
89,124,r89_c124,test
89,125,r89_c125,train
89,126,r89_c126,train
89,127,r89_c127,train
89,128,r89_c128,train
90,1,r90_c1,train
90,2,r90_c2,train
90,3,r90_c3,train
90,4,r90_c4,train
90,5,r90_c5,test
90,6,r90_c6,test
90,7,r90_c7,train
90,8,r90_c8,train
90,9,r90_c9,validation
90,10,r90_c10,train
90,11,r90_c11,validation
90,12,r90_c12,train
90,13,r90_c13,train
90,14,r90_c14,train
90,15,r90_c15,train
90,16,r90_c16,train
90,17,r90_c17,train
90,18,r90_c18,train
90,19,r90_c19,test
90,20,r90_c20,test
90,21,r90_c21,train
90,22,r90_c22,train
90,23,r90_c23,train
90,24,r90_c24,train
90,25,r90_c25,train
90,26,r90_c26,train
90,27,r90_c27,validation
90,28,r90_c28,validation
90,29,r90_c29,test
90,30,r90_c30,train
90,31,r90_c31,train
90,32,r90_c32,train
90,33,r90_c33,test
90,34,r90_c34,train
90,35,r90_c35,test
90,36,r90_c36,validation
90,37,r90_c37,train
90,38,r90_c38,train
90,39,r90_c39,train
90,40,r90_c40,train
90,41,r90_c41,test
90,42,r90_c42,train
90,43,r90_c43,test
90,44,r90_c44,train
90,45,r90_c45,train
90,46,r90_c46,train
90,47,r90_c47,train
90,48,r90_c48,train
90,49,r90_c49,validation
90,50,r90_c50,train
90,51,r90_c51,train
90,52,r90_c52,validation
90,53,r90_c53,train
90,54,r90_c54,test
90,55,r90_c55,train
90,56,r90_c56,train
90,57,r90_c57,train
90,58,r90_c58,validation
90,59,r90_c59,train
90,60,r90_c60,train
90,61,r90_c61,train
90,62,r90_c62,train
90,63,r90_c63,validation
90,64,r90_c64,train
90,65,r90_c65,test
90,66,r90_c66,train
90,67,r90_c67,train
90,68,r90_c68,train
90,69,r90_c69,train
90,70,r90_c70,train
90,71,r90_c71,validation
90,72,r90_c72,test
90,73,r90_c73,train
90,74,r90_c74,train
90,75,r90_c75,train
90,76,r90_c76,train
90,77,r90_c77,train
90,78,r90_c78,train
90,79,r90_c79,test
90,80,r90_c80,validation
90,81,r90_c81,test
90,82,r90_c82,train
90,83,r90_c83,train
90,84,r90_c84,validation
90,85,r90_c85,train
90,86,r90_c86,validation
90,87,r90_c87,test
90,88,r90_c88,train
90,89,r90_c89,test
90,90,r90_c90,train
90,91,r90_c91,train
90,92,r90_c92,train
90,93,r90_c93,train
90,94,r90_c94,train
90,95,r90_c95,train
90,96,r90_c96,train
90,97,r90_c97,train
90,98,r90_c98,train
90,99,r90_c99,train
90,100,r90_c100,test
90,101,r90_c101,train
90,102,r90_c102,train
90,103,r90_c103,train
90,104,r90_c104,train
90,105,r90_c105,train
90,106,r90_c106,test
90,107,r90_c107,train
90,108,r90_c108,train
90,109,r90_c109,train
90,110,r90_c110,train
90,111,r90_c111,train
90,112,r90_c112,test
90,113,r90_c113,train
90,114,r90_c114,train
90,115,r90_c115,validation
90,116,r90_c116,validation
90,117,r90_c117,train
90,118,r90_c118,train
90,119,r90_c119,train
90,120,r90_c120,test
90,121,r90_c121,validation
90,122,r90_c122,train
90,123,r90_c123,train
90,124,r90_c124,validation
90,125,r90_c125,train
90,126,r90_c126,train
90,127,r90_c127,train
90,128,r90_c128,validation
91,1,r91_c1,train
91,2,r91_c2,test
91,3,r91_c3,train
91,4,r91_c4,train
91,5,r91_c5,train
91,6,r91_c6,train
91,7,r91_c7,train
91,8,r91_c8,test
91,9,r91_c9,train
91,10,r91_c10,validation
91,11,r91_c11,train
91,12,r91_c12,train
91,13,r91_c13,validation
91,14,r91_c14,train
91,15,r91_c15,test
91,16,r91_c16,train
91,17,r91_c17,train
91,18,r91_c18,train
91,19,r91_c19,train
91,20,r91_c20,test
91,21,r91_c21,train
91,22,r91_c22,train
91,23,r91_c23,train
91,24,r91_c24,train
91,25,r91_c25,validation
91,26,r91_c26,validation
91,27,r91_c27,test
91,28,r91_c28,train
91,29,r91_c29,train
91,30,r91_c30,train
91,31,r91_c31,train
91,32,r91_c32,train
91,33,r91_c33,test
91,34,r91_c34,test
91,35,r91_c35,train
91,36,r91_c36,train
91,37,r91_c37,train
91,38,r91_c38,train
91,39,r91_c39,train
91,40,r91_c40,train
91,41,r91_c41,validation
91,42,r91_c42,train
91,43,r91_c43,train
91,44,r91_c44,train
91,45,r91_c45,train
91,46,r91_c46,test
91,47,r91_c47,validation
91,48,r91_c48,train
91,49,r91_c49,train
91,50,r91_c50,train
91,51,r91_c51,test
91,52,r91_c52,validation
91,53,r91_c53,test
91,54,r91_c54,train
91,55,r91_c55,train
91,56,r91_c56,test
91,57,r91_c57,train
91,58,r91_c58,train
91,59,r91_c59,validation
91,60,r91_c60,train
91,61,r91_c61,train
91,62,r91_c62,train
91,63,r91_c63,train
91,64,r91_c64,test
91,65,r91_c65,train
91,66,r91_c66,train
91,67,r91_c67,validation
91,68,r91_c68,train
91,69,r91_c69,validation
91,70,r91_c70,train
91,71,r91_c71,train
91,72,r91_c72,train
91,73,r91_c73,validation
91,74,r91_c74,train
91,75,r91_c75,train
91,76,r91_c76,train
91,77,r91_c77,train
91,78,r91_c78,train
91,79,r91_c79,test
91,80,r91_c80,train
91,81,r91_c81,train
91,82,r91_c82,train
91,83,r91_c83,test
91,84,r91_c84,test
91,85,r91_c85,train
91,86,r91_c86,test
91,87,r91_c87,train
91,88,r91_c88,train
91,89,r91_c89,train
91,90,r91_c90,train
91,91,r91_c91,train
91,92,r91_c92,train
91,93,r91_c93,test
91,94,r91_c94,test
91,95,r91_c95,train
91,96,r91_c96,train
91,97,r91_c97,train
91,98,r91_c98,validation
91,99,r91_c99,train
91,100,r91_c100,test
91,101,r91_c101,validation
91,102,r91_c102,train
91,103,r91_c103,test
91,104,r91_c104,train
91,105,r91_c105,test
91,106,r91_c106,train
91,107,r91_c107,test
91,108,r91_c108,validation
91,109,r91_c109,train
91,110,r91_c110,train
91,111,r91_c111,validation
91,112,r91_c112,train
91,113,r91_c113,train
91,114,r91_c114,train
91,115,r91_c115,train
91,116,r91_c116,train
91,117,r91_c117,train
91,118,r91_c118,train
91,119,r91_c119,validation
91,120,r91_c120,train
91,121,r91_c121,train
91,122,r91_c122,test
91,123,r91_c123,train
91,124,r91_c124,test
91,125,r91_c125,test
91,126,r91_c126,validation
91,127,r91_c127,train
91,128,r91_c128,train
92,1,r92_c1,train
92,2,r92_c2,train
92,3,r92_c3,train
92,4,r92_c4,test
92,5,r92_c5,train
92,6,r92_c6,train
92,7,r92_c7,train
92,8,r92_c8,validation
92,9,r92_c9,train
92,10,r92_c10,train
92,11,r92_c11,train
92,12,r92_c12,train
92,13,r92_c13,test
92,14,r92_c14,train
92,15,r92_c15,test
92,16,r92_c16,train
92,17,r92_c17,train
92,18,r92_c18,train
92,19,r92_c19,train
92,20,r92_c20,train
92,21,r92_c21,train
92,22,r92_c22,train
92,23,r92_c23,validation
92,24,r92_c24,train
92,25,r92_c25,train
92,26,r92_c26,train
92,27,r92_c27,train
92,28,r92_c28,train
92,29,r92_c29,validation
92,30,r92_c30,train
92,31,r92_c31,train
92,32,r92_c32,train
92,33,r92_c33,train
92,34,r92_c34,validation
92,35,r92_c35,train
92,36,r92_c36,train
92,37,r92_c37,train
92,38,r92_c38,train
92,39,r92_c39,train
92,40,r92_c40,train
92,41,r92_c41,train
92,42,r92_c42,test
92,43,r92_c43,train
92,44,r92_c44,test
92,45,r92_c45,train
92,46,r92_c46,test
92,47,r92_c47,train
92,48,r92_c48,train
92,49,r92_c49,train
92,50,r92_c50,train
92,51,r92_c51,train
92,52,r92_c52,test
92,53,r92_c53,validation
92,54,r92_c54,test
92,55,r92_c55,train
92,56,r92_c56,train
92,57,r92_c57,train
92,58,r92_c58,validation
92,59,r92_c59,train
92,60,r92_c60,train
92,61,r92_c61,train
92,62,r92_c62,train
92,63,r92_c63,train
92,64,r92_c64,train
92,65,r92_c65,train
92,66,r92_c66,test
92,67,r92_c67,train
92,68,r92_c68,test
92,69,r92_c69,train
92,70,r92_c70,train
92,71,r92_c71,train
92,72,r92_c72,train
92,73,r92_c73,train
92,74,r92_c74,test
92,75,r92_c75,train
92,76,r92_c76,train
92,77,r92_c77,train
92,78,r92_c78,validation
92,79,r92_c79,validation
92,80,r92_c80,train
92,81,r92_c81,train
92,82,r92_c82,train
92,83,r92_c83,train
92,84,r92_c84,train
92,85,r92_c85,validation
92,86,r92_c86,train
92,87,r92_c87,test
92,88,r92_c88,train
92,89,r92_c89,train
92,90,r92_c90,validation
92,91,r92_c91,validation
92,92,r92_c92,train
92,93,r92_c93,test
92,94,r92_c94,validation
92,95,r92_c95,test
92,96,r92_c96,train
92,97,r92_c97,train
92,98,r92_c98,train
92,99,r92_c99,validation
92,100,r92_c100,test
92,101,r92_c101,validation
92,102,r92_c102,train
92,103,r92_c103,validation
92,104,r92_c104,train
92,105,r92_c105,train
92,106,r92_c106,test
92,107,r92_c107,validation
92,108,r92_c108,train
92,109,r92_c109,train
92,110,r92_c110,validation
92,111,r92_c111,train
92,112,r92_c112,train
92,113,r92_c113,train
92,114,r92_c114,train
92,115,r92_c115,train
92,116,r92_c116,train
92,117,r92_c117,train
92,118,r92_c118,train
92,119,r92_c119,test
92,120,r92_c120,train
92,121,r92_c121,validation
92,122,r92_c122,train
92,123,r92_c123,train
92,124,r92_c124,train
92,125,r92_c125,test
92,126,r92_c126,train
92,127,r92_c127,train
92,128,r92_c128,train
93,1,r93_c1,test
93,2,r93_c2,train
93,3,r93_c3,test
93,4,r93_c4,test
93,5,r93_c5,train
93,6,r93_c6,validation
93,7,r93_c7,train
93,8,r93_c8,train
93,9,r93_c9,validation
93,10,r93_c10,validation
93,11,r93_c11,train
93,12,r93_c12,train
93,13,r93_c13,train
93,14,r93_c14,validation
93,15,r93_c15,train
93,16,r93_c16,validation
93,17,r93_c17,train
93,18,r93_c18,train
93,19,r93_c19,validation
93,20,r93_c20,test
93,21,r93_c21,train
93,22,r93_c22,test
93,23,r93_c23,train
93,24,r93_c24,train
93,25,r93_c25,train
93,26,r93_c26,train
93,27,r93_c27,train
93,28,r93_c28,test
93,29,r93_c29,test
93,30,r93_c30,test
93,31,r93_c31,validation
93,32,r93_c32,train
93,33,r93_c33,train
93,34,r93_c34,test
93,35,r93_c35,validation
93,36,r93_c36,train
93,37,r93_c37,train
93,38,r93_c38,train
93,39,r93_c39,train
93,40,r93_c40,test
93,41,r93_c41,train
93,42,r93_c42,train
93,43,r93_c43,test
93,44,r93_c44,train
93,45,r93_c45,train
93,46,r93_c46,test
93,47,r93_c47,train
93,48,r93_c48,test
93,49,r93_c49,train
93,50,r93_c50,test
93,51,r93_c51,train
93,52,r93_c52,train
93,53,r93_c53,train
93,54,r93_c54,train
93,55,r93_c55,train
93,56,r93_c56,train
93,57,r93_c57,train
93,58,r93_c58,test
93,59,r93_c59,train
93,60,r93_c60,train
93,61,r93_c61,train
93,62,r93_c62,train
93,63,r93_c63,validation
93,64,r93_c64,train
93,65,r93_c65,test
93,66,r93_c66,train
93,67,r93_c67,train
93,68,r93_c68,test
93,69,r93_c69,train
93,70,r93_c70,validation
93,71,r93_c71,train
93,72,r93_c72,train
93,73,r93_c73,train
93,74,r93_c74,test
93,75,r93_c75,train
93,76,r93_c76,train
93,77,r93_c77,train
93,78,r93_c78,train
93,79,r93_c79,test
93,80,r93_c80,train
93,81,r93_c81,train
93,82,r93_c82,train
93,83,r93_c83,train
93,84,r93_c84,train
93,85,r93_c85,train
93,86,r93_c86,validation
93,87,r93_c87,train
93,88,r93_c88,train
93,89,r93_c89,validation
93,90,r93_c90,train
93,91,r93_c91,validation
93,92,r93_c92,train
93,93,r93_c93,validation
93,94,r93_c94,train
93,95,r93_c95,train
93,96,r93_c96,train
93,97,r93_c97,train
93,98,r93_c98,validation
93,99,r93_c99,train
93,100,r93_c100,train
93,101,r93_c101,train
93,102,r93_c102,train
93,103,r93_c103,train
93,104,r93_c104,train
93,105,r93_c105,train
93,106,r93_c106,train
93,107,r93_c107,train
93,108,r93_c108,train
93,109,r93_c109,train
93,110,r93_c110,train
93,111,r93_c111,train
93,112,r93_c112,validation
93,113,r93_c113,train
93,114,r93_c114,train
93,115,r93_c115,train
93,116,r93_c116,train
93,117,r93_c117,train
93,118,r93_c118,train
93,119,r93_c119,test
93,120,r93_c120,train
93,121,r93_c121,train
93,122,r93_c122,validation
93,123,r93_c123,train
93,124,r93_c124,train
93,125,r93_c125,test
93,126,r93_c126,test
93,127,r93_c127,train
93,128,r93_c128,train
94,1,r94_c1,train
94,2,r94_c2,test
94,3,r94_c3,train
94,4,r94_c4,validation
94,5,r94_c5,train
94,6,r94_c6,test
94,7,r94_c7,train
94,8,r94_c8,validation
94,9,r94_c9,train
94,10,r94_c10,train
94,11,r94_c11,test
94,12,r94_c12,train
94,13,r94_c13,train
94,14,r94_c14,train
94,15,r94_c15,test
94,16,r94_c16,test
94,17,r94_c17,train
94,18,r94_c18,train
94,19,r94_c19,train
94,20,r94_c20,test
94,21,r94_c21,test
94,22,r94_c22,validation
94,23,r94_c23,train
94,24,r94_c24,validation
94,25,r94_c25,train
94,26,r94_c26,test
94,27,r94_c27,train
94,28,r94_c28,test
94,29,r94_c29,train
94,30,r94_c30,validation
94,31,r94_c31,train
94,32,r94_c32,train
94,33,r94_c33,validation
94,34,r94_c34,train
94,35,r94_c35,train
94,36,r94_c36,train
94,37,r94_c37,train
94,38,r94_c38,train
94,39,r94_c39,train
94,40,r94_c40,train
94,41,r94_c41,test
94,42,r94_c42,train
94,43,r94_c43,train
94,44,r94_c44,test
94,45,r94_c45,train
94,46,r94_c46,train
94,47,r94_c47,test
94,48,r94_c48,test
94,49,r94_c49,train
94,50,r94_c50,test
94,51,r94_c51,train
94,52,r94_c52,train
94,53,r94_c53,train
94,54,r94_c54,train
94,55,r94_c55,train
94,56,r94_c56,test
94,57,r94_c57,train
94,58,r94_c58,train
94,59,r94_c59,validation
94,60,r94_c60,train
94,61,r94_c61,train
94,62,r94_c62,test
94,63,r94_c63,validation
94,64,r94_c64,train
94,65,r94_c65,train
94,66,r94_c66,validation
94,67,r94_c67,train
94,68,r94_c68,train
94,69,r94_c69,train
94,70,r94_c70,test
94,71,r94_c71,train
94,72,r94_c72,test
94,73,r94_c73,train
94,74,r94_c74,train
94,75,r94_c75,train
94,76,r94_c76,train
94,77,r94_c77,train
94,78,r94_c78,train
94,79,r94_c79,test
94,80,r94_c80,train
94,81,r94_c81,train
94,82,r94_c82,train
94,83,r94_c83,train
94,84,r94_c84,train
94,85,r94_c85,validation
94,86,r94_c86,train
94,87,r94_c87,test
94,88,r94_c88,train
94,89,r94_c89,train
94,90,r94_c90,test
94,91,r94_c91,validation
94,92,r94_c92,validation
94,93,r94_c93,test
94,94,r94_c94,train
94,95,r94_c95,train
94,96,r94_c96,train
94,97,r94_c97,train
94,98,r94_c98,train
94,99,r94_c99,train
94,100,r94_c100,train
94,101,r94_c101,train
94,102,r94_c102,train
94,103,r94_c103,train
94,104,r94_c104,train
94,105,r94_c105,test
94,106,r94_c106,train
94,107,r94_c107,validation
94,108,r94_c108,validation
94,109,r94_c109,train
94,110,r94_c110,test
94,111,r94_c111,train
94,112,r94_c112,train
94,113,r94_c113,test
94,114,r94_c114,train
94,115,r94_c115,train
94,116,r94_c116,train
94,117,r94_c117,train
94,118,r94_c118,train
94,119,r94_c119,test
94,120,r94_c120,validation
94,121,r94_c121,test
94,122,r94_c122,test
94,123,r94_c123,train
94,124,r94_c124,train
94,125,r94_c125,train
94,126,r94_c126,train
94,127,r94_c127,train
94,128,r94_c128,train
95,1,r95_c1,train
95,2,r95_c2,validation
95,3,r95_c3,train
95,4,r95_c4,train
95,5,r95_c5,train
95,6,r95_c6,train
95,7,r95_c7,validation
95,8,r95_c8,train
95,9,r95_c9,train
95,10,r95_c10,train
95,11,r95_c11,test
95,12,r95_c12,validation
95,13,r95_c13,test
95,14,r95_c14,train
95,15,r95_c15,test
95,16,r95_c16,train
95,17,r95_c17,train
95,18,r95_c18,train
95,19,r95_c19,train
95,20,r95_c20,train
95,21,r95_c21,train
95,22,r95_c22,train
95,23,r95_c23,train
95,24,r95_c24,train
95,25,r95_c25,test
95,26,r95_c26,train
95,27,r95_c27,validation
95,28,r95_c28,train
95,29,r95_c29,test
95,30,r95_c30,validation
95,31,r95_c31,train
95,32,r95_c32,train
95,33,r95_c33,train
95,34,r95_c34,train
95,35,r95_c35,train
95,36,r95_c36,train
95,37,r95_c37,train
95,38,r95_c38,train
95,39,r95_c39,train
95,40,r95_c40,train
95,41,r95_c41,train
95,42,r95_c42,train
95,43,r95_c43,validation
95,44,r95_c44,test
95,45,r95_c45,test
95,46,r95_c46,train
95,47,r95_c47,test
95,48,r95_c48,validation
95,49,r95_c49,validation
95,50,r95_c50,train
95,51,r95_c51,train
95,52,r95_c52,test
95,53,r95_c53,train
95,54,r95_c54,train
95,55,r95_c55,train
95,56,r95_c56,validation
95,57,r95_c57,train
95,58,r95_c58,train
95,59,r95_c59,validation
95,60,r95_c60,train
95,61,r95_c61,train
95,62,r95_c62,train
95,63,r95_c63,train
95,64,r95_c64,train
95,65,r95_c65,train
95,66,r95_c66,train
95,67,r95_c67,train
95,68,r95_c68,train
95,69,r95_c69,validation
95,70,r95_c70,train
95,71,r95_c71,validation
95,72,r95_c72,test
95,73,r95_c73,train
95,74,r95_c74,test
95,75,r95_c75,train
95,76,r95_c76,train
95,77,r95_c77,train
95,78,r95_c78,train
95,79,r95_c79,test
95,80,r95_c80,train
95,81,r95_c81,train
95,82,r95_c82,train
95,83,r95_c83,train
95,84,r95_c84,validation
95,85,r95_c85,test
95,86,r95_c86,train
95,87,r95_c87,train
95,88,r95_c88,train
95,89,r95_c89,train
95,90,r95_c90,train
95,91,r95_c91,train
95,92,r95_c92,train
95,93,r95_c93,train
95,94,r95_c94,train
95,95,r95_c95,train
95,96,r95_c96,train
95,97,r95_c97,train
95,98,r95_c98,test
95,99,r95_c99,train
95,100,r95_c100,test
95,101,r95_c101,validation
95,102,r95_c102,validation
95,103,r95_c103,train
95,104,r95_c104,train
95,105,r95_c105,train
95,106,r95_c106,test
95,107,r95_c107,train
95,108,r95_c108,test
95,109,r95_c109,train
95,110,r95_c110,validation
95,111,r95_c111,train
95,112,r95_c112,train
95,113,r95_c113,train
95,114,r95_c114,train
95,115,r95_c115,train
95,116,r95_c116,train
95,117,r95_c117,train
95,118,r95_c118,validation
95,119,r95_c119,train
95,120,r95_c120,train
95,121,r95_c121,train
95,122,r95_c122,train
95,123,r95_c123,train
95,124,r95_c124,train
95,125,r95_c125,test
95,126,r95_c126,train
95,127,r95_c127,train
95,128,r95_c128,train
96,1,r96_c1,train
96,2,r96_c2,validation
96,3,r96_c3,test
96,4,r96_c4,test
96,5,r96_c5,train
96,6,r96_c6,train
96,7,r96_c7,train
96,8,r96_c8,train
96,9,r96_c9,train
96,10,r96_c10,train
96,11,r96_c11,train
96,12,r96_c12,train
96,13,r96_c13,validation
96,14,r96_c14,validation
96,15,r96_c15,train
96,16,r96_c16,train
96,17,r96_c17,train
96,18,r96_c18,train
96,19,r96_c19,test
96,20,r96_c20,train
96,21,r96_c21,test
96,22,r96_c22,train
96,23,r96_c23,validation
96,24,r96_c24,train
96,25,r96_c25,train
96,26,r96_c26,test
96,27,r96_c27,train
96,28,r96_c28,test
96,29,r96_c29,train
96,30,r96_c30,validation
96,31,r96_c31,validation
96,32,r96_c32,train
96,33,r96_c33,train
96,34,r96_c34,train
96,35,r96_c35,train
96,36,r96_c36,test
96,37,r96_c37,test
96,38,r96_c38,train
96,39,r96_c39,train
96,40,r96_c40,train
96,41,r96_c41,train
96,42,r96_c42,train
96,43,r96_c43,train
96,44,r96_c44,train
96,45,r96_c45,test
96,46,r96_c46,train
96,47,r96_c47,train
96,48,r96_c48,train
96,49,r96_c49,train
96,50,r96_c50,train
96,51,r96_c51,validation
96,52,r96_c52,validation
96,53,r96_c53,test
96,54,r96_c54,train
96,55,r96_c55,train
96,56,r96_c56,validation
96,57,r96_c57,validation
96,58,r96_c58,train
96,59,r96_c59,train
96,60,r96_c60,train
96,61,r96_c61,train
96,62,r96_c62,train
96,63,r96_c63,train
96,64,r96_c64,test
96,65,r96_c65,test
96,66,r96_c66,test
96,67,r96_c67,train
96,68,r96_c68,train
96,69,r96_c69,train
96,70,r96_c70,validation
96,71,r96_c71,train
96,72,r96_c72,train
96,73,r96_c73,train
96,74,r96_c74,train
96,75,r96_c75,train
96,76,r96_c76,train
96,77,r96_c77,test
96,78,r96_c78,train
96,79,r96_c79,train
96,80,r96_c80,train
96,81,r96_c81,train
96,82,r96_c82,validation
96,83,r96_c83,train
96,84,r96_c84,test
96,85,r96_c85,train
96,86,r96_c86,train
96,87,r96_c87,train
96,88,r96_c88,validation
96,89,r96_c89,train
96,90,r96_c90,train
96,91,r96_c91,train
96,92,r96_c92,validation
96,93,r96_c93,train
96,94,r96_c94,train
96,95,r96_c95,test
96,96,r96_c96,train
96,97,r96_c97,train
96,98,r96_c98,train
96,99,r96_c99,test
96,100,r96_c100,train
96,101,r96_c101,train
96,102,r96_c102,train
96,103,r96_c103,validation
96,104,r96_c104,train
96,105,r96_c105,train
96,106,r96_c106,train
96,107,r96_c107,train
96,108,r96_c108,train
96,109,r96_c109,train
96,110,r96_c110,train
96,111,r96_c111,train
96,112,r96_c112,train
96,113,r96_c113,train
96,114,r96_c114,test
96,115,r96_c115,validation
96,116,r96_c116,validation
96,117,r96_c117,train
96,118,r96_c118,train
96,119,r96_c119,test
96,120,r96_c120,train
96,121,r96_c121,train
96,122,r96_c122,train
96,123,r96_c123,train
96,124,r96_c124,train
96,125,r96_c125,train
96,126,r96_c126,train
96,127,r96_c127,train
96,128,r96_c128,test
97,1,r97_c1,train
97,2,r97_c2,train
97,3,r97_c3,train
97,4,r97_c4,validation
97,5,r97_c5,test
97,6,r97_c6,train
97,7,r97_c7,train
97,8,r97_c8,train
97,9,r97_c9,train
97,10,r97_c10,test
97,11,r97_c11,train
97,12,r97_c12,train
97,13,r97_c13,test
97,14,r97_c14,validation
97,15,r97_c15,test
97,16,r97_c16,train
97,17,r97_c17,train
97,18,r97_c18,train
97,19,r97_c19,train
97,20,r97_c20,train
97,21,r97_c21,test
97,22,r97_c22,train
97,23,r97_c23,train
97,24,r97_c24,train
97,25,r97_c25,test
97,26,r97_c26,train
97,27,r97_c27,train
97,28,r97_c28,train
97,29,r97_c29,train
97,30,r97_c30,train
97,31,r97_c31,validation
97,32,r97_c32,train
97,33,r97_c33,train
97,34,r97_c34,train
97,35,r97_c35,train
97,36,r97_c36,validation
97,37,r97_c37,validation
97,38,r97_c38,train
97,39,r97_c39,test
97,40,r97_c40,train
97,41,r97_c41,train
97,42,r97_c42,train
97,43,r97_c43,train
97,44,r97_c44,train
97,45,r97_c45,validation
97,46,r97_c46,train
97,47,r97_c47,train
97,48,r97_c48,train
97,49,r97_c49,train
97,50,r97_c50,test
97,51,r97_c51,train
97,52,r97_c52,train
97,53,r97_c53,test
97,54,r97_c54,test
97,55,r97_c55,train
97,56,r97_c56,train
97,57,r97_c57,train
97,58,r97_c58,train
97,59,r97_c59,validation
97,60,r97_c60,train
97,61,r97_c61,train
97,62,r97_c62,train
97,63,r97_c63,test
97,64,r97_c64,train
97,65,r97_c65,train
97,66,r97_c66,train
97,67,r97_c67,validation
97,68,r97_c68,train
97,69,r97_c69,train
97,70,r97_c70,train
97,71,r97_c71,test
97,72,r97_c72,train
97,73,r97_c73,train
97,74,r97_c74,test
97,75,r97_c75,train
97,76,r97_c76,train
97,77,r97_c77,train
97,78,r97_c78,train
97,79,r97_c79,train
97,80,r97_c80,train
97,81,r97_c81,train
97,82,r97_c82,train
97,83,r97_c83,train
97,84,r97_c84,train
97,85,r97_c85,train
97,86,r97_c86,train
97,87,r97_c87,train
97,88,r97_c88,validation
97,89,r97_c89,train
97,90,r97_c90,train
97,91,r97_c91,train
97,92,r97_c92,test
97,93,r97_c93,test
97,94,r97_c94,validation
97,95,r97_c95,train
97,96,r97_c96,train
97,97,r97_c97,train
97,98,r97_c98,test
97,99,r97_c99,train
97,100,r97_c100,validation
97,101,r97_c101,train
97,102,r97_c102,validation
97,103,r97_c103,train
97,104,r97_c104,train
97,105,r97_c105,train
97,106,r97_c106,train
97,107,r97_c107,train
97,108,r97_c108,train
97,109,r97_c109,train
97,110,r97_c110,train
97,111,r97_c111,train
97,112,r97_c112,train
97,113,r97_c113,train
97,114,r97_c114,test
97,115,r97_c115,test
97,116,r97_c116,train
97,117,r97_c117,test
97,118,r97_c118,train
97,119,r97_c119,train
97,120,r97_c120,train
97,121,r97_c121,test
97,122,r97_c122,train
97,123,r97_c123,train
97,124,r97_c124,train
97,125,r97_c125,train
97,126,r97_c126,train
97,127,r97_c127,train
97,128,r97_c128,train
98,1,r98_c1,train
98,2,r98_c2,train
98,3,r98_c3,test
98,4,r98_c4,train
98,5,r98_c5,train
98,6,r98_c6,train
98,7,r98_c7,test
98,8,r98_c8,validation
98,9,r98_c9,validation
98,10,r98_c10,train
98,11,r98_c11,train
98,12,r98_c12,validation
98,13,r98_c13,validation
98,14,r98_c14,validation
98,15,r98_c15,train
98,16,r98_c16,train
98,17,r98_c17,validation
98,18,r98_c18,train
98,19,r98_c19,test
98,20,r98_c20,train
98,21,r98_c21,train
98,22,r98_c22,train
98,23,r98_c23,train
98,24,r98_c24,train
98,25,r98_c25,train
98,26,r98_c26,validation
98,27,r98_c27,validation
98,28,r98_c28,train
98,29,r98_c29,validation
98,30,r98_c30,train
98,31,r98_c31,train
98,32,r98_c32,train
98,33,r98_c33,train
98,34,r98_c34,test
98,35,r98_c35,train
98,36,r98_c36,train
98,37,r98_c37,train
98,38,r98_c38,train
98,39,r98_c39,validation
98,40,r98_c40,train
98,41,r98_c41,train
98,42,r98_c42,validation
98,43,r98_c43,train
98,44,r98_c44,train
98,45,r98_c45,test
98,46,r98_c46,test
98,47,r98_c47,validation
98,48,r98_c48,train
98,49,r98_c49,train
98,50,r98_c50,train
98,51,r98_c51,validation
98,52,r98_c52,validation
98,53,r98_c53,train
98,54,r98_c54,train
98,55,r98_c55,train
98,56,r98_c56,validation
98,57,r98_c57,train
98,58,r98_c58,test
98,59,r98_c59,train
98,60,r98_c60,validation
98,61,r98_c61,train
98,62,r98_c62,train
98,63,r98_c63,validation
98,64,r98_c64,train
98,65,r98_c65,train
98,66,r98_c66,test
98,67,r98_c67,test
98,68,r98_c68,test
98,69,r98_c69,train
98,70,r98_c70,test
98,71,r98_c71,test
98,72,r98_c72,train
98,73,r98_c73,train
98,74,r98_c74,train
98,75,r98_c75,test
98,76,r98_c76,train
98,77,r98_c77,train
98,78,r98_c78,train
98,79,r98_c79,train
98,80,r98_c80,test
98,81,r98_c81,train
98,82,r98_c82,train
98,83,r98_c83,train
98,84,r98_c84,validation
98,85,r98_c85,validation
98,86,r98_c86,train
98,87,r98_c87,train
98,88,r98_c88,train
98,89,r98_c89,test
98,90,r98_c90,validation
98,91,r98_c91,train
98,92,r98_c92,train
98,93,r98_c93,validation
98,94,r98_c94,test
98,95,r98_c95,train
98,96,r98_c96,train
98,97,r98_c97,train
98,98,r98_c98,test
98,99,r98_c99,train
98,100,r98_c100,test
98,101,r98_c101,train
98,102,r98_c102,train
98,103,r98_c103,train
98,104,r98_c104,train
98,105,r98_c105,train
98,106,r98_c106,train
98,107,r98_c107,train
98,108,r98_c108,train
98,109,r98_c109,validation
98,110,r98_c110,train
98,111,r98_c111,validation
98,112,r98_c112,train
98,113,r98_c113,validation
98,114,r98_c114,test
98,115,r98_c115,validation
98,116,r98_c116,train
98,117,r98_c117,train
98,118,r98_c118,train
98,119,r98_c119,validation
98,120,r98_c120,train
98,121,r98_c121,train
98,122,r98_c122,train
98,123,r98_c123,train
98,124,r98_c124,test
98,125,r98_c125,train
98,126,r98_c126,train
98,127,r98_c127,train
98,128,r98_c128,train
99,1,r99_c1,train
99,2,r99_c2,test
99,3,r99_c3,validation
99,4,r99_c4,train
99,5,r99_c5,train
99,6,r99_c6,test
99,7,r99_c7,train
99,8,r99_c8,test
99,9,r99_c9,validation
99,10,r99_c10,train
99,11,r99_c11,train
99,12,r99_c12,test
99,13,r99_c13,test
99,14,r99_c14,train
99,15,r99_c15,train
99,16,r99_c16,test
99,17,r99_c17,test
99,18,r99_c18,train
99,19,r99_c19,train
99,20,r99_c20,train
99,21,r99_c21,train
99,22,r99_c22,train
99,23,r99_c23,train
99,24,r99_c24,train
99,25,r99_c25,train
99,26,r99_c26,train
99,27,r99_c27,train
99,28,r99_c28,train
99,29,r99_c29,train
99,30,r99_c30,validation
99,31,r99_c31,train
99,32,r99_c32,train
99,33,r99_c33,train
99,34,r99_c34,test
99,35,r99_c35,train
99,36,r99_c36,train
99,37,r99_c37,train
99,38,r99_c38,train
99,39,r99_c39,train
99,40,r99_c40,train
99,41,r99_c41,train
99,42,r99_c42,validation
99,43,r99_c43,train
99,44,r99_c44,train
99,45,r99_c45,train
99,46,r99_c46,train
99,47,r99_c47,train
99,48,r99_c48,train
99,49,r99_c49,train
99,50,r99_c50,train
99,51,r99_c51,train
99,52,r99_c52,train
99,53,r99_c53,validation
99,54,r99_c54,test
99,55,r99_c55,train
99,56,r99_c56,validation
99,57,r99_c57,train
99,58,r99_c58,validation
99,59,r99_c59,validation
99,60,r99_c60,train
99,61,r99_c61,train
99,62,r99_c62,train
99,63,r99_c63,train
99,64,r99_c64,validation
99,65,r99_c65,train
99,66,r99_c66,test
99,67,r99_c67,train
99,68,r99_c68,train
99,69,r99_c69,validation
99,70,r99_c70,validation
99,71,r99_c71,train
99,72,r99_c72,train
99,73,r99_c73,test
99,74,r99_c74,train
99,75,r99_c75,train
99,76,r99_c76,validation
99,77,r99_c77,validation
99,78,r99_c78,train
99,79,r99_c79,train
99,80,r99_c80,test
99,81,r99_c81,train
99,82,r99_c82,test
99,83,r99_c83,train
99,84,r99_c84,train
99,85,r99_c85,train
99,86,r99_c86,train
99,87,r99_c87,test
99,88,r99_c88,train
99,89,r99_c89,train
99,90,r99_c90,train
99,91,r99_c91,train
99,92,r99_c92,validation
99,93,r99_c93,train
99,94,r99_c94,train
99,95,r99_c95,train
99,96,r99_c96,validation
99,97,r99_c97,validation
99,98,r99_c98,test
99,99,r99_c99,test
99,100,r99_c100,train
99,101,r99_c101,train
99,102,r99_c102,train
99,103,r99_c103,train
99,104,r99_c104,test
99,105,r99_c105,test
99,106,r99_c106,validation
99,107,r99_c107,train
99,108,r99_c108,train
99,109,r99_c109,train
99,110,r99_c110,train
99,111,r99_c111,validation
99,112,r99_c112,test
99,113,r99_c113,validation
99,114,r99_c114,train
99,115,r99_c115,train
99,116,r99_c116,train
99,117,r99_c117,train
99,118,r99_c118,validation
99,119,r99_c119,validation
99,120,r99_c120,test
99,121,r99_c121,train
99,122,r99_c122,train
99,123,r99_c123,train
99,124,r99_c124,test
99,125,r99_c125,train
99,126,r99_c126,train
99,127,r99_c127,train
99,128,r99_c128,train
100,1,r100_c1,train
100,2,r100_c2,train
100,3,r100_c3,test
100,4,r100_c4,test
100,5,r100_c5,train
100,6,r100_c6,validation
100,7,r100_c7,train
100,8,r100_c8,train
100,9,r100_c9,train
100,10,r100_c10,validation
100,11,r100_c11,validation
100,12,r100_c12,train
100,13,r100_c13,test
100,14,r100_c14,train
100,15,r100_c15,train
100,16,r100_c16,train
100,17,r100_c17,validation
100,18,r100_c18,validation
100,19,r100_c19,test
100,20,r100_c20,train
100,21,r100_c21,train
100,22,r100_c22,validation
100,23,r100_c23,train
100,24,r100_c24,train
100,25,r100_c25,train
100,26,r100_c26,train
100,27,r100_c27,train
100,28,r100_c28,train
100,29,r100_c29,validation
100,30,r100_c30,train
100,31,r100_c31,validation
100,32,r100_c32,train
100,33,r100_c33,train
100,34,r100_c34,train
100,35,r100_c35,train
100,36,r100_c36,train
100,37,r100_c37,validation
100,38,r100_c38,train
100,39,r100_c39,test
100,40,r100_c40,train
100,41,r100_c41,validation
100,42,r100_c42,validation
100,43,r100_c43,validation
100,44,r100_c44,train
100,45,r100_c45,train
100,46,r100_c46,train
100,47,r100_c47,train
100,48,r100_c48,train
100,49,r100_c49,train
100,50,r100_c50,train
100,51,r100_c51,validation
100,52,r100_c52,train
100,53,r100_c53,train
100,54,r100_c54,train
100,55,r100_c55,train
100,56,r100_c56,validation
100,57,r100_c57,test
100,58,r100_c58,test
100,59,r100_c59,train
100,60,r100_c60,validation
100,61,r100_c61,train
100,62,r100_c62,train
100,63,r100_c63,test
100,64,r100_c64,test
100,65,r100_c65,test
100,66,r100_c66,test
100,67,r100_c67,train
100,68,r100_c68,test
100,69,r100_c69,train
100,70,r100_c70,validation
100,71,r100_c71,train
100,72,r100_c72,train
100,73,r100_c73,train
100,74,r100_c74,train
100,75,r100_c75,train
100,76,r100_c76,train
100,77,r100_c77,test
100,78,r100_c78,train
100,79,r100_c79,train
100,80,r100_c80,train
100,81,r100_c81,train
100,82,r100_c82,train
100,83,r100_c83,train
100,84,r100_c84,train
100,85,r100_c85,train
100,86,r100_c86,train
100,87,r100_c87,train
100,88,r100_c88,validation
100,89,r100_c89,validation
100,90,r100_c90,test
100,91,r100_c91,train
100,92,r100_c92,test
100,93,r100_c93,train
100,94,r100_c94,train
100,95,r100_c95,train
100,96,r100_c96,test
100,97,r100_c97,train
100,98,r100_c98,train
100,99,r100_c99,train
100,100,r100_c100,train
100,101,r100_c101,train
100,102,r100_c102,test
100,103,r100_c103,train
100,104,r100_c104,validation
100,105,r100_c105,train
100,106,r100_c106,train
100,107,r100_c107,train
100,108,r100_c108,validation
100,109,r100_c109,train
100,110,r100_c110,train
100,111,r100_c111,train
100,112,r100_c112,train
100,113,r100_c113,train
100,114,r100_c114,train
100,115,r100_c115,train
100,116,r100_c116,train
100,117,r100_c117,train
100,118,r100_c118,train
100,119,r100_c119,test
100,120,r100_c120,train
100,121,r100_c121,train
100,122,r100_c122,train
100,123,r100_c123,validation
100,124,r100_c124,train
100,125,r100_c125,test
100,126,r100_c126,train
100,127,r100_c127,validation
100,128,r100_c128,train
101,1,r101_c1,train
101,2,r101_c2,validation
101,3,r101_c3,train
101,4,r101_c4,train
101,5,r101_c5,test
101,6,r101_c6,train
101,7,r101_c7,train
101,8,r101_c8,train
101,9,r101_c9,train
101,10,r101_c10,train
101,11,r101_c11,train
101,12,r101_c12,test
101,13,r101_c13,train
101,14,r101_c14,train
101,15,r101_c15,train
101,16,r101_c16,train
101,17,r101_c17,validation
101,18,r101_c18,train
101,19,r101_c19,train
101,20,r101_c20,train
101,21,r101_c21,train
101,22,r101_c22,validation
101,23,r101_c23,train
101,24,r101_c24,test
101,25,r101_c25,train
101,26,r101_c26,validation
101,27,r101_c27,train
101,28,r101_c28,train
101,29,r101_c29,validation
101,30,r101_c30,test
101,31,r101_c31,train
101,32,r101_c32,train
101,33,r101_c33,train
101,34,r101_c34,validation
101,35,r101_c35,train
101,36,r101_c36,train
101,37,r101_c37,validation
101,38,r101_c38,train
101,39,r101_c39,train
101,40,r101_c40,train
101,41,r101_c41,train
101,42,r101_c42,train
101,43,r101_c43,validation
101,44,r101_c44,train
101,45,r101_c45,validation
101,46,r101_c46,train
101,47,r101_c47,train
101,48,r101_c48,validation
101,49,r101_c49,train
101,50,r101_c50,train
101,51,r101_c51,train
101,52,r101_c52,train
101,53,r101_c53,validation
101,54,r101_c54,train
101,55,r101_c55,test
101,56,r101_c56,train
101,57,r101_c57,train
101,58,r101_c58,train
101,59,r101_c59,train
101,60,r101_c60,train
101,61,r101_c61,train
101,62,r101_c62,train
101,63,r101_c63,validation
101,64,r101_c64,test
101,65,r101_c65,validation
101,66,r101_c66,test
101,67,r101_c67,train
101,68,r101_c68,train
101,69,r101_c69,train
101,70,r101_c70,test
101,71,r101_c71,train
101,72,r101_c72,train
101,73,r101_c73,train
101,74,r101_c74,train
101,75,r101_c75,train
101,76,r101_c76,train
101,77,r101_c77,train
101,78,r101_c78,train
101,79,r101_c79,train
101,80,r101_c80,validation
101,81,r101_c81,train
101,82,r101_c82,train
101,83,r101_c83,train
101,84,r101_c84,validation
101,85,r101_c85,validation
101,86,r101_c86,train
101,87,r101_c87,train
101,88,r101_c88,validation
101,89,r101_c89,train
101,90,r101_c90,test
101,91,r101_c91,test
101,92,r101_c92,train
101,93,r101_c93,test
101,94,r101_c94,train
101,95,r101_c95,train
101,96,r101_c96,train
101,97,r101_c97,train
101,98,r101_c98,validation
101,99,r101_c99,validation
101,100,r101_c100,validation
101,101,r101_c101,test
101,102,r101_c102,train
101,103,r101_c103,train
101,104,r101_c104,train
101,105,r101_c105,train
101,106,r101_c106,train
101,107,r101_c107,train
101,108,r101_c108,train
101,109,r101_c109,validation
101,110,r101_c110,train
101,111,r101_c111,train
101,112,r101_c112,validation
101,113,r101_c113,train
101,114,r101_c114,train
101,115,r101_c115,train
101,116,r101_c116,train
101,117,r101_c117,train
101,118,r101_c118,train
101,119,r101_c119,train
101,120,r101_c120,train
101,121,r101_c121,train
101,122,r101_c122,validation
101,123,r101_c123,train
101,124,r101_c124,train
101,125,r101_c125,train
101,126,r101_c126,train
101,127,r101_c127,test
101,128,r101_c128,validation
102,1,r102_c1,train
102,2,r102_c2,train
102,3,r102_c3,train
102,4,r102_c4,train
102,5,r102_c5,train
102,6,r102_c6,test
102,7,r102_c7,train
102,8,r102_c8,train
102,9,r102_c9,validation
102,10,r102_c10,test
102,11,r102_c11,train
102,12,r102_c12,train
102,13,r102_c13,validation
102,14,r102_c14,test
102,15,r102_c15,train
102,16,r102_c16,test
102,17,r102_c17,train
102,18,r102_c18,validation
102,19,r102_c19,train
102,20,r102_c20,validation
102,21,r102_c21,train
102,22,r102_c22,test
102,23,r102_c23,train
102,24,r102_c24,train
102,25,r102_c25,train
102,26,r102_c26,train
102,27,r102_c27,train
102,28,r102_c28,train
102,29,r102_c29,train
102,30,r102_c30,train
102,31,r102_c31,train
102,32,r102_c32,train
102,33,r102_c33,test
102,34,r102_c34,validation
102,35,r102_c35,train
102,36,r102_c36,test
102,37,r102_c37,train
102,38,r102_c38,train
102,39,r102_c39,validation
102,40,r102_c40,train
102,41,r102_c41,train
102,42,r102_c42,validation
102,43,r102_c43,train
102,44,r102_c44,validation
102,45,r102_c45,train
102,46,r102_c46,train
102,47,r102_c47,validation
102,48,r102_c48,validation
102,49,r102_c49,test
102,50,r102_c50,test
102,51,r102_c51,test
102,52,r102_c52,validation
102,53,r102_c53,train
102,54,r102_c54,test
102,55,r102_c55,train
102,56,r102_c56,train
102,57,r102_c57,train
102,58,r102_c58,train
102,59,r102_c59,train
102,60,r102_c60,train
102,61,r102_c61,train
102,62,r102_c62,validation
102,63,r102_c63,train
102,64,r102_c64,train
102,65,r102_c65,train
102,66,r102_c66,train
102,67,r102_c67,train
102,68,r102_c68,train
102,69,r102_c69,train
102,70,r102_c70,train
102,71,r102_c71,train
102,72,r102_c72,train
102,73,r102_c73,validation
102,74,r102_c74,train
102,75,r102_c75,train
102,76,r102_c76,train
102,77,r102_c77,train
102,78,r102_c78,test
102,79,r102_c79,train
102,80,r102_c80,train
102,81,r102_c81,test
102,82,r102_c82,train
102,83,r102_c83,train
102,84,r102_c84,train
102,85,r102_c85,validation
102,86,r102_c86,test
102,87,r102_c87,train
102,88,r102_c88,train
102,89,r102_c89,test
102,90,r102_c90,train
102,91,r102_c91,test
102,92,r102_c92,test
102,93,r102_c93,train
102,94,r102_c94,train
102,95,r102_c95,train
102,96,r102_c96,train
102,97,r102_c97,train
102,98,r102_c98,test
102,99,r102_c99,test
102,100,r102_c100,test
102,101,r102_c101,train
102,102,r102_c102,test
102,103,r102_c103,test
102,104,r102_c104,train
102,105,r102_c105,train
102,106,r102_c106,train
102,107,r102_c107,test
102,108,r102_c108,train
102,109,r102_c109,train
102,110,r102_c110,test
102,111,r102_c111,train
102,112,r102_c112,train
102,113,r102_c113,test
102,114,r102_c114,train
102,115,r102_c115,train
102,116,r102_c116,train
102,117,r102_c117,train
102,118,r102_c118,train
102,119,r102_c119,train
102,120,r102_c120,train
102,121,r102_c121,test
102,122,r102_c122,test
102,123,r102_c123,train
102,124,r102_c124,train
102,125,r102_c125,test
102,126,r102_c126,train
102,127,r102_c127,validation
102,128,r102_c128,train
103,1,r103_c1,train
103,2,r103_c2,train
103,3,r103_c3,train
103,4,r103_c4,test
103,5,r103_c5,train
103,6,r103_c6,validation
103,7,r103_c7,train
103,8,r103_c8,train
103,9,r103_c9,validation
103,10,r103_c10,test
103,11,r103_c11,train
103,12,r103_c12,test
103,13,r103_c13,train
103,14,r103_c14,train
103,15,r103_c15,test
103,16,r103_c16,train
103,17,r103_c17,train
103,18,r103_c18,train
103,19,r103_c19,train
103,20,r103_c20,train
103,21,r103_c21,train
103,22,r103_c22,train
103,23,r103_c23,train
103,24,r103_c24,train
103,25,r103_c25,train
103,26,r103_c26,validation
103,27,r103_c27,train
103,28,r103_c28,train
103,29,r103_c29,train
103,30,r103_c30,train
103,31,r103_c31,train
103,32,r103_c32,train
103,33,r103_c33,test
103,34,r103_c34,train
103,35,r103_c35,validation
103,36,r103_c36,train
103,37,r103_c37,train
103,38,r103_c38,train
103,39,r103_c39,test
103,40,r103_c40,test
103,41,r103_c41,test
103,42,r103_c42,train
103,43,r103_c43,train
103,44,r103_c44,test
103,45,r103_c45,train
103,46,r103_c46,train
103,47,r103_c47,validation
103,48,r103_c48,train
103,49,r103_c49,train
103,50,r103_c50,train
103,51,r103_c51,train
103,52,r103_c52,test
103,53,r103_c53,test
103,54,r103_c54,train
103,55,r103_c55,train
103,56,r103_c56,train
103,57,r103_c57,test
103,58,r103_c58,train
103,59,r103_c59,train
103,60,r103_c60,validation
103,61,r103_c61,test
103,62,r103_c62,train
103,63,r103_c63,train
103,64,r103_c64,train
103,65,r103_c65,train
103,66,r103_c66,test
103,67,r103_c67,train
103,68,r103_c68,train
103,69,r103_c69,test
103,70,r103_c70,train
103,71,r103_c71,train
103,72,r103_c72,test
103,73,r103_c73,validation
103,74,r103_c74,train
103,75,r103_c75,validation
103,76,r103_c76,test
103,77,r103_c77,train
103,78,r103_c78,train
103,79,r103_c79,train
103,80,r103_c80,train
103,81,r103_c81,train
103,82,r103_c82,train
103,83,r103_c83,train
103,84,r103_c84,train
103,85,r103_c85,train
103,86,r103_c86,train
103,87,r103_c87,train
103,88,r103_c88,train
103,89,r103_c89,train
103,90,r103_c90,train
103,91,r103_c91,train
103,92,r103_c92,train
103,93,r103_c93,validation
103,94,r103_c94,train
103,95,r103_c95,train
103,96,r103_c96,train
103,97,r103_c97,train
103,98,r103_c98,train
103,99,r103_c99,train
103,100,r103_c100,test
103,101,r103_c101,test
103,102,r103_c102,train
103,103,r103_c103,train
103,104,r103_c104,test
103,105,r103_c105,train
103,106,r103_c106,train
103,107,r103_c107,validation
103,108,r103_c108,train
103,109,r103_c109,train
103,110,r103_c110,train
103,111,r103_c111,validation
103,112,r103_c112,train
103,113,r103_c113,train
103,114,r103_c114,train
103,115,r103_c115,train
103,116,r103_c116,train
103,117,r103_c117,train
103,118,r103_c118,train
103,119,r103_c119,validation
103,120,r103_c120,train
103,121,r103_c121,validation
103,122,r103_c122,train
103,123,r103_c123,train
103,124,r103_c124,train
103,125,r103_c125,train
103,126,r103_c126,train
103,127,r103_c127,validation
103,128,r103_c128,validation
104,1,r104_c1,train
104,2,r104_c2,train
104,3,r104_c3,train
104,4,r104_c4,train
104,5,r104_c5,train
104,6,r104_c6,validation
104,7,r104_c7,validation
104,8,r104_c8,train
104,9,r104_c9,train
104,10,r104_c10,train
104,11,r104_c11,validation
104,12,r104_c12,train
104,13,r104_c13,train
104,14,r104_c14,train
104,15,r104_c15,train
104,16,r104_c16,test
104,17,r104_c17,train
104,18,r104_c18,train
104,19,r104_c19,validation
104,20,r104_c20,test
104,21,r104_c21,train
104,22,r104_c22,train
104,23,r104_c23,train
104,24,r104_c24,train
104,25,r104_c25,train
104,26,r104_c26,train
104,27,r104_c27,train
104,28,r104_c28,train
104,29,r104_c29,train
104,30,r104_c30,train
104,31,r104_c31,train
104,32,r104_c32,train
104,33,r104_c33,train
104,34,r104_c34,train
104,35,r104_c35,train
104,36,r104_c36,test
104,37,r104_c37,test
104,38,r104_c38,train
104,39,r104_c39,train
104,40,r104_c40,train
104,41,r104_c41,test
104,42,r104_c42,train
104,43,r104_c43,train
104,44,r104_c44,train
104,45,r104_c45,validation
104,46,r104_c46,test
104,47,r104_c47,test
104,48,r104_c48,validation
104,49,r104_c49,train
104,50,r104_c50,train
104,51,r104_c51,train
104,52,r104_c52,train
104,53,r104_c53,train
104,54,r104_c54,train
104,55,r104_c55,train
104,56,r104_c56,train
104,57,r104_c57,train
104,58,r104_c58,train
104,59,r104_c59,train
104,60,r104_c60,train
104,61,r104_c61,validation
104,62,r104_c62,test
104,63,r104_c63,validation
104,64,r104_c64,train
104,65,r104_c65,train
104,66,r104_c66,validation
104,67,r104_c67,train
104,68,r104_c68,train
104,69,r104_c69,train
104,70,r104_c70,train
104,71,r104_c71,train
104,72,r104_c72,train
104,73,r104_c73,validation
104,74,r104_c74,train
104,75,r104_c75,test
104,76,r104_c76,train
104,77,r104_c77,train
104,78,r104_c78,train
104,79,r104_c79,validation
104,80,r104_c80,test
104,81,r104_c81,train
104,82,r104_c82,train
104,83,r104_c83,test
104,84,r104_c84,train
104,85,r104_c85,train
104,86,r104_c86,validation
104,87,r104_c87,train
104,88,r104_c88,train
104,89,r104_c89,validation
104,90,r104_c90,test
104,91,r104_c91,test
104,92,r104_c92,train
104,93,r104_c93,train
104,94,r104_c94,test
104,95,r104_c95,validation
104,96,r104_c96,validation
104,97,r104_c97,test
104,98,r104_c98,train
104,99,r104_c99,train
104,100,r104_c100,train
104,101,r104_c101,train
104,102,r104_c102,train
104,103,r104_c103,validation
104,104,r104_c104,train
104,105,r104_c105,train
104,106,r104_c106,train
104,107,r104_c107,test
104,108,r104_c108,train
104,109,r104_c109,train
104,110,r104_c110,train
104,111,r104_c111,test
104,112,r104_c112,train
104,113,r104_c113,train
104,114,r104_c114,test
104,115,r104_c115,train
104,116,r104_c116,test
104,117,r104_c117,validation
104,118,r104_c118,validation
104,119,r104_c119,train
104,120,r104_c120,train
104,121,r104_c121,train
104,122,r104_c122,train
104,123,r104_c123,train
104,124,r104_c124,test
104,125,r104_c125,train
104,126,r104_c126,train
104,127,r104_c127,validation
104,128,r104_c128,validation
105,1,r105_c1,train
105,2,r105_c2,train
105,3,r105_c3,train
105,4,r105_c4,test
105,5,r105_c5,train
105,6,r105_c6,train
105,7,r105_c7,train
105,8,r105_c8,validation
105,9,r105_c9,validation
105,10,r105_c10,train
105,11,r105_c11,test
105,12,r105_c12,train
105,13,r105_c13,test
105,14,r105_c14,train
105,15,r105_c15,test
105,16,r105_c16,train
105,17,r105_c17,test
105,18,r105_c18,train
105,19,r105_c19,train
105,20,r105_c20,train
105,21,r105_c21,train
105,22,r105_c22,train
105,23,r105_c23,validation
105,24,r105_c24,test
105,25,r105_c25,test
105,26,r105_c26,train
105,27,r105_c27,validation
105,28,r105_c28,train
105,29,r105_c29,train
105,30,r105_c30,train
105,31,r105_c31,test
105,32,r105_c32,train
105,33,r105_c33,train
105,34,r105_c34,train
105,35,r105_c35,test
105,36,r105_c36,validation
105,37,r105_c37,test
105,38,r105_c38,train
105,39,r105_c39,train
105,40,r105_c40,train
105,41,r105_c41,train
105,42,r105_c42,train
105,43,r105_c43,train
105,44,r105_c44,train
105,45,r105_c45,test
105,46,r105_c46,train
105,47,r105_c47,train
105,48,r105_c48,validation
105,49,r105_c49,train
105,50,r105_c50,validation
105,51,r105_c51,train
105,52,r105_c52,train
105,53,r105_c53,train
105,54,r105_c54,validation
105,55,r105_c55,train
105,56,r105_c56,validation
105,57,r105_c57,train
105,58,r105_c58,train
105,59,r105_c59,train
105,60,r105_c60,train
105,61,r105_c61,train
105,62,r105_c62,test
105,63,r105_c63,train
105,64,r105_c64,train
105,65,r105_c65,train
105,66,r105_c66,train
105,67,r105_c67,train
105,68,r105_c68,train
105,69,r105_c69,train
105,70,r105_c70,train
105,71,r105_c71,train
105,72,r105_c72,train
105,73,r105_c73,train
105,74,r105_c74,train
105,75,r105_c75,test
105,76,r105_c76,train
105,77,r105_c77,train
105,78,r105_c78,train
105,79,r105_c79,train
105,80,r105_c80,train
105,81,r105_c81,validation
105,82,r105_c82,train
105,83,r105_c83,train
105,84,r105_c84,train
105,85,r105_c85,validation
105,86,r105_c86,train
105,87,r105_c87,train
105,88,r105_c88,train
105,89,r105_c89,train
105,90,r105_c90,train
105,91,r105_c91,train
105,92,r105_c92,train
105,93,r105_c93,train
105,94,r105_c94,validation
105,95,r105_c95,train
105,96,r105_c96,train
105,97,r105_c97,train
105,98,r105_c98,train
105,99,r105_c99,validation
105,100,r105_c100,test
105,101,r105_c101,train
105,102,r105_c102,train
105,103,r105_c103,train
105,104,r105_c104,train
105,105,r105_c105,train
105,106,r105_c106,train
105,107,r105_c107,train
105,108,r105_c108,train
105,109,r105_c109,train
105,110,r105_c110,train
105,111,r105_c111,validation
105,112,r105_c112,train
105,113,r105_c113,train
105,114,r105_c114,validation
105,115,r105_c115,train
105,116,r105_c116,train
105,117,r105_c117,train
105,118,r105_c118,validation
105,119,r105_c119,validation
105,120,r105_c120,train
105,121,r105_c121,test
105,122,r105_c122,test
105,123,r105_c123,train
105,124,r105_c124,validation
105,125,r105_c125,test
105,126,r105_c126,train
105,127,r105_c127,test
105,128,r105_c128,train
106,1,r106_c1,train
106,2,r106_c2,validation
106,3,r106_c3,train
106,4,r106_c4,train
106,5,r106_c5,train
106,6,r106_c6,train
106,7,r106_c7,test
106,8,r106_c8,train
106,9,r106_c9,train
106,10,r106_c10,train
106,11,r106_c11,train
106,12,r106_c12,train
106,13,r106_c13,train
106,14,r106_c14,train
106,15,r106_c15,train
106,16,r106_c16,train
106,17,r106_c17,validation
106,18,r106_c18,test
106,19,r106_c19,train
106,20,r106_c20,train
106,21,r106_c21,train
106,22,r106_c22,train
106,23,r106_c23,test
106,24,r106_c24,validation
106,25,r106_c25,validation
106,26,r106_c26,validation
106,27,r106_c27,train
106,28,r106_c28,test
106,29,r106_c29,validation
106,30,r106_c30,train
106,31,r106_c31,train
106,32,r106_c32,train
106,33,r106_c33,validation
106,34,r106_c34,train
106,35,r106_c35,train
106,36,r106_c36,train
106,37,r106_c37,train
106,38,r106_c38,train
106,39,r106_c39,train
106,40,r106_c40,train
106,41,r106_c41,validation
106,42,r106_c42,train
106,43,r106_c43,validation
106,44,r106_c44,validation
106,45,r106_c45,train
106,46,r106_c46,train
106,47,r106_c47,test
106,48,r106_c48,train
106,49,r106_c49,train
106,50,r106_c50,train
106,51,r106_c51,train
106,52,r106_c52,train
106,53,r106_c53,validation
106,54,r106_c54,train
106,55,r106_c55,train
106,56,r106_c56,train
106,57,r106_c57,validation
106,58,r106_c58,test
106,59,r106_c59,train
106,60,r106_c60,train
106,61,r106_c61,train
106,62,r106_c62,train
106,63,r106_c63,train
106,64,r106_c64,test
106,65,r106_c65,validation
106,66,r106_c66,train
106,67,r106_c67,train
106,68,r106_c68,train
106,69,r106_c69,validation
106,70,r106_c70,train
106,71,r106_c71,test
106,72,r106_c72,train
106,73,r106_c73,train
106,74,r106_c74,test
106,75,r106_c75,validation
106,76,r106_c76,train
106,77,r106_c77,train
106,78,r106_c78,train
106,79,r106_c79,test
106,80,r106_c80,test
106,81,r106_c81,train
106,82,r106_c82,train
106,83,r106_c83,train
106,84,r106_c84,train
106,85,r106_c85,train
106,86,r106_c86,validation
106,87,r106_c87,test
106,88,r106_c88,test
106,89,r106_c89,train
106,90,r106_c90,validation
106,91,r106_c91,train
106,92,r106_c92,train
106,93,r106_c93,test
106,94,r106_c94,train
106,95,r106_c95,train
106,96,r106_c96,validation
106,97,r106_c97,train
106,98,r106_c98,train
106,99,r106_c99,test
106,100,r106_c100,train
106,101,r106_c101,train
106,102,r106_c102,test
106,103,r106_c103,train
106,104,r106_c104,train
106,105,r106_c105,validation
106,106,r106_c106,train
106,107,r106_c107,train
106,108,r106_c108,train
106,109,r106_c109,train
106,110,r106_c110,train
106,111,r106_c111,validation
106,112,r106_c112,train
106,113,r106_c113,train
106,114,r106_c114,train
106,115,r106_c115,train
106,116,r106_c116,train
106,117,r106_c117,train
106,118,r106_c118,train
106,119,r106_c119,train
106,120,r106_c120,train
106,121,r106_c121,train
106,122,r106_c122,train
106,123,r106_c123,train
106,124,r106_c124,train
106,125,r106_c125,train
106,126,r106_c126,train
106,127,r106_c127,train
106,128,r106_c128,train
107,1,r107_c1,train
107,2,r107_c2,validation
107,3,r107_c3,train
107,4,r107_c4,train
107,5,r107_c5,train
107,6,r107_c6,test
107,7,r107_c7,train
107,8,r107_c8,train
107,9,r107_c9,validation
107,10,r107_c10,train
107,11,r107_c11,test
107,12,r107_c12,train
107,13,r107_c13,train
107,14,r107_c14,train
107,15,r107_c15,validation
107,16,r107_c16,train
107,17,r107_c17,train
107,18,r107_c18,validation
107,19,r107_c19,train
107,20,r107_c20,train
107,21,r107_c21,train
107,22,r107_c22,validation
107,23,r107_c23,train
107,24,r107_c24,train
107,25,r107_c25,validation
107,26,r107_c26,train
107,27,r107_c27,train
107,28,r107_c28,test
107,29,r107_c29,validation
107,30,r107_c30,train
107,31,r107_c31,train
107,32,r107_c32,validation
107,33,r107_c33,train
107,34,r107_c34,train
107,35,r107_c35,train
107,36,r107_c36,train
107,37,r107_c37,train
107,38,r107_c38,train
107,39,r107_c39,test
107,40,r107_c40,train
107,41,r107_c41,train
107,42,r107_c42,train
107,43,r107_c43,train
107,44,r107_c44,test
107,45,r107_c45,train
107,46,r107_c46,train
107,47,r107_c47,train
107,48,r107_c48,train
107,49,r107_c49,test
107,50,r107_c50,test
107,51,r107_c51,train
107,52,r107_c52,train
107,53,r107_c53,train
107,54,r107_c54,train
107,55,r107_c55,train
107,56,r107_c56,train
107,57,r107_c57,train
107,58,r107_c58,test
107,59,r107_c59,train
107,60,r107_c60,test
107,61,r107_c61,train
107,62,r107_c62,test
107,63,r107_c63,train
107,64,r107_c64,train
107,65,r107_c65,test
107,66,r107_c66,validation
107,67,r107_c67,train
107,68,r107_c68,train
107,69,r107_c69,train
107,70,r107_c70,train
107,71,r107_c71,train
107,72,r107_c72,validation
107,73,r107_c73,train
107,74,r107_c74,train
107,75,r107_c75,train
107,76,r107_c76,validation
107,77,r107_c77,train
107,78,r107_c78,validation
107,79,r107_c79,train
107,80,r107_c80,validation
107,81,r107_c81,train
107,82,r107_c82,train
107,83,r107_c83,train
107,84,r107_c84,train
107,85,r107_c85,train
107,86,r107_c86,train
107,87,r107_c87,train
107,88,r107_c88,train
107,89,r107_c89,train
107,90,r107_c90,train
107,91,r107_c91,train
107,92,r107_c92,train
107,93,r107_c93,train
107,94,r107_c94,train
107,95,r107_c95,train
107,96,r107_c96,train
107,97,r107_c97,train
107,98,r107_c98,validation
107,99,r107_c99,test
107,100,r107_c100,train
107,101,r107_c101,train
107,102,r107_c102,train
107,103,r107_c103,train
107,104,r107_c104,train
107,105,r107_c105,train
107,106,r107_c106,train
107,107,r107_c107,train
107,108,r107_c108,train
107,109,r107_c109,train
107,110,r107_c110,validation
107,111,r107_c111,train
107,112,r107_c112,validation
107,113,r107_c113,test
107,114,r107_c114,train
107,115,r107_c115,train
107,116,r107_c116,train
107,117,r107_c117,train
107,118,r107_c118,test
107,119,r107_c119,train
107,120,r107_c120,train
107,121,r107_c121,validation
107,122,r107_c122,validation
107,123,r107_c123,train
107,124,r107_c124,validation
107,125,r107_c125,validation
107,126,r107_c126,validation
107,127,r107_c127,train
107,128,r107_c128,validation
108,1,r108_c1,test
108,2,r108_c2,validation
108,3,r108_c3,train
108,4,r108_c4,test
108,5,r108_c5,train
108,6,r108_c6,train
108,7,r108_c7,test
108,8,r108_c8,train
108,9,r108_c9,validation
108,10,r108_c10,train
108,11,r108_c11,train
108,12,r108_c12,train
108,13,r108_c13,train
108,14,r108_c14,train
108,15,r108_c15,train
108,16,r108_c16,validation
108,17,r108_c17,test
108,18,r108_c18,train
108,19,r108_c19,test
108,20,r108_c20,train
108,21,r108_c21,test
108,22,r108_c22,train
108,23,r108_c23,train
108,24,r108_c24,test
108,25,r108_c25,train
108,26,r108_c26,train
108,27,r108_c27,train
108,28,r108_c28,train
108,29,r108_c29,train
108,30,r108_c30,train
108,31,r108_c31,train
108,32,r108_c32,train
108,33,r108_c33,train
108,34,r108_c34,train
108,35,r108_c35,train
108,36,r108_c36,train
108,37,r108_c37,train
108,38,r108_c38,train
108,39,r108_c39,train
108,40,r108_c40,train
108,41,r108_c41,train
108,42,r108_c42,train
108,43,r108_c43,train
108,44,r108_c44,train
108,45,r108_c45,validation
108,46,r108_c46,train
108,47,r108_c47,train
108,48,r108_c48,train
108,49,r108_c49,train
108,50,r108_c50,train
108,51,r108_c51,train
108,52,r108_c52,train
108,53,r108_c53,train
108,54,r108_c54,train
108,55,r108_c55,validation
108,56,r108_c56,train
108,57,r108_c57,train
108,58,r108_c58,train
108,59,r108_c59,validation
108,60,r108_c60,train
108,61,r108_c61,train
108,62,r108_c62,train
108,63,r108_c63,train
108,64,r108_c64,validation
108,65,r108_c65,test
108,66,r108_c66,validation
108,67,r108_c67,test
108,68,r108_c68,train
108,69,r108_c69,train
108,70,r108_c70,train
108,71,r108_c71,train
108,72,r108_c72,train
108,73,r108_c73,train
108,74,r108_c74,train
108,75,r108_c75,test
108,76,r108_c76,test
108,77,r108_c77,train
108,78,r108_c78,train
108,79,r108_c79,train
108,80,r108_c80,train
108,81,r108_c81,train
108,82,r108_c82,train
108,83,r108_c83,train
108,84,r108_c84,train
108,85,r108_c85,train
108,86,r108_c86,validation
108,87,r108_c87,test
108,88,r108_c88,train
108,89,r108_c89,train
108,90,r108_c90,validation
108,91,r108_c91,train
108,92,r108_c92,train
108,93,r108_c93,train
108,94,r108_c94,train
108,95,r108_c95,train
108,96,r108_c96,validation
108,97,r108_c97,validation
108,98,r108_c98,train
108,99,r108_c99,train
108,100,r108_c100,train
108,101,r108_c101,train
108,102,r108_c102,train
108,103,r108_c103,train
108,104,r108_c104,train
108,105,r108_c105,train
108,106,r108_c106,train
108,107,r108_c107,train
108,108,r108_c108,train
108,109,r108_c109,validation
108,110,r108_c110,train
108,111,r108_c111,train
108,112,r108_c112,train
108,113,r108_c113,train
108,114,r108_c114,train
108,115,r108_c115,validation
108,116,r108_c116,train
108,117,r108_c117,test
108,118,r108_c118,train
108,119,r108_c119,train
108,120,r108_c120,train
108,121,r108_c121,test
108,122,r108_c122,train
108,123,r108_c123,test
108,124,r108_c124,train
108,125,r108_c125,test
108,126,r108_c126,train
108,127,r108_c127,validation
108,128,r108_c128,train
109,1,r109_c1,train
109,2,r109_c2,train
109,3,r109_c3,train
109,4,r109_c4,train
109,5,r109_c5,train
109,6,r109_c6,train
109,7,r109_c7,validation
109,8,r109_c8,train
109,9,r109_c9,train
109,10,r109_c10,train
109,11,r109_c11,train
109,12,r109_c12,train
109,13,r109_c13,train
109,14,r109_c14,train
109,15,r109_c15,train
109,16,r109_c16,train
109,17,r109_c17,validation
109,18,r109_c18,train
109,19,r109_c19,train
109,20,r109_c20,train
109,21,r109_c21,train
109,22,r109_c22,train
109,23,r109_c23,train
109,24,r109_c24,train
109,25,r109_c25,train
109,26,r109_c26,validation
109,27,r109_c27,train
109,28,r109_c28,validation
109,29,r109_c29,test
109,30,r109_c30,train
109,31,r109_c31,train
109,32,r109_c32,validation
109,33,r109_c33,train
109,34,r109_c34,train
109,35,r109_c35,train
109,36,r109_c36,train
109,37,r109_c37,test
109,38,r109_c38,train
109,39,r109_c39,test
109,40,r109_c40,train
109,41,r109_c41,train
109,42,r109_c42,train
109,43,r109_c43,train
109,44,r109_c44,train
109,45,r109_c45,test
109,46,r109_c46,train
109,47,r109_c47,test
109,48,r109_c48,test
109,49,r109_c49,validation
109,50,r109_c50,test
109,51,r109_c51,validation
109,52,r109_c52,test
109,53,r109_c53,train
109,54,r109_c54,train
109,55,r109_c55,train
109,56,r109_c56,train
109,57,r109_c57,train
109,58,r109_c58,train
109,59,r109_c59,train
109,60,r109_c60,validation
109,61,r109_c61,train
109,62,r109_c62,train
109,63,r109_c63,train
109,64,r109_c64,test
109,65,r109_c65,train
109,66,r109_c66,train
109,67,r109_c67,train
109,68,r109_c68,train
109,69,r109_c69,train
109,70,r109_c70,test
109,71,r109_c71,train
109,72,r109_c72,validation
109,73,r109_c73,train
109,74,r109_c74,train
109,75,r109_c75,validation
109,76,r109_c76,train
109,77,r109_c77,train
109,78,r109_c78,train
109,79,r109_c79,validation
109,80,r109_c80,validation
109,81,r109_c81,validation
109,82,r109_c82,test
109,83,r109_c83,train
109,84,r109_c84,train
109,85,r109_c85,train
109,86,r109_c86,train
109,87,r109_c87,test
109,88,r109_c88,train
109,89,r109_c89,train
109,90,r109_c90,train
109,91,r109_c91,train
109,92,r109_c92,test
109,93,r109_c93,validation
109,94,r109_c94,train
109,95,r109_c95,train
109,96,r109_c96,train
109,97,r109_c97,train
109,98,r109_c98,train
109,99,r109_c99,train
109,100,r109_c100,train
109,101,r109_c101,train
109,102,r109_c102,validation
109,103,r109_c103,train
109,104,r109_c104,train
109,105,r109_c105,train
109,106,r109_c106,validation
109,107,r109_c107,train
109,108,r109_c108,train
109,109,r109_c109,train
109,110,r109_c110,validation
109,111,r109_c111,train
109,112,r109_c112,train
109,113,r109_c113,train
109,114,r109_c114,test
109,115,r109_c115,test
109,116,r109_c116,test
109,117,r109_c117,train
109,118,r109_c118,test
109,119,r109_c119,train
109,120,r109_c120,train
109,121,r109_c121,train
109,122,r109_c122,train
109,123,r109_c123,train
109,124,r109_c124,train
109,125,r109_c125,test
109,126,r109_c126,train
109,127,r109_c127,train
109,128,r109_c128,validation
110,1,r110_c1,train
110,2,r110_c2,train
110,3,r110_c3,train
110,4,r110_c4,train
110,5,r110_c5,train
110,6,r110_c6,train
110,7,r110_c7,train
110,8,r110_c8,train
110,9,r110_c9,validation
110,10,r110_c10,train
110,11,r110_c11,validation
110,12,r110_c12,train
110,13,r110_c13,train
110,14,r110_c14,test
110,15,r110_c15,train
110,16,r110_c16,validation
110,17,r110_c17,validation
110,18,r110_c18,train
110,19,r110_c19,test
110,20,r110_c20,train
110,21,r110_c21,train
110,22,r110_c22,train
110,23,r110_c23,train
110,24,r110_c24,train
110,25,r110_c25,train
110,26,r110_c26,train
110,27,r110_c27,train
110,28,r110_c28,train
110,29,r110_c29,train
110,30,r110_c30,train
110,31,r110_c31,validation
110,32,r110_c32,train
110,33,r110_c33,test
110,34,r110_c34,train
110,35,r110_c35,train
110,36,r110_c36,train
110,37,r110_c37,train
110,38,r110_c38,train
110,39,r110_c39,train
110,40,r110_c40,test
110,41,r110_c41,train
110,42,r110_c42,train
110,43,r110_c43,train
110,44,r110_c44,train
110,45,r110_c45,train
110,46,r110_c46,validation
110,47,r110_c47,train
110,48,r110_c48,test
110,49,r110_c49,test
110,50,r110_c50,validation
110,51,r110_c51,train
110,52,r110_c52,train
110,53,r110_c53,train
110,54,r110_c54,train
110,55,r110_c55,validation
110,56,r110_c56,validation
110,57,r110_c57,validation
110,58,r110_c58,train
110,59,r110_c59,train
110,60,r110_c60,train
110,61,r110_c61,train
110,62,r110_c62,train
110,63,r110_c63,train
110,64,r110_c64,train
110,65,r110_c65,train
110,66,r110_c66,train
110,67,r110_c67,train
110,68,r110_c68,train
110,69,r110_c69,train
110,70,r110_c70,train
110,71,r110_c71,train
110,72,r110_c72,train
110,73,r110_c73,train
110,74,r110_c74,test
110,75,r110_c75,train
110,76,r110_c76,train
110,77,r110_c77,train
110,78,r110_c78,train
110,79,r110_c79,train
110,80,r110_c80,validation
110,81,r110_c81,train
110,82,r110_c82,train
110,83,r110_c83,train
110,84,r110_c84,train
110,85,r110_c85,test
110,86,r110_c86,train
110,87,r110_c87,test
110,88,r110_c88,train
110,89,r110_c89,validation
110,90,r110_c90,validation
110,91,r110_c91,train
110,92,r110_c92,validation
110,93,r110_c93,validation
110,94,r110_c94,train
110,95,r110_c95,train
110,96,r110_c96,train
110,97,r110_c97,train
110,98,r110_c98,test
110,99,r110_c99,validation
110,100,r110_c100,test
110,101,r110_c101,train
110,102,r110_c102,train
110,103,r110_c103,train
110,104,r110_c104,validation
110,105,r110_c105,train
110,106,r110_c106,train
110,107,r110_c107,train
110,108,r110_c108,train
110,109,r110_c109,train
110,110,r110_c110,train
110,111,r110_c111,validation
110,112,r110_c112,train
110,113,r110_c113,validation
110,114,r110_c114,test
110,115,r110_c115,train
110,116,r110_c116,train
110,117,r110_c117,train
110,118,r110_c118,train
110,119,r110_c119,train
110,120,r110_c120,train
110,121,r110_c121,train
110,122,r110_c122,train
110,123,r110_c123,train
110,124,r110_c124,train
110,125,r110_c125,train
110,126,r110_c126,train
110,127,r110_c127,train
110,128,r110_c128,train
111,1,r111_c1,train
111,2,r111_c2,train
111,3,r111_c3,train
111,4,r111_c4,train
111,5,r111_c5,train
111,6,r111_c6,validation
111,7,r111_c7,train
111,8,r111_c8,train
111,9,r111_c9,train
111,10,r111_c10,train
111,11,r111_c11,train
111,12,r111_c12,train
111,13,r111_c13,train
111,14,r111_c14,train
111,15,r111_c15,validation
111,16,r111_c16,train
111,17,r111_c17,train
111,18,r111_c18,train
111,19,r111_c19,train
111,20,r111_c20,train
111,21,r111_c21,train
111,22,r111_c22,train
111,23,r111_c23,train
111,24,r111_c24,train
111,25,r111_c25,train
111,26,r111_c26,train
111,27,r111_c27,train
111,28,r111_c28,validation
111,29,r111_c29,train
111,30,r111_c30,test
111,31,r111_c31,test
111,32,r111_c32,train
111,33,r111_c33,train
111,34,r111_c34,train
111,35,r111_c35,train
111,36,r111_c36,test
111,37,r111_c37,test
111,38,r111_c38,validation
111,39,r111_c39,train
111,40,r111_c40,test
111,41,r111_c41,test
111,42,r111_c42,train
111,43,r111_c43,test
111,44,r111_c44,train
111,45,r111_c45,train
111,46,r111_c46,train
111,47,r111_c47,validation
111,48,r111_c48,train
111,49,r111_c49,train
111,50,r111_c50,train
111,51,r111_c51,test
111,52,r111_c52,train
111,53,r111_c53,train
111,54,r111_c54,validation
111,55,r111_c55,train
111,56,r111_c56,test
111,57,r111_c57,train
111,58,r111_c58,train
111,59,r111_c59,test
111,60,r111_c60,train
111,61,r111_c61,train
111,62,r111_c62,train
111,63,r111_c63,train
111,64,r111_c64,train
111,65,r111_c65,train
111,66,r111_c66,test
111,67,r111_c67,train
111,68,r111_c68,test
111,69,r111_c69,train
111,70,r111_c70,train
111,71,r111_c71,train
111,72,r111_c72,test
111,73,r111_c73,train
111,74,r111_c74,test
111,75,r111_c75,train
111,76,r111_c76,train
111,77,r111_c77,validation
111,78,r111_c78,test
111,79,r111_c79,train
111,80,r111_c80,train
111,81,r111_c81,train
111,82,r111_c82,test
111,83,r111_c83,train
111,84,r111_c84,train
111,85,r111_c85,train
111,86,r111_c86,train
111,87,r111_c87,train
111,88,r111_c88,train
111,89,r111_c89,train
111,90,r111_c90,test
111,91,r111_c91,validation
111,92,r111_c92,train
111,93,r111_c93,train
111,94,r111_c94,test
111,95,r111_c95,train
111,96,r111_c96,train
111,97,r111_c97,train
111,98,r111_c98,validation
111,99,r111_c99,test
111,100,r111_c100,train
111,101,r111_c101,validation
111,102,r111_c102,train
111,103,r111_c103,train
111,104,r111_c104,train
111,105,r111_c105,train
111,106,r111_c106,train
111,107,r111_c107,train
111,108,r111_c108,train
111,109,r111_c109,train
111,110,r111_c110,train
111,111,r111_c111,train
111,112,r111_c112,train
111,113,r111_c113,train
111,114,r111_c114,train
111,115,r111_c115,test
111,116,r111_c116,train
111,117,r111_c117,train
111,118,r111_c118,test
111,119,r111_c119,test
111,120,r111_c120,train
111,121,r111_c121,train
111,122,r111_c122,validation
111,123,r111_c123,validation
111,124,r111_c124,train
111,125,r111_c125,train
111,126,r111_c126,train
111,127,r111_c127,test
111,128,r111_c128,train
112,1,r112_c1,train
112,2,r112_c2,test
112,3,r112_c3,train
112,4,r112_c4,train
112,5,r112_c5,test
112,6,r112_c6,test
112,7,r112_c7,train
112,8,r112_c8,train
112,9,r112_c9,train
112,10,r112_c10,train
112,11,r112_c11,train
112,12,r112_c12,train
112,13,r112_c13,test
112,14,r112_c14,train
112,15,r112_c15,test
112,16,r112_c16,validation
112,17,r112_c17,train
112,18,r112_c18,test
112,19,r112_c19,train
112,20,r112_c20,train
112,21,r112_c21,train
112,22,r112_c22,train
112,23,r112_c23,train
112,24,r112_c24,train
112,25,r112_c25,validation
112,26,r112_c26,train
112,27,r112_c27,train
112,28,r112_c28,train
112,29,r112_c29,train
112,30,r112_c30,train
112,31,r112_c31,train
112,32,r112_c32,train
112,33,r112_c33,validation
112,34,r112_c34,train
112,35,r112_c35,train
112,36,r112_c36,train
112,37,r112_c37,train
112,38,r112_c38,train
112,39,r112_c39,validation
112,40,r112_c40,test
112,41,r112_c41,validation
112,42,r112_c42,test
112,43,r112_c43,train
112,44,r112_c44,train
112,45,r112_c45,train
112,46,r112_c46,validation
112,47,r112_c47,train
112,48,r112_c48,train
112,49,r112_c49,train
112,50,r112_c50,train
112,51,r112_c51,train
112,52,r112_c52,test
112,53,r112_c53,train
112,54,r112_c54,train
112,55,r112_c55,test
112,56,r112_c56,train
112,57,r112_c57,train
112,58,r112_c58,train
112,59,r112_c59,validation
112,60,r112_c60,train
112,61,r112_c61,validation
112,62,r112_c62,train
112,63,r112_c63,train
112,64,r112_c64,train
112,65,r112_c65,test
112,66,r112_c66,train
112,67,r112_c67,test
112,68,r112_c68,train
112,69,r112_c69,validation
112,70,r112_c70,train
112,71,r112_c71,train
112,72,r112_c72,test
112,73,r112_c73,test
112,74,r112_c74,test
112,75,r112_c75,train
112,76,r112_c76,test
112,77,r112_c77,test
112,78,r112_c78,test
112,79,r112_c79,test
112,80,r112_c80,train
112,81,r112_c81,train
112,82,r112_c82,train
112,83,r112_c83,train
112,84,r112_c84,test
112,85,r112_c85,train
112,86,r112_c86,test
112,87,r112_c87,train
112,88,r112_c88,validation
112,89,r112_c89,train
112,90,r112_c90,test
112,91,r112_c91,train
112,92,r112_c92,train
112,93,r112_c93,train
112,94,r112_c94,train
112,95,r112_c95,train
112,96,r112_c96,train
112,97,r112_c97,validation
112,98,r112_c98,train
112,99,r112_c99,train
112,100,r112_c100,train
112,101,r112_c101,train
112,102,r112_c102,validation
112,103,r112_c103,test
112,104,r112_c104,train
112,105,r112_c105,test
112,106,r112_c106,train
112,107,r112_c107,test
112,108,r112_c108,train
112,109,r112_c109,train
112,110,r112_c110,train
112,111,r112_c111,train
112,112,r112_c112,train
112,113,r112_c113,train
112,114,r112_c114,train
112,115,r112_c115,train
112,116,r112_c116,train
112,117,r112_c117,train
112,118,r112_c118,train
112,119,r112_c119,train
112,120,r112_c120,train
112,121,r112_c121,train
112,122,r112_c122,train
112,123,r112_c123,test
112,124,r112_c124,train
112,125,r112_c125,validation
112,126,r112_c126,train
112,127,r112_c127,validation
112,128,r112_c128,test
113,1,r113_c1,train
113,2,r113_c2,train
113,3,r113_c3,train
113,4,r113_c4,train
113,5,r113_c5,train
113,6,r113_c6,train
113,7,r113_c7,train
113,8,r113_c8,test
113,9,r113_c9,train
113,10,r113_c10,train
113,11,r113_c11,train
113,12,r113_c12,train
113,13,r113_c13,validation
113,14,r113_c14,train
113,15,r113_c15,train
113,16,r113_c16,test
113,17,r113_c17,validation
113,18,r113_c18,test
113,19,r113_c19,validation
113,20,r113_c20,test
113,21,r113_c21,test
113,22,r113_c22,train
113,23,r113_c23,train
113,24,r113_c24,train
113,25,r113_c25,validation
113,26,r113_c26,test
113,27,r113_c27,train
113,28,r113_c28,train
113,29,r113_c29,test
113,30,r113_c30,train
113,31,r113_c31,train
113,32,r113_c32,test
113,33,r113_c33,train
113,34,r113_c34,train
113,35,r113_c35,train
113,36,r113_c36,train
113,37,r113_c37,train
113,38,r113_c38,train
113,39,r113_c39,train
113,40,r113_c40,validation
113,41,r113_c41,test
113,42,r113_c42,test
113,43,r113_c43,train
113,44,r113_c44,validation
113,45,r113_c45,test
113,46,r113_c46,train
113,47,r113_c47,train
113,48,r113_c48,test
113,49,r113_c49,train
113,50,r113_c50,train
113,51,r113_c51,train
113,52,r113_c52,train
113,53,r113_c53,train
113,54,r113_c54,train
113,55,r113_c55,train
113,56,r113_c56,train
113,57,r113_c57,test
113,58,r113_c58,train
113,59,r113_c59,test
113,60,r113_c60,train
113,61,r113_c61,train
113,62,r113_c62,train
113,63,r113_c63,train
113,64,r113_c64,train
113,65,r113_c65,test
113,66,r113_c66,train
113,67,r113_c67,train
113,68,r113_c68,train
113,69,r113_c69,validation
113,70,r113_c70,train
113,71,r113_c71,train
113,72,r113_c72,validation
113,73,r113_c73,validation
113,74,r113_c74,train
113,75,r113_c75,train
113,76,r113_c76,train
113,77,r113_c77,train
113,78,r113_c78,train
113,79,r113_c79,train
113,80,r113_c80,test
113,81,r113_c81,train
113,82,r113_c82,train
113,83,r113_c83,test
113,84,r113_c84,validation
113,85,r113_c85,train
113,86,r113_c86,train
113,87,r113_c87,test
113,88,r113_c88,validation
113,89,r113_c89,validation
113,90,r113_c90,validation
113,91,r113_c91,validation
113,92,r113_c92,train
113,93,r113_c93,validation
113,94,r113_c94,train
113,95,r113_c95,test
113,96,r113_c96,train
113,97,r113_c97,test
113,98,r113_c98,train
113,99,r113_c99,test
113,100,r113_c100,train
113,101,r113_c101,train
113,102,r113_c102,train
113,103,r113_c103,test
113,104,r113_c104,train
113,105,r113_c105,train
113,106,r113_c106,train
113,107,r113_c107,train
113,108,r113_c108,train
113,109,r113_c109,train
113,110,r113_c110,test
113,111,r113_c111,train
113,112,r113_c112,validation
113,113,r113_c113,train
113,114,r113_c114,train
113,115,r113_c115,validation
113,116,r113_c116,train
113,117,r113_c117,train
113,118,r113_c118,train
113,119,r113_c119,train
113,120,r113_c120,train
113,121,r113_c121,validation
113,122,r113_c122,train
113,123,r113_c123,train
113,124,r113_c124,train
113,125,r113_c125,train
113,126,r113_c126,train
113,127,r113_c127,validation
113,128,r113_c128,train
114,1,r114_c1,train
114,2,r114_c2,train
114,3,r114_c3,train
114,4,r114_c4,train
114,5,r114_c5,train
114,6,r114_c6,train
114,7,r114_c7,train
114,8,r114_c8,train
114,9,r114_c9,train
114,10,r114_c10,validation
114,11,r114_c11,validation
114,12,r114_c12,train
114,13,r114_c13,test
114,14,r114_c14,test
114,15,r114_c15,validation
114,16,r114_c16,train
114,17,r114_c17,train
114,18,r114_c18,train
114,19,r114_c19,train
114,20,r114_c20,validation
114,21,r114_c21,train
114,22,r114_c22,train
114,23,r114_c23,train
114,24,r114_c24,test
114,25,r114_c25,train
114,26,r114_c26,train
114,27,r114_c27,train
114,28,r114_c28,train
114,29,r114_c29,train
114,30,r114_c30,train
114,31,r114_c31,train
114,32,r114_c32,train
114,33,r114_c33,train
114,34,r114_c34,validation
114,35,r114_c35,test
114,36,r114_c36,train
114,37,r114_c37,validation
114,38,r114_c38,train
114,39,r114_c39,train
114,40,r114_c40,train
114,41,r114_c41,test
114,42,r114_c42,train
114,43,r114_c43,train
114,44,r114_c44,train
114,45,r114_c45,train
114,46,r114_c46,train
114,47,r114_c47,train
114,48,r114_c48,validation
114,49,r114_c49,train
114,50,r114_c50,validation
114,51,r114_c51,validation
114,52,r114_c52,train
114,53,r114_c53,train
114,54,r114_c54,train
114,55,r114_c55,train
114,56,r114_c56,train
114,57,r114_c57,train
114,58,r114_c58,validation
114,59,r114_c59,train
114,60,r114_c60,train
114,61,r114_c61,train
114,62,r114_c62,train
114,63,r114_c63,train
114,64,r114_c64,validation
114,65,r114_c65,validation
114,66,r114_c66,train
114,67,r114_c67,train
114,68,r114_c68,train
114,69,r114_c69,train
114,70,r114_c70,train
114,71,r114_c71,train
114,72,r114_c72,test
114,73,r114_c73,train
114,74,r114_c74,train
114,75,r114_c75,train
114,76,r114_c76,train
114,77,r114_c77,validation
114,78,r114_c78,test
114,79,r114_c79,train
114,80,r114_c80,train
114,81,r114_c81,train
114,82,r114_c82,validation
114,83,r114_c83,train
114,84,r114_c84,train
114,85,r114_c85,test
114,86,r114_c86,train
114,87,r114_c87,train
114,88,r114_c88,train
114,89,r114_c89,validation
114,90,r114_c90,validation
114,91,r114_c91,train
114,92,r114_c92,train
114,93,r114_c93,validation
114,94,r114_c94,train
114,95,r114_c95,train
114,96,r114_c96,train
114,97,r114_c97,train
114,98,r114_c98,train
114,99,r114_c99,train
114,100,r114_c100,train
114,101,r114_c101,train
114,102,r114_c102,train
114,103,r114_c103,train
114,104,r114_c104,train
114,105,r114_c105,train
114,106,r114_c106,train
114,107,r114_c107,train
114,108,r114_c108,train
114,109,r114_c109,train
114,110,r114_c110,test
114,111,r114_c111,train
114,112,r114_c112,train
114,113,r114_c113,test
114,114,r114_c114,train
114,115,r114_c115,validation
114,116,r114_c116,test
114,117,r114_c117,train
114,118,r114_c118,train
114,119,r114_c119,test
114,120,r114_c120,train
114,121,r114_c121,test
114,122,r114_c122,train
114,123,r114_c123,train
114,124,r114_c124,train
114,125,r114_c125,train
114,126,r114_c126,train
114,127,r114_c127,test
114,128,r114_c128,validation
114,129,r114_c129,train
115,1,r115_c1,train
115,2,r115_c2,train
115,3,r115_c3,train
115,4,r115_c4,validation
115,5,r115_c5,train
115,6,r115_c6,train
115,7,r115_c7,test
115,8,r115_c8,train
115,9,r115_c9,train
115,10,r115_c10,train
115,11,r115_c11,validation
115,12,r115_c12,train
115,13,r115_c13,train
115,14,r115_c14,train
115,15,r115_c15,test
115,16,r115_c16,train
115,17,r115_c17,train
115,18,r115_c18,train
115,19,r115_c19,train
115,20,r115_c20,train
115,21,r115_c21,validation
115,22,r115_c22,train
115,23,r115_c23,train
115,24,r115_c24,train
115,25,r115_c25,validation
115,26,r115_c26,train
115,27,r115_c27,test
115,28,r115_c28,test
115,29,r115_c29,train
115,30,r115_c30,train
115,31,r115_c31,train
115,32,r115_c32,train
115,33,r115_c33,train
115,34,r115_c34,train
115,35,r115_c35,train
115,36,r115_c36,train
115,37,r115_c37,validation
115,38,r115_c38,train
115,39,r115_c39,validation
115,40,r115_c40,train
115,41,r115_c41,train
115,42,r115_c42,validation
115,43,r115_c43,train
115,44,r115_c44,train
115,45,r115_c45,train
115,46,r115_c46,train
115,47,r115_c47,test
115,48,r115_c48,train
115,49,r115_c49,validation
115,50,r115_c50,validation
115,51,r115_c51,train
115,52,r115_c52,train
115,53,r115_c53,train
115,54,r115_c54,train
115,55,r115_c55,test
115,56,r115_c56,validation
115,57,r115_c57,train
115,58,r115_c58,train
115,59,r115_c59,train
115,60,r115_c60,train
115,61,r115_c61,train
115,62,r115_c62,validation
115,63,r115_c63,train
115,64,r115_c64,test
115,65,r115_c65,train
115,66,r115_c66,validation
115,67,r115_c67,train
115,68,r115_c68,train
115,69,r115_c69,validation
115,70,r115_c70,train
115,71,r115_c71,validation
115,72,r115_c72,train
115,73,r115_c73,validation
115,74,r115_c74,train
115,75,r115_c75,validation
115,76,r115_c76,train
115,77,r115_c77,validation
115,78,r115_c78,train
115,79,r115_c79,train
115,80,r115_c80,train
115,81,r115_c81,test
115,82,r115_c82,train
115,83,r115_c83,train
115,84,r115_c84,train
115,85,r115_c85,train
115,86,r115_c86,validation
115,87,r115_c87,train
115,88,r115_c88,validation
115,89,r115_c89,train
115,90,r115_c90,train
115,91,r115_c91,train
115,92,r115_c92,train
115,93,r115_c93,test
115,94,r115_c94,train
115,95,r115_c95,validation
115,96,r115_c96,train
115,97,r115_c97,train
115,98,r115_c98,train
115,99,r115_c99,train
115,100,r115_c100,train
115,101,r115_c101,test
115,102,r115_c102,train
115,103,r115_c103,train
115,104,r115_c104,validation
115,105,r115_c105,train
115,106,r115_c106,train
115,107,r115_c107,train
115,108,r115_c108,train
115,109,r115_c109,train
115,110,r115_c110,train
115,111,r115_c111,train
115,112,r115_c112,train
115,113,r115_c113,train
115,114,r115_c114,validation
115,115,r115_c115,train
115,116,r115_c116,train
115,117,r115_c117,validation
115,118,r115_c118,validation
115,119,r115_c119,validation
115,120,r115_c120,test
115,121,r115_c121,test
115,122,r115_c122,test
115,123,r115_c123,train
115,124,r115_c124,train
115,125,r115_c125,train
115,126,r115_c126,train
115,127,r115_c127,train
115,128,r115_c128,train
115,129,r115_c129,train
116,1,r116_c1,test
116,2,r116_c2,train
116,3,r116_c3,train
116,4,r116_c4,train
116,5,r116_c5,test
116,6,r116_c6,train
116,7,r116_c7,train
116,8,r116_c8,train
116,9,r116_c9,train
116,10,r116_c10,train
116,11,r116_c11,validation
116,12,r116_c12,train
116,13,r116_c13,validation
116,14,r116_c14,train
116,15,r116_c15,validation
116,16,r116_c16,train
116,17,r116_c17,train
116,18,r116_c18,train
116,19,r116_c19,train
116,20,r116_c20,train
116,21,r116_c21,train
116,22,r116_c22,validation
116,23,r116_c23,train
116,24,r116_c24,train
116,25,r116_c25,train
116,26,r116_c26,train
116,27,r116_c27,validation
116,28,r116_c28,train
116,29,r116_c29,train
116,30,r116_c30,train
116,31,r116_c31,train
116,32,r116_c32,train
116,33,r116_c33,train
116,34,r116_c34,train
116,35,r116_c35,train
116,36,r116_c36,test
116,37,r116_c37,train
116,38,r116_c38,train
116,39,r116_c39,test
116,40,r116_c40,train
116,41,r116_c41,train
116,42,r116_c42,validation
116,43,r116_c43,train
116,44,r116_c44,train
116,45,r116_c45,train
116,46,r116_c46,train
116,47,r116_c47,test
116,48,r116_c48,train
116,49,r116_c49,test
116,50,r116_c50,train
116,51,r116_c51,train
116,52,r116_c52,train
116,53,r116_c53,train
116,54,r116_c54,train
116,55,r116_c55,validation
116,56,r116_c56,train
116,57,r116_c57,train
116,58,r116_c58,train
116,59,r116_c59,train
116,60,r116_c60,train
116,61,r116_c61,validation
116,62,r116_c62,test
116,63,r116_c63,train
116,64,r116_c64,train
116,65,r116_c65,validation
116,66,r116_c66,validation
116,67,r116_c67,validation
116,68,r116_c68,validation
116,69,r116_c69,train
116,70,r116_c70,train
116,71,r116_c71,test
116,72,r116_c72,validation
116,73,r116_c73,train
116,74,r116_c74,train
116,75,r116_c75,train
116,76,r116_c76,train
116,77,r116_c77,train
116,78,r116_c78,train
116,79,r116_c79,validation
116,80,r116_c80,train
116,81,r116_c81,train
116,82,r116_c82,test
116,83,r116_c83,train
116,84,r116_c84,train
116,85,r116_c85,test
116,86,r116_c86,train
116,87,r116_c87,train
116,88,r116_c88,train
116,89,r116_c89,train
116,90,r116_c90,train
116,91,r116_c91,train
116,92,r116_c92,train
116,93,r116_c93,train
116,94,r116_c94,train
116,95,r116_c95,train
116,96,r116_c96,train
116,97,r116_c97,train
116,98,r116_c98,test
116,99,r116_c99,train
116,100,r116_c100,train
116,101,r116_c101,train
116,102,r116_c102,train
116,103,r116_c103,test
116,104,r116_c104,train
116,105,r116_c105,train
116,106,r116_c106,train
116,107,r116_c107,train
116,108,r116_c108,train
116,109,r116_c109,test
116,110,r116_c110,train
116,111,r116_c111,train
116,112,r116_c112,train
116,113,r116_c113,train
116,114,r116_c114,train
116,115,r116_c115,train
116,116,r116_c116,train
116,117,r116_c117,train
116,118,r116_c118,train
116,119,r116_c119,train
116,120,r116_c120,test
116,121,r116_c121,train
116,122,r116_c122,train
116,123,r116_c123,train
116,124,r116_c124,train
116,125,r116_c125,test
116,126,r116_c126,train
116,127,r116_c127,train
116,128,r116_c128,train
116,129,r116_c129,train
117,1,r117_c1,train
117,2,r117_c2,train
117,3,r117_c3,test
117,4,r117_c4,train
117,5,r117_c5,train
117,6,r117_c6,train
117,7,r117_c7,train
117,8,r117_c8,train
117,9,r117_c9,train
117,10,r117_c10,train
117,11,r117_c11,train
117,12,r117_c12,test
117,13,r117_c13,train
117,14,r117_c14,validation
117,15,r117_c15,train
117,16,r117_c16,train
117,17,r117_c17,train
117,18,r117_c18,validation
117,19,r117_c19,train
117,20,r117_c20,train
117,21,r117_c21,train
117,22,r117_c22,test
117,23,r117_c23,train
117,24,r117_c24,train
117,25,r117_c25,train
117,26,r117_c26,train
117,27,r117_c27,train
117,28,r117_c28,train
117,29,r117_c29,train
117,30,r117_c30,validation
117,31,r117_c31,test
117,32,r117_c32,train
117,33,r117_c33,train
117,34,r117_c34,train
117,35,r117_c35,validation
117,36,r117_c36,train
117,37,r117_c37,train
117,38,r117_c38,train
117,39,r117_c39,train
117,40,r117_c40,test
117,41,r117_c41,train
117,42,r117_c42,validation
117,43,r117_c43,test
117,44,r117_c44,train
117,45,r117_c45,train
117,46,r117_c46,validation
117,47,r117_c47,train
117,48,r117_c48,train
117,49,r117_c49,train
117,50,r117_c50,train
117,51,r117_c51,train
117,52,r117_c52,test
117,53,r117_c53,train
117,54,r117_c54,train
117,55,r117_c55,train
117,56,r117_c56,test
117,57,r117_c57,train
117,58,r117_c58,test
117,59,r117_c59,train
117,60,r117_c60,train
117,61,r117_c61,train
117,62,r117_c62,train
117,63,r117_c63,train
117,64,r117_c64,validation
117,65,r117_c65,test
117,66,r117_c66,train
117,67,r117_c67,validation
117,68,r117_c68,train
117,69,r117_c69,train
117,70,r117_c70,train
117,71,r117_c71,validation
117,72,r117_c72,train
117,73,r117_c73,train
117,74,r117_c74,validation
117,75,r117_c75,test
117,76,r117_c76,test
117,77,r117_c77,train
117,78,r117_c78,train
117,79,r117_c79,validation
117,80,r117_c80,train
117,81,r117_c81,validation
117,82,r117_c82,train
117,83,r117_c83,validation
117,84,r117_c84,train
117,85,r117_c85,validation
117,86,r117_c86,test
117,87,r117_c87,train
117,88,r117_c88,train
117,89,r117_c89,test
117,90,r117_c90,train
117,91,r117_c91,train
117,92,r117_c92,train
117,93,r117_c93,validation
117,94,r117_c94,train
117,95,r117_c95,test
117,96,r117_c96,test
117,97,r117_c97,test
117,98,r117_c98,test
117,99,r117_c99,test
117,100,r117_c100,test
117,101,r117_c101,train
117,102,r117_c102,validation
117,103,r117_c103,train
117,104,r117_c104,train
117,105,r117_c105,test
117,106,r117_c106,validation
117,107,r117_c107,train
117,108,r117_c108,train
117,109,r117_c109,train
117,110,r117_c110,train
117,111,r117_c111,validation
117,112,r117_c112,train
117,113,r117_c113,train
117,114,r117_c114,train
117,115,r117_c115,test
117,116,r117_c116,test
117,117,r117_c117,test
117,118,r117_c118,test
117,119,r117_c119,train
117,120,r117_c120,train
117,121,r117_c121,validation
117,122,r117_c122,test
117,123,r117_c123,train
117,124,r117_c124,train
117,125,r117_c125,test
117,126,r117_c126,train
117,127,r117_c127,train
117,128,r117_c128,train
117,129,r117_c129,train
118,1,r118_c1,train
118,2,r118_c2,train
118,3,r118_c3,train
118,4,r118_c4,train
118,5,r118_c5,train
118,6,r118_c6,train
118,7,r118_c7,validation
118,8,r118_c8,validation
118,9,r118_c9,train
118,10,r118_c10,train
118,11,r118_c11,train
118,12,r118_c12,train
118,13,r118_c13,train
118,14,r118_c14,train
118,15,r118_c15,train
118,16,r118_c16,train
118,17,r118_c17,validation
118,18,r118_c18,train
118,19,r118_c19,train
118,20,r118_c20,train
118,21,r118_c21,train
118,22,r118_c22,validation
118,23,r118_c23,train
118,24,r118_c24,validation
118,25,r118_c25,train
118,26,r118_c26,train
118,27,r118_c27,train
118,28,r118_c28,test
118,29,r118_c29,train
118,30,r118_c30,test
118,31,r118_c31,validation
118,32,r118_c32,train
118,33,r118_c33,validation
118,34,r118_c34,validation
118,35,r118_c35,train
118,36,r118_c36,train
118,37,r118_c37,train
118,38,r118_c38,train
118,39,r118_c39,train
118,40,r118_c40,train
118,41,r118_c41,train
118,42,r118_c42,train
118,43,r118_c43,train
118,44,r118_c44,train
118,45,r118_c45,test
118,46,r118_c46,train
118,47,r118_c47,train
118,48,r118_c48,validation
118,49,r118_c49,train
118,50,r118_c50,validation
118,51,r118_c51,train
118,52,r118_c52,train
118,53,r118_c53,train
118,54,r118_c54,validation
118,55,r118_c55,train
118,56,r118_c56,test
118,57,r118_c57,train
118,58,r118_c58,train
118,59,r118_c59,test
118,60,r118_c60,train
118,61,r118_c61,train
118,62,r118_c62,train
118,63,r118_c63,test
118,64,r118_c64,train
118,65,r118_c65,test
118,66,r118_c66,test
118,67,r118_c67,validation
118,68,r118_c68,train
118,69,r118_c69,train
118,70,r118_c70,train
118,71,r118_c71,validation
118,72,r118_c72,train
118,73,r118_c73,train
118,74,r118_c74,validation
118,75,r118_c75,train
118,76,r118_c76,test
118,77,r118_c77,train
118,78,r118_c78,train
118,79,r118_c79,train
118,80,r118_c80,train
118,81,r118_c81,validation
118,82,r118_c82,validation
118,83,r118_c83,train
118,84,r118_c84,train
118,85,r118_c85,test
118,86,r118_c86,train
118,87,r118_c87,test
118,88,r118_c88,test
118,89,r118_c89,validation
118,90,r118_c90,train
118,91,r118_c91,train
118,92,r118_c92,test
118,93,r118_c93,validation
118,94,r118_c94,test
118,95,r118_c95,test
118,96,r118_c96,train
118,97,r118_c97,train
118,98,r118_c98,train
118,99,r118_c99,train
118,100,r118_c100,train
118,101,r118_c101,train
118,102,r118_c102,train
118,103,r118_c103,train
118,104,r118_c104,train
118,105,r118_c105,train
118,106,r118_c106,train
118,107,r118_c107,test
118,108,r118_c108,test
118,109,r118_c109,validation
118,110,r118_c110,train
118,111,r118_c111,test
118,112,r118_c112,test
118,113,r118_c113,train
118,114,r118_c114,train
118,115,r118_c115,train
118,116,r118_c116,train
118,117,r118_c117,validation
118,118,r118_c118,train
118,119,r118_c119,train
118,120,r118_c120,test
118,121,r118_c121,validation
118,122,r118_c122,train
118,123,r118_c123,train
118,124,r118_c124,train
118,125,r118_c125,train
118,126,r118_c126,train
118,127,r118_c127,test
118,128,r118_c128,train
118,129,r118_c129,train
119,1,r119_c1,train
119,2,r119_c2,validation
119,3,r119_c3,train
119,4,r119_c4,train
119,5,r119_c5,train
119,6,r119_c6,train
119,7,r119_c7,test
119,8,r119_c8,train
119,9,r119_c9,train
119,10,r119_c10,train
119,11,r119_c11,train
119,12,r119_c12,train
119,13,r119_c13,test
119,14,r119_c14,test
119,15,r119_c15,test
119,16,r119_c16,train
119,17,r119_c17,train
119,18,r119_c18,validation
119,19,r119_c19,validation
119,20,r119_c20,train
119,21,r119_c21,validation
119,22,r119_c22,train
119,23,r119_c23,train
119,24,r119_c24,train
119,25,r119_c25,test
119,26,r119_c26,train
119,27,r119_c27,train
119,28,r119_c28,validation
119,29,r119_c29,train
119,30,r119_c30,train
119,31,r119_c31,train
119,32,r119_c32,train
119,33,r119_c33,train
119,34,r119_c34,test
119,35,r119_c35,train
119,36,r119_c36,train
119,37,r119_c37,train
119,38,r119_c38,validation
119,39,r119_c39,train
119,40,r119_c40,train
119,41,r119_c41,train
119,42,r119_c42,train
119,43,r119_c43,train
119,44,r119_c44,train
119,45,r119_c45,train
119,46,r119_c46,train
119,47,r119_c47,test
119,48,r119_c48,train
119,49,r119_c49,validation
119,50,r119_c50,test
119,51,r119_c51,validation
119,52,r119_c52,validation
119,53,r119_c53,validation
119,54,r119_c54,train
119,55,r119_c55,validation
119,56,r119_c56,train
119,57,r119_c57,test
119,58,r119_c58,train
119,59,r119_c59,train
119,60,r119_c60,train
119,61,r119_c61,train
119,62,r119_c62,train
119,63,r119_c63,train
119,64,r119_c64,train
119,65,r119_c65,validation
119,66,r119_c66,test
119,67,r119_c67,train
119,68,r119_c68,validation
119,69,r119_c69,train
119,70,r119_c70,train
119,71,r119_c71,train
119,72,r119_c72,validation
119,73,r119_c73,train
119,74,r119_c74,test
119,75,r119_c75,train
119,76,r119_c76,train
119,77,r119_c77,train
119,78,r119_c78,train
119,79,r119_c79,test
119,80,r119_c80,train
119,81,r119_c81,train
119,82,r119_c82,train
119,83,r119_c83,train
119,84,r119_c84,train
119,85,r119_c85,train
119,86,r119_c86,validation
119,87,r119_c87,train
119,88,r119_c88,train
119,89,r119_c89,train
119,90,r119_c90,train
119,91,r119_c91,validation
119,92,r119_c92,train
119,93,r119_c93,test
119,94,r119_c94,test
119,95,r119_c95,validation
119,96,r119_c96,train
119,97,r119_c97,validation
119,98,r119_c98,train
119,99,r119_c99,test
119,100,r119_c100,train
119,101,r119_c101,train
119,102,r119_c102,train
119,103,r119_c103,train
119,104,r119_c104,test
119,105,r119_c105,train
119,106,r119_c106,train
119,107,r119_c107,train
119,108,r119_c108,train
119,109,r119_c109,train
119,110,r119_c110,validation
119,111,r119_c111,train
119,112,r119_c112,test
119,113,r119_c113,train
119,114,r119_c114,train
119,115,r119_c115,train
119,116,r119_c116,validation
119,117,r119_c117,train
119,118,r119_c118,train
119,119,r119_c119,validation
119,120,r119_c120,train
119,121,r119_c121,validation
119,122,r119_c122,train
119,123,r119_c123,train
119,124,r119_c124,train
119,125,r119_c125,train
119,126,r119_c126,test
119,127,r119_c127,train
119,128,r119_c128,train
119,129,r119_c129,train
120,1,r120_c1,train
120,2,r120_c2,validation
120,3,r120_c3,validation
120,4,r120_c4,train
120,5,r120_c5,train
120,6,r120_c6,test
120,7,r120_c7,train
120,8,r120_c8,train
120,9,r120_c9,validation
120,10,r120_c10,train
120,11,r120_c11,train
120,12,r120_c12,train
120,13,r120_c13,train
120,14,r120_c14,train
120,15,r120_c15,validation
120,16,r120_c16,validation
120,17,r120_c17,train
120,18,r120_c18,test
120,19,r120_c19,train
120,20,r120_c20,train
120,21,r120_c21,train
120,22,r120_c22,train
120,23,r120_c23,train
120,24,r120_c24,train
120,25,r120_c25,train
120,26,r120_c26,validation
120,27,r120_c27,validation
120,28,r120_c28,train
120,29,r120_c29,train
120,30,r120_c30,train
120,31,r120_c31,train
120,32,r120_c32,test
120,33,r120_c33,validation
120,34,r120_c34,test
120,35,r120_c35,validation
120,36,r120_c36,train
120,37,r120_c37,train
120,38,r120_c38,train
120,39,r120_c39,train
120,40,r120_c40,validation
120,41,r120_c41,train
120,42,r120_c42,train
120,43,r120_c43,train
120,44,r120_c44,train
120,45,r120_c45,train
120,46,r120_c46,train
120,47,r120_c47,train
120,48,r120_c48,validation
120,49,r120_c49,train
120,50,r120_c50,train
120,51,r120_c51,train
120,52,r120_c52,train
120,53,r120_c53,test
120,54,r120_c54,train
120,55,r120_c55,train
120,56,r120_c56,train
120,57,r120_c57,train
120,58,r120_c58,train
120,59,r120_c59,train
120,60,r120_c60,train
120,61,r120_c61,train
120,62,r120_c62,train
120,63,r120_c63,train
120,64,r120_c64,train
120,65,r120_c65,test
120,66,r120_c66,train
120,67,r120_c67,train
120,68,r120_c68,train
120,69,r120_c69,test
120,70,r120_c70,train
120,71,r120_c71,train
120,72,r120_c72,train
120,73,r120_c73,test
120,74,r120_c74,train
120,75,r120_c75,test
120,76,r120_c76,train
120,77,r120_c77,train
120,78,r120_c78,train
120,79,r120_c79,train
120,80,r120_c80,train
120,81,r120_c81,validation
120,82,r120_c82,train
120,83,r120_c83,validation
120,84,r120_c84,train
120,85,r120_c85,test
120,86,r120_c86,train
120,87,r120_c87,train
120,88,r120_c88,train
120,89,r120_c89,train
120,90,r120_c90,test
120,91,r120_c91,train
120,92,r120_c92,validation
120,93,r120_c93,train
120,94,r120_c94,train
120,95,r120_c95,train
120,96,r120_c96,test
120,97,r120_c97,train
120,98,r120_c98,train
120,99,r120_c99,train
120,100,r120_c100,train
120,101,r120_c101,train
120,102,r120_c102,train
120,103,r120_c103,train
120,104,r120_c104,train
120,105,r120_c105,train
120,106,r120_c106,train
120,107,r120_c107,test
120,108,r120_c108,train
120,109,r120_c109,test
120,110,r120_c110,test
120,111,r120_c111,validation
120,112,r120_c112,validation
120,113,r120_c113,train
120,114,r120_c114,train
120,115,r120_c115,validation
120,116,r120_c116,validation
120,117,r120_c117,train
120,118,r120_c118,test
120,119,r120_c119,train
120,120,r120_c120,train
120,121,r120_c121,validation
120,122,r120_c122,train
120,123,r120_c123,train
120,124,r120_c124,train
120,125,r120_c125,train
120,126,r120_c126,test
120,127,r120_c127,train
120,128,r120_c128,validation
120,129,r120_c129,train
121,1,r121_c1,test
121,2,r121_c2,train
121,3,r121_c3,train
121,4,r121_c4,test
121,5,r121_c5,validation
121,6,r121_c6,train
121,7,r121_c7,train
121,8,r121_c8,train
121,9,r121_c9,train
121,10,r121_c10,train
121,11,r121_c11,train
121,12,r121_c12,train
121,13,r121_c13,train
121,14,r121_c14,train
121,15,r121_c15,test
121,16,r121_c16,validation
121,17,r121_c17,test
121,18,r121_c18,train
121,19,r121_c19,train
121,20,r121_c20,validation
121,21,r121_c21,test
121,22,r121_c22,train
121,23,r121_c23,test
121,24,r121_c24,test
121,25,r121_c25,test
121,26,r121_c26,train
121,27,r121_c27,test
121,28,r121_c28,train
121,29,r121_c29,test
121,30,r121_c30,train
121,31,r121_c31,train
121,32,r121_c32,train
121,33,r121_c33,validation
121,34,r121_c34,test
121,35,r121_c35,train
121,36,r121_c36,train
121,37,r121_c37,test
121,38,r121_c38,train
121,39,r121_c39,train
121,40,r121_c40,train
121,41,r121_c41,train
121,42,r121_c42,train
121,43,r121_c43,train
121,44,r121_c44,test
121,45,r121_c45,validation
121,46,r121_c46,train
121,47,r121_c47,train
121,48,r121_c48,validation
121,49,r121_c49,train
121,50,r121_c50,train
121,51,r121_c51,train
121,52,r121_c52,test
121,53,r121_c53,validation
121,54,r121_c54,train
121,55,r121_c55,train
121,56,r121_c56,train
121,57,r121_c57,train
121,58,r121_c58,validation
121,59,r121_c59,train
121,60,r121_c60,train
121,61,r121_c61,test
121,62,r121_c62,train
121,63,r121_c63,test
121,64,r121_c64,train
121,65,r121_c65,test
121,66,r121_c66,train
121,67,r121_c67,validation
121,68,r121_c68,test
121,69,r121_c69,train
121,70,r121_c70,train
121,71,r121_c71,train
121,72,r121_c72,train
121,73,r121_c73,test
121,74,r121_c74,train
121,75,r121_c75,validation
121,76,r121_c76,train
121,77,r121_c77,train
121,78,r121_c78,train
121,79,r121_c79,train
121,80,r121_c80,train
121,81,r121_c81,train
121,82,r121_c82,train
121,83,r121_c83,train
121,84,r121_c84,train
121,85,r121_c85,train
121,86,r121_c86,train
121,87,r121_c87,validation
121,88,r121_c88,train
121,89,r121_c89,train
121,90,r121_c90,validation
121,91,r121_c91,test
121,92,r121_c92,train
121,93,r121_c93,train
121,94,r121_c94,train
121,95,r121_c95,train
121,96,r121_c96,validation
121,97,r121_c97,test
121,98,r121_c98,train
121,99,r121_c99,train
121,100,r121_c100,test
121,101,r121_c101,validation
121,102,r121_c102,train
121,103,r121_c103,train
121,104,r121_c104,test
121,105,r121_c105,validation
121,106,r121_c106,train
121,107,r121_c107,validation
121,108,r121_c108,train
121,109,r121_c109,train
121,110,r121_c110,test
121,111,r121_c111,train
121,112,r121_c112,test
121,113,r121_c113,train
121,114,r121_c114,test
121,115,r121_c115,train
121,116,r121_c116,train
121,117,r121_c117,train
121,118,r121_c118,train
121,119,r121_c119,train
121,120,r121_c120,train
121,121,r121_c121,train
121,122,r121_c122,train
121,123,r121_c123,train
121,124,r121_c124,test
121,125,r121_c125,train
121,126,r121_c126,train
121,127,r121_c127,train
121,128,r121_c128,test
121,129,r121_c129,train
122,1,r122_c1,train
122,2,r122_c2,train
122,3,r122_c3,train
122,4,r122_c4,train
122,5,r122_c5,train
122,6,r122_c6,train
122,7,r122_c7,train
122,8,r122_c8,train
122,9,r122_c9,train
122,10,r122_c10,validation
122,11,r122_c11,train
122,12,r122_c12,train
122,13,r122_c13,test
122,14,r122_c14,validation
122,15,r122_c15,test
122,16,r122_c16,train
122,17,r122_c17,test
122,18,r122_c18,test
122,19,r122_c19,train
122,20,r122_c20,test
122,21,r122_c21,train
122,22,r122_c22,train
122,23,r122_c23,train
122,24,r122_c24,train
122,25,r122_c25,train
122,26,r122_c26,train
122,27,r122_c27,validation
122,28,r122_c28,validation
122,29,r122_c29,train
122,30,r122_c30,train
122,31,r122_c31,test
122,32,r122_c32,train
122,33,r122_c33,train
122,34,r122_c34,train
122,35,r122_c35,train
122,36,r122_c36,train
122,37,r122_c37,test
122,38,r122_c38,train
122,39,r122_c39,test
122,40,r122_c40,validation
122,41,r122_c41,train
122,42,r122_c42,train
122,43,r122_c43,validation
122,44,r122_c44,validation
122,45,r122_c45,train
122,46,r122_c46,train
122,47,r122_c47,train
122,48,r122_c48,validation
122,49,r122_c49,train
122,50,r122_c50,train
122,51,r122_c51,train
122,52,r122_c52,train
122,53,r122_c53,test
122,54,r122_c54,train
122,55,r122_c55,train
122,56,r122_c56,train
122,57,r122_c57,train
122,58,r122_c58,train
122,59,r122_c59,train
122,60,r122_c60,train
122,61,r122_c61,train
122,62,r122_c62,train
122,63,r122_c63,train
122,64,r122_c64,train
122,65,r122_c65,train
122,66,r122_c66,test
122,67,r122_c67,train
122,68,r122_c68,train
122,69,r122_c69,train
122,70,r122_c70,train
122,71,r122_c71,train
122,72,r122_c72,validation
122,73,r122_c73,train
122,74,r122_c74,train
122,75,r122_c75,test
122,76,r122_c76,validation
122,77,r122_c77,train
122,78,r122_c78,validation
122,79,r122_c79,train
122,80,r122_c80,train
122,81,r122_c81,train
122,82,r122_c82,train
122,83,r122_c83,train
122,84,r122_c84,train
122,85,r122_c85,train
122,86,r122_c86,validation
122,87,r122_c87,train
122,88,r122_c88,train
122,89,r122_c89,train
122,90,r122_c90,train
122,91,r122_c91,train
122,92,r122_c92,train
122,93,r122_c93,train
122,94,r122_c94,train
122,95,r122_c95,train
122,96,r122_c96,validation
122,97,r122_c97,test
122,98,r122_c98,train
122,99,r122_c99,train
122,100,r122_c100,train
122,101,r122_c101,train
122,102,r122_c102,train
122,103,r122_c103,train
122,104,r122_c104,train
122,105,r122_c105,validation
122,106,r122_c106,test
122,107,r122_c107,test
122,108,r122_c108,train
122,109,r122_c109,validation
122,110,r122_c110,validation
122,111,r122_c111,validation
122,112,r122_c112,test
122,113,r122_c113,train
122,114,r122_c114,test
122,115,r122_c115,train
122,116,r122_c116,validation
122,117,r122_c117,train
122,118,r122_c118,validation
122,119,r122_c119,train
122,120,r122_c120,train
122,121,r122_c121,train
122,122,r122_c122,validation
122,123,r122_c123,train
122,124,r122_c124,train
122,125,r122_c125,test
122,126,r122_c126,train
122,127,r122_c127,train
122,128,r122_c128,test
122,129,r122_c129,train
123,1,r123_c1,train
123,2,r123_c2,train
123,3,r123_c3,train
123,4,r123_c4,test
123,5,r123_c5,train
123,6,r123_c6,validation
123,7,r123_c7,train
123,8,r123_c8,train
123,9,r123_c9,validation
123,10,r123_c10,test
123,11,r123_c11,train
123,12,r123_c12,train
123,13,r123_c13,train
123,14,r123_c14,test
123,15,r123_c15,train
123,16,r123_c16,train
123,17,r123_c17,train
123,18,r123_c18,test
123,19,r123_c19,train
123,20,r123_c20,validation
123,21,r123_c21,train
123,22,r123_c22,train
123,23,r123_c23,train
123,24,r123_c24,validation
123,25,r123_c25,validation
123,26,r123_c26,test
123,27,r123_c27,test
123,28,r123_c28,train
123,29,r123_c29,train
123,30,r123_c30,train
123,31,r123_c31,validation
123,32,r123_c32,train
123,33,r123_c33,train
123,34,r123_c34,train
123,35,r123_c35,train
123,36,r123_c36,train
123,37,r123_c37,train
123,38,r123_c38,train
123,39,r123_c39,train
123,40,r123_c40,train
123,41,r123_c41,train
123,42,r123_c42,validation
123,43,r123_c43,validation
123,44,r123_c44,train
123,45,r123_c45,validation
123,46,r123_c46,train
123,47,r123_c47,validation
123,48,r123_c48,test
123,49,r123_c49,test
123,50,r123_c50,train
123,51,r123_c51,train
123,52,r123_c52,train
123,53,r123_c53,train
123,54,r123_c54,validation
123,55,r123_c55,test
123,56,r123_c56,train
123,57,r123_c57,test
123,58,r123_c58,train
123,59,r123_c59,train
123,60,r123_c60,test
123,61,r123_c61,train
123,62,r123_c62,train
123,63,r123_c63,train
123,64,r123_c64,train
123,65,r123_c65,validation
123,66,r123_c66,test
123,67,r123_c67,validation
123,68,r123_c68,train
123,69,r123_c69,train
123,70,r123_c70,train
123,71,r123_c71,train
123,72,r123_c72,validation
123,73,r123_c73,train
123,74,r123_c74,train
123,75,r123_c75,train
123,76,r123_c76,train
123,77,r123_c77,train
123,78,r123_c78,train
123,79,r123_c79,validation
123,80,r123_c80,validation
123,81,r123_c81,train
123,82,r123_c82,train
123,83,r123_c83,train
123,84,r123_c84,test
123,85,r123_c85,train
123,86,r123_c86,train
123,87,r123_c87,train
123,88,r123_c88,train
123,89,r123_c89,test
123,90,r123_c90,validation
123,91,r123_c91,validation
123,92,r123_c92,train
123,93,r123_c93,train
123,94,r123_c94,validation
123,95,r123_c95,train
123,96,r123_c96,train
123,97,r123_c97,train
123,98,r123_c98,train
123,99,r123_c99,train
123,100,r123_c100,train
123,101,r123_c101,train
123,102,r123_c102,validation
123,103,r123_c103,test
123,104,r123_c104,train
123,105,r123_c105,test
123,106,r123_c106,train
123,107,r123_c107,train
123,108,r123_c108,test
123,109,r123_c109,test
123,110,r123_c110,validation
123,111,r123_c111,train
123,112,r123_c112,train
123,113,r123_c113,validation
123,114,r123_c114,train
123,115,r123_c115,train
123,116,r123_c116,train
123,117,r123_c117,test
123,118,r123_c118,train
123,119,r123_c119,train
123,120,r123_c120,train
123,121,r123_c121,train
123,122,r123_c122,train
123,123,r123_c123,train
123,124,r123_c124,train
123,125,r123_c125,train
123,126,r123_c126,train
123,127,r123_c127,train
123,128,r123_c128,train
123,129,r123_c129,train
124,1,r124_c1,train
124,2,r124_c2,train
124,3,r124_c3,train
124,4,r124_c4,train
124,5,r124_c5,validation
124,6,r124_c6,train
124,7,r124_c7,test
124,8,r124_c8,train
124,9,r124_c9,validation
124,10,r124_c10,train
124,11,r124_c11,train
124,12,r124_c12,train
124,13,r124_c13,train
124,14,r124_c14,validation
124,15,r124_c15,train
124,16,r124_c16,train
124,17,r124_c17,test
124,18,r124_c18,train
124,19,r124_c19,test
124,20,r124_c20,train
124,21,r124_c21,train
124,22,r124_c22,test
124,23,r124_c23,train
124,24,r124_c24,train
124,25,r124_c25,validation
124,26,r124_c26,train
124,27,r124_c27,train
124,28,r124_c28,train
124,29,r124_c29,train
124,30,r124_c30,test
124,31,r124_c31,test
124,32,r124_c32,validation
124,33,r124_c33,test
124,34,r124_c34,test
124,35,r124_c35,train
124,36,r124_c36,train
124,37,r124_c37,train
124,38,r124_c38,test
124,39,r124_c39,train
124,40,r124_c40,validation
124,41,r124_c41,validation
124,42,r124_c42,test
124,43,r124_c43,test
124,44,r124_c44,train
124,45,r124_c45,train
124,46,r124_c46,train
124,47,r124_c47,train
124,48,r124_c48,train
124,49,r124_c49,train
124,50,r124_c50,train
124,51,r124_c51,train
124,52,r124_c52,train
124,53,r124_c53,train
124,54,r124_c54,train
124,55,r124_c55,train
124,56,r124_c56,train
124,57,r124_c57,test
124,58,r124_c58,train
124,59,r124_c59,train
124,60,r124_c60,train
124,61,r124_c61,train
124,62,r124_c62,train
124,63,r124_c63,train
124,64,r124_c64,train
124,65,r124_c65,train
124,66,r124_c66,train
124,67,r124_c67,train
124,68,r124_c68,validation
124,69,r124_c69,train
124,70,r124_c70,train
124,71,r124_c71,train
124,72,r124_c72,train
124,73,r124_c73,train
124,74,r124_c74,train
124,75,r124_c75,train
124,76,r124_c76,train
124,77,r124_c77,train
124,78,r124_c78,train
124,79,r124_c79,train
124,80,r124_c80,train
124,81,r124_c81,validation
124,82,r124_c82,validation
124,83,r124_c83,train
124,84,r124_c84,train
124,85,r124_c85,train
124,86,r124_c86,validation
124,87,r124_c87,validation
124,88,r124_c88,train
124,89,r124_c89,train
124,90,r124_c90,test
124,91,r124_c91,validation
124,92,r124_c92,train
124,93,r124_c93,train
124,94,r124_c94,train
124,95,r124_c95,validation
124,96,r124_c96,test
124,97,r124_c97,train
124,98,r124_c98,train
124,99,r124_c99,train
124,100,r124_c100,test
124,101,r124_c101,validation
124,102,r124_c102,train
124,103,r124_c103,train
124,104,r124_c104,train
124,105,r124_c105,train
124,106,r124_c106,train
124,107,r124_c107,train
124,108,r124_c108,train
124,109,r124_c109,test
124,110,r124_c110,train
124,111,r124_c111,test
124,112,r124_c112,train
124,113,r124_c113,validation
124,114,r124_c114,validation
124,115,r124_c115,train
124,116,r124_c116,test
124,117,r124_c117,validation
124,118,r124_c118,train
124,119,r124_c119,train
124,120,r124_c120,train
124,121,r124_c121,train
124,122,r124_c122,train
124,123,r124_c123,train
124,124,r124_c124,train
124,125,r124_c125,train
124,126,r124_c126,train
124,127,r124_c127,train
124,128,r124_c128,train
124,129,r124_c129,train
125,1,r125_c1,train
125,2,r125_c2,train
125,3,r125_c3,train
125,4,r125_c4,train
125,5,r125_c5,train
125,6,r125_c6,train
125,7,r125_c7,train
125,8,r125_c8,train
125,9,r125_c9,train
125,10,r125_c10,validation
125,11,r125_c11,train
125,12,r125_c12,train
125,13,r125_c13,train
125,14,r125_c14,train
125,15,r125_c15,train
125,16,r125_c16,train
125,17,r125_c17,train
125,18,r125_c18,train
125,19,r125_c19,train
125,20,r125_c20,train
125,21,r125_c21,train
125,22,r125_c22,train
125,23,r125_c23,train
125,24,r125_c24,train
125,25,r125_c25,train
125,26,r125_c26,train
125,27,r125_c27,train
125,28,r125_c28,test
125,29,r125_c29,test
125,30,r125_c30,train
125,31,r125_c31,train
125,32,r125_c32,train
125,33,r125_c33,train
125,34,r125_c34,train
125,35,r125_c35,train
125,36,r125_c36,train
125,37,r125_c37,test
125,38,r125_c38,validation
125,39,r125_c39,train
125,40,r125_c40,train
125,41,r125_c41,train
125,42,r125_c42,validation
125,43,r125_c43,test
125,44,r125_c44,test
125,45,r125_c45,train
125,46,r125_c46,train
125,47,r125_c47,train
125,48,r125_c48,train
125,49,r125_c49,train
125,50,r125_c50,train
125,51,r125_c51,validation
125,52,r125_c52,validation
125,53,r125_c53,train
125,54,r125_c54,train
125,55,r125_c55,train
125,56,r125_c56,test
125,57,r125_c57,train
125,58,r125_c58,train
125,59,r125_c59,test
125,60,r125_c60,train
125,61,r125_c61,validation
125,62,r125_c62,train
125,63,r125_c63,train
125,64,r125_c64,train
125,65,r125_c65,train
125,66,r125_c66,train
125,67,r125_c67,train
125,68,r125_c68,train
125,69,r125_c69,train
125,70,r125_c70,validation
125,71,r125_c71,train
125,72,r125_c72,validation
125,73,r125_c73,validation
125,74,r125_c74,validation
125,75,r125_c75,test
125,76,r125_c76,test
125,77,r125_c77,train
125,78,r125_c78,validation
125,79,r125_c79,train
125,80,r125_c80,test
125,81,r125_c81,train
125,82,r125_c82,train
125,83,r125_c83,validation
125,84,r125_c84,train
125,85,r125_c85,train
125,86,r125_c86,train
125,87,r125_c87,train
125,88,r125_c88,train
125,89,r125_c89,train
125,90,r125_c90,train
125,91,r125_c91,train
125,92,r125_c92,train
125,93,r125_c93,validation
125,94,r125_c94,train
125,95,r125_c95,train
125,96,r125_c96,train
125,97,r125_c97,train
125,98,r125_c98,train
125,99,r125_c99,train
125,100,r125_c100,test
125,101,r125_c101,train
125,102,r125_c102,train
125,103,r125_c103,train
125,104,r125_c104,train
125,105,r125_c105,train
125,106,r125_c106,train
125,107,r125_c107,test
125,108,r125_c108,train
125,109,r125_c109,validation
125,110,r125_c110,validation
125,111,r125_c111,train
125,112,r125_c112,train
125,113,r125_c113,train
125,114,r125_c114,train
125,115,r125_c115,train
125,116,r125_c116,test
125,117,r125_c117,train
125,118,r125_c118,train
125,119,r125_c119,validation
125,120,r125_c120,train
125,121,r125_c121,train
125,122,r125_c122,train
125,123,r125_c123,test
125,124,r125_c124,train
125,125,r125_c125,test
125,126,r125_c126,train
125,127,r125_c127,validation
125,128,r125_c128,test
125,129,r125_c129,train
126,1,r126_c1,train
126,2,r126_c2,test
126,3,r126_c3,validation
126,4,r126_c4,train
126,5,r126_c5,train
126,6,r126_c6,train
126,7,r126_c7,test
126,8,r126_c8,train
126,9,r126_c9,train
126,10,r126_c10,train
126,11,r126_c11,validation
126,12,r126_c12,train
126,13,r126_c13,train
126,14,r126_c14,train
126,15,r126_c15,train
126,16,r126_c16,validation
126,17,r126_c17,train
126,18,r126_c18,validation
126,19,r126_c19,train
126,20,r126_c20,train
126,21,r126_c21,validation
126,22,r126_c22,train
126,23,r126_c23,train
126,24,r126_c24,train
126,25,r126_c25,train
126,26,r126_c26,test
126,27,r126_c27,train
126,28,r126_c28,validation
126,29,r126_c29,train
126,30,r126_c30,train
126,31,r126_c31,train
126,32,r126_c32,train
126,33,r126_c33,train
126,34,r126_c34,train
126,35,r126_c35,train
126,36,r126_c36,train
126,37,r126_c37,train
126,38,r126_c38,train
126,39,r126_c39,test
126,40,r126_c40,validation
126,41,r126_c41,validation
126,42,r126_c42,validation
126,43,r126_c43,test
126,44,r126_c44,train
126,45,r126_c45,train
126,46,r126_c46,train
126,47,r126_c47,test
126,48,r126_c48,train
126,49,r126_c49,test
126,50,r126_c50,train
126,51,r126_c51,train
126,52,r126_c52,train
126,53,r126_c53,train
126,54,r126_c54,validation
126,55,r126_c55,train
126,56,r126_c56,train
126,57,r126_c57,train
126,58,r126_c58,test
126,59,r126_c59,train
126,60,r126_c60,train
126,61,r126_c61,train
126,62,r126_c62,test
126,63,r126_c63,train
126,64,r126_c64,train
126,65,r126_c65,train
126,66,r126_c66,validation
126,67,r126_c67,train
126,68,r126_c68,train
126,69,r126_c69,validation
126,70,r126_c70,train
126,71,r126_c71,train
126,72,r126_c72,validation
126,73,r126_c73,validation
126,74,r126_c74,test
126,75,r126_c75,train
126,76,r126_c76,test
126,77,r126_c77,test
126,78,r126_c78,validation
126,79,r126_c79,train
126,80,r126_c80,validation
126,81,r126_c81,train
126,82,r126_c82,train
126,83,r126_c83,train
126,84,r126_c84,train
126,85,r126_c85,test
126,86,r126_c86,train
126,87,r126_c87,test
126,88,r126_c88,train
126,89,r126_c89,test
126,90,r126_c90,train
126,91,r126_c91,train
126,92,r126_c92,train
126,93,r126_c93,validation
126,94,r126_c94,train
126,95,r126_c95,test
126,96,r126_c96,train
126,97,r126_c97,train
126,98,r126_c98,train
126,99,r126_c99,test
126,100,r126_c100,train
126,101,r126_c101,train
126,102,r126_c102,train
126,103,r126_c103,train
126,104,r126_c104,train
126,105,r126_c105,train
126,106,r126_c106,train
126,107,r126_c107,test
126,108,r126_c108,train
126,109,r126_c109,train
126,110,r126_c110,train
126,111,r126_c111,validation
126,112,r126_c112,validation
126,113,r126_c113,train
126,114,r126_c114,train
126,115,r126_c115,train
126,116,r126_c116,train
126,117,r126_c117,train
126,118,r126_c118,test
126,119,r126_c119,train
126,120,r126_c120,train
126,121,r126_c121,train
126,122,r126_c122,test
126,123,r126_c123,validation
126,124,r126_c124,train
126,125,r126_c125,train
126,126,r126_c126,train
126,127,r126_c127,train
126,128,r126_c128,train
126,129,r126_c129,train
127,1,r127_c1,train
127,2,r127_c2,train
127,3,r127_c3,train
127,4,r127_c4,train
127,5,r127_c5,train
127,6,r127_c6,train
127,7,r127_c7,train
127,8,r127_c8,test
127,9,r127_c9,train
127,10,r127_c10,validation
127,11,r127_c11,train
127,12,r127_c12,train
127,13,r127_c13,train
127,14,r127_c14,test
127,15,r127_c15,train
127,16,r127_c16,train
127,17,r127_c17,train
127,18,r127_c18,train
127,19,r127_c19,validation
127,20,r127_c20,train
127,21,r127_c21,train
127,22,r127_c22,train
127,23,r127_c23,test
127,24,r127_c24,train
127,25,r127_c25,validation
127,26,r127_c26,train
127,27,r127_c27,test
127,28,r127_c28,train
127,29,r127_c29,train
127,30,r127_c30,test
127,31,r127_c31,test
127,32,r127_c32,validation
127,33,r127_c33,train
127,34,r127_c34,train
127,35,r127_c35,validation
127,36,r127_c36,train
127,37,r127_c37,test
127,38,r127_c38,train
127,39,r127_c39,train
127,40,r127_c40,train
127,41,r127_c41,validation
127,42,r127_c42,train
127,43,r127_c43,train
127,44,r127_c44,test
127,45,r127_c45,train
127,46,r127_c46,test
127,47,r127_c47,train
127,48,r127_c48,train
127,49,r127_c49,train
127,50,r127_c50,train
127,51,r127_c51,train
127,52,r127_c52,train
127,53,r127_c53,train
127,54,r127_c54,test
127,55,r127_c55,test
127,56,r127_c56,train
127,57,r127_c57,train
127,58,r127_c58,train
127,59,r127_c59,train
127,60,r127_c60,validation
127,61,r127_c61,test
127,62,r127_c62,train
127,63,r127_c63,train
127,64,r127_c64,train
127,65,r127_c65,train
127,66,r127_c66,train
127,67,r127_c67,train
127,68,r127_c68,train
127,69,r127_c69,train
127,70,r127_c70,test
127,71,r127_c71,train
127,72,r127_c72,validation
127,73,r127_c73,train
127,74,r127_c74,train
127,75,r127_c75,train
127,76,r127_c76,train
127,77,r127_c77,train
127,78,r127_c78,train
127,79,r127_c79,train
127,80,r127_c80,validation
127,81,r127_c81,train
127,82,r127_c82,train
127,83,r127_c83,validation
127,84,r127_c84,train
127,85,r127_c85,train
127,86,r127_c86,train
127,87,r127_c87,validation
127,88,r127_c88,train
127,89,r127_c89,train
127,90,r127_c90,train
127,91,r127_c91,train
127,92,r127_c92,validation
127,93,r127_c93,train
127,94,r127_c94,validation
127,95,r127_c95,test
127,96,r127_c96,test
127,97,r127_c97,train
127,98,r127_c98,train
127,99,r127_c99,test
127,100,r127_c100,train
127,101,r127_c101,test
127,102,r127_c102,train
127,103,r127_c103,train
127,104,r127_c104,train
127,105,r127_c105,train
127,106,r127_c106,train
127,107,r127_c107,train
127,108,r127_c108,train
127,109,r127_c109,train
127,110,r127_c110,test
127,111,r127_c111,train
127,112,r127_c112,train
127,113,r127_c113,train
127,114,r127_c114,test
127,115,r127_c115,train
127,116,r127_c116,train
127,117,r127_c117,train
127,118,r127_c118,train
127,119,r127_c119,test
127,120,r127_c120,validation
127,121,r127_c121,train
127,122,r127_c122,train
127,123,r127_c123,validation
127,124,r127_c124,train
127,125,r127_c125,train
127,126,r127_c126,train
127,127,r127_c127,train
127,128,r127_c128,train
127,129,r127_c129,train
128,1,r128_c1,train
128,2,r128_c2,train
128,3,r128_c3,validation
128,4,r128_c4,train
128,5,r128_c5,train
128,6,r128_c6,train
128,7,r128_c7,train
128,8,r128_c8,test
128,9,r128_c9,test
128,10,r128_c10,train
128,11,r128_c11,test
128,12,r128_c12,train
128,13,r128_c13,train
128,14,r128_c14,train
128,15,r128_c15,test
128,16,r128_c16,train
128,17,r128_c17,train
128,18,r128_c18,test
128,19,r128_c19,train
128,20,r128_c20,train
128,21,r128_c21,train
128,22,r128_c22,train
128,23,r128_c23,train
128,24,r128_c24,train
128,25,r128_c25,train
128,26,r128_c26,test
128,27,r128_c27,train
128,28,r128_c28,train
128,29,r128_c29,train
128,30,r128_c30,train
128,31,r128_c31,train
128,32,r128_c32,train
128,33,r128_c33,test
128,34,r128_c34,train
128,35,r128_c35,validation
128,36,r128_c36,test
128,37,r128_c37,train
128,38,r128_c38,train
128,39,r128_c39,train
128,40,r128_c40,train
128,41,r128_c41,train
128,42,r128_c42,train
128,43,r128_c43,train
128,44,r128_c44,train
128,45,r128_c45,validation
128,46,r128_c46,validation
128,47,r128_c47,validation
128,48,r128_c48,train
128,49,r128_c49,train
128,50,r128_c50,train
128,51,r128_c51,train
128,52,r128_c52,test
128,53,r128_c53,train
128,54,r128_c54,validation
128,55,r128_c55,train
128,56,r128_c56,train
128,57,r128_c57,test
128,58,r128_c58,train
128,59,r128_c59,validation
128,60,r128_c60,train
128,61,r128_c61,validation
128,62,r128_c62,train
128,63,r128_c63,test
128,64,r128_c64,train
128,65,r128_c65,train
128,66,r128_c66,train
128,67,r128_c67,train
128,68,r128_c68,train
128,69,r128_c69,train
128,70,r128_c70,train
128,71,r128_c71,test
128,72,r128_c72,validation
128,73,r128_c73,validation
128,74,r128_c74,train
128,75,r128_c75,train
128,76,r128_c76,train
128,77,r128_c77,train
128,78,r128_c78,train
128,79,r128_c79,train
128,80,r128_c80,train
128,81,r128_c81,train
128,82,r128_c82,train
128,83,r128_c83,train
128,84,r128_c84,test
128,85,r128_c85,train
128,86,r128_c86,train
128,87,r128_c87,train
128,88,r128_c88,train
128,89,r128_c89,test
128,90,r128_c90,validation
128,91,r128_c91,train
128,92,r128_c92,train
128,93,r128_c93,train
128,94,r128_c94,validation
128,95,r128_c95,test
128,96,r128_c96,train
128,97,r128_c97,train
128,98,r128_c98,validation
128,99,r128_c99,train
128,100,r128_c100,train
128,101,r128_c101,train
128,102,r128_c102,train
128,103,r128_c103,train
128,104,r128_c104,test
128,105,r128_c105,train
128,106,r128_c106,train
128,107,r128_c107,train
128,108,r128_c108,train
128,109,r128_c109,train
128,110,r128_c110,train
128,111,r128_c111,validation
128,112,r128_c112,train
128,113,r128_c113,test
128,114,r128_c114,train
128,115,r128_c115,train
128,116,r128_c116,validation
128,117,r128_c117,validation
128,118,r128_c118,train
128,119,r128_c119,train
128,120,r128_c120,train
128,121,r128_c121,train
128,122,r128_c122,train
128,123,r128_c123,train
128,124,r128_c124,test
128,125,r128_c125,train
128,126,r128_c126,train
128,127,r128_c127,train
128,128,r128_c128,test
128,129,r128_c129,train
129,1,r129_c1,train
129,2,r129_c2,train
129,3,r129_c3,train
129,4,r129_c4,train
129,5,r129_c5,train
129,6,r129_c6,validation
129,7,r129_c7,validation
129,8,r129_c8,validation
129,9,r129_c9,train
129,10,r129_c10,validation
129,11,r129_c11,train
129,12,r129_c12,train
129,13,r129_c13,train
129,14,r129_c14,train
129,15,r129_c15,train
129,16,r129_c16,train
129,17,r129_c17,train
129,18,r129_c18,test
129,19,r129_c19,train
129,20,r129_c20,train
129,21,r129_c21,test
129,22,r129_c22,train
129,23,r129_c23,test
129,24,r129_c24,test
129,25,r129_c25,train
129,26,r129_c26,train
129,27,r129_c27,test
129,28,r129_c28,validation
129,29,r129_c29,validation
129,30,r129_c30,train
129,31,r129_c31,train
129,32,r129_c32,validation
129,33,r129_c33,train
129,34,r129_c34,train
129,35,r129_c35,train
129,36,r129_c36,test
129,37,r129_c37,train
129,38,r129_c38,train
129,39,r129_c39,train
129,40,r129_c40,train
129,41,r129_c41,train
129,42,r129_c42,train
129,43,r129_c43,train
129,44,r129_c44,validation
129,45,r129_c45,test
129,46,r129_c46,train
129,47,r129_c47,train
129,48,r129_c48,train
129,49,r129_c49,test
129,50,r129_c50,validation
129,51,r129_c51,train
129,52,r129_c52,train
129,53,r129_c53,train
129,54,r129_c54,test
129,55,r129_c55,train
129,56,r129_c56,test
129,57,r129_c57,train
129,58,r129_c58,validation
129,59,r129_c59,validation
129,60,r129_c60,train
129,61,r129_c61,train
129,62,r129_c62,test
129,63,r129_c63,test
129,64,r129_c64,train
129,65,r129_c65,train
129,66,r129_c66,train
129,67,r129_c67,train
129,68,r129_c68,train
129,69,r129_c69,train
129,70,r129_c70,train
129,71,r129_c71,train
129,72,r129_c72,train
129,73,r129_c73,train
129,74,r129_c74,validation
129,75,r129_c75,validation
129,76,r129_c76,test
129,77,r129_c77,train
129,78,r129_c78,validation
129,79,r129_c79,train
129,80,r129_c80,validation
129,81,r129_c81,train
129,82,r129_c82,validation
129,83,r129_c83,test
129,84,r129_c84,train
129,85,r129_c85,train
129,86,r129_c86,train
129,87,r129_c87,train
129,88,r129_c88,train
129,89,r129_c89,train
129,90,r129_c90,train
129,91,r129_c91,train
129,92,r129_c92,validation
129,93,r129_c93,train
129,94,r129_c94,train
129,95,r129_c95,train
129,96,r129_c96,test
129,97,r129_c97,train
129,98,r129_c98,train
129,99,r129_c99,train
129,100,r129_c100,train
129,101,r129_c101,validation
129,102,r129_c102,train
129,103,r129_c103,train
129,104,r129_c104,train
129,105,r129_c105,train
129,106,r129_c106,train
129,107,r129_c107,train
129,108,r129_c108,test
129,109,r129_c109,train
129,110,r129_c110,train
129,111,r129_c111,train
129,112,r129_c112,validation
129,113,r129_c113,train
129,114,r129_c114,train
129,115,r129_c115,train
129,116,r129_c116,train
129,117,r129_c117,validation
129,118,r129_c118,train
129,119,r129_c119,train
129,120,r129_c120,train
129,121,r129_c121,train
129,122,r129_c122,train
129,123,r129_c123,train
129,124,r129_c124,train
129,125,r129_c125,train
129,126,r129_c126,validation
129,127,r129_c127,train
129,128,r129_c128,test
129,129,r129_c129,validation
130,1,r130_c1,test
130,2,r130_c2,train
130,3,r130_c3,validation
130,4,r130_c4,train
130,5,r130_c5,train
130,6,r130_c6,train
130,7,r130_c7,train
130,8,r130_c8,train
130,9,r130_c9,train
130,10,r130_c10,validation
130,11,r130_c11,train
130,12,r130_c12,train
130,13,r130_c13,train
130,14,r130_c14,train
130,15,r130_c15,train
130,16,r130_c16,train
130,17,r130_c17,train
130,18,r130_c18,train
130,19,r130_c19,train
130,20,r130_c20,test
130,21,r130_c21,train
130,22,r130_c22,train
130,23,r130_c23,train
130,24,r130_c24,train
130,25,r130_c25,train
130,26,r130_c26,train
130,27,r130_c27,train
130,28,r130_c28,validation
130,29,r130_c29,test
130,30,r130_c30,test
130,31,r130_c31,train
130,32,r130_c32,train
130,33,r130_c33,test
130,34,r130_c34,train
130,35,r130_c35,test
130,36,r130_c36,test
130,37,r130_c37,test
130,38,r130_c38,train
130,39,r130_c39,validation
130,40,r130_c40,validation
130,41,r130_c41,train
130,42,r130_c42,train
130,43,r130_c43,train
130,44,r130_c44,train
130,45,r130_c45,train
130,46,r130_c46,validation
130,47,r130_c47,train
130,48,r130_c48,test
130,49,r130_c49,test
130,50,r130_c50,train
130,51,r130_c51,train
130,52,r130_c52,train
130,53,r130_c53,train
130,54,r130_c54,train
130,55,r130_c55,train
130,56,r130_c56,test
130,57,r130_c57,train
130,58,r130_c58,train
130,59,r130_c59,validation
130,60,r130_c60,test
130,61,r130_c61,train
130,62,r130_c62,validation
130,63,r130_c63,train
130,64,r130_c64,train
130,65,r130_c65,test
130,66,r130_c66,train
130,67,r130_c67,train
130,68,r130_c68,train
130,69,r130_c69,validation
130,70,r130_c70,validation
130,71,r130_c71,train
130,72,r130_c72,test
130,73,r130_c73,train
130,74,r130_c74,validation
130,75,r130_c75,train
130,76,r130_c76,train
130,77,r130_c77,test
130,78,r130_c78,train
130,79,r130_c79,train
130,80,r130_c80,train
130,81,r130_c81,validation
130,82,r130_c82,validation
130,83,r130_c83,train
130,84,r130_c84,train
130,85,r130_c85,train
130,86,r130_c86,train
130,87,r130_c87,train
130,88,r130_c88,test
130,89,r130_c89,train
130,90,r130_c90,train
130,91,r130_c91,validation
130,92,r130_c92,train
130,93,r130_c93,train
130,94,r130_c94,validation
130,95,r130_c95,validation
130,96,r130_c96,train
130,97,r130_c97,train
130,98,r130_c98,train
130,99,r130_c99,train
130,100,r130_c100,test
130,101,r130_c101,train
130,102,r130_c102,test
130,103,r130_c103,validation
130,104,r130_c104,train
130,105,r130_c105,train
130,106,r130_c106,train
130,107,r130_c107,validation
130,108,r130_c108,train
130,109,r130_c109,test
130,110,r130_c110,train
130,111,r130_c111,train
130,112,r130_c112,train
130,113,r130_c113,validation
130,114,r130_c114,validation
130,115,r130_c115,test
130,116,r130_c116,train
130,117,r130_c117,train
130,118,r130_c118,validation
130,119,r130_c119,validation
130,120,r130_c120,validation
130,121,r130_c121,train
130,122,r130_c122,train
130,123,r130_c123,train
130,124,r130_c124,train
130,125,r130_c125,train
130,126,r130_c126,train
130,127,r130_c127,train
130,128,r130_c128,train
130,129,r130_c129,train
131,1,r131_c1,test
131,2,r131_c2,train
131,3,r131_c3,train
131,4,r131_c4,train
131,5,r131_c5,test
131,6,r131_c6,validation
131,7,r131_c7,train
131,8,r131_c8,train
131,9,r131_c9,test
131,10,r131_c10,validation
131,11,r131_c11,train
131,12,r131_c12,train
131,13,r131_c13,train
131,14,r131_c14,train
131,15,r131_c15,train
131,16,r131_c16,train
131,17,r131_c17,train
131,18,r131_c18,train
131,19,r131_c19,train
131,20,r131_c20,train
131,21,r131_c21,train
131,22,r131_c22,train
131,23,r131_c23,train
131,24,r131_c24,test
131,25,r131_c25,train
131,26,r131_c26,train
131,27,r131_c27,train
131,28,r131_c28,train
131,29,r131_c29,train
131,30,r131_c30,train
131,31,r131_c31,train
131,32,r131_c32,train
131,33,r131_c33,train
131,34,r131_c34,train
131,35,r131_c35,train
131,36,r131_c36,train
131,37,r131_c37,test
131,38,r131_c38,test
131,39,r131_c39,test
131,40,r131_c40,train
131,41,r131_c41,train
131,42,r131_c42,validation
131,43,r131_c43,train
131,44,r131_c44,validation
131,45,r131_c45,test
131,46,r131_c46,train
131,47,r131_c47,train
131,48,r131_c48,test
131,49,r131_c49,train
131,50,r131_c50,train
131,51,r131_c51,train
131,52,r131_c52,test
131,53,r131_c53,train
131,54,r131_c54,train
131,55,r131_c55,train
131,56,r131_c56,test
131,57,r131_c57,train
131,58,r131_c58,train
131,59,r131_c59,train
131,60,r131_c60,train
131,61,r131_c61,train
131,62,r131_c62,train
131,63,r131_c63,train
131,64,r131_c64,train
131,65,r131_c65,train
131,66,r131_c66,train
131,67,r131_c67,validation
131,68,r131_c68,test
131,69,r131_c69,validation
131,70,r131_c70,validation
131,71,r131_c71,train
131,72,r131_c72,train
131,73,r131_c73,train
131,74,r131_c74,train
131,75,r131_c75,validation
131,76,r131_c76,test
131,77,r131_c77,train
131,78,r131_c78,validation
131,79,r131_c79,train
131,80,r131_c80,test
131,81,r131_c81,train
131,82,r131_c82,validation
131,83,r131_c83,train
131,84,r131_c84,train
131,85,r131_c85,train
131,86,r131_c86,validation
131,87,r131_c87,train
131,88,r131_c88,validation
131,89,r131_c89,validation
131,90,r131_c90,train
131,91,r131_c91,train
131,92,r131_c92,test
131,93,r131_c93,train
131,94,r131_c94,test
131,95,r131_c95,train
131,96,r131_c96,test
131,97,r131_c97,validation
131,98,r131_c98,test
131,99,r131_c99,train
131,100,r131_c100,train
131,101,r131_c101,train
131,102,r131_c102,train
131,103,r131_c103,train
131,104,r131_c104,train
131,105,r131_c105,train
131,106,r131_c106,validation
131,107,r131_c107,validation
131,108,r131_c108,train
131,109,r131_c109,validation
131,110,r131_c110,train
131,111,r131_c111,train
131,112,r131_c112,validation
131,113,r131_c113,test
131,114,r131_c114,train
131,115,r131_c115,test
131,116,r131_c116,validation
131,117,r131_c117,test
131,118,r131_c118,train
131,119,r131_c119,test
131,120,r131_c120,test
131,121,r131_c121,train
131,122,r131_c122,train
131,123,r131_c123,test
131,124,r131_c124,test
131,125,r131_c125,train
131,126,r131_c126,test
131,127,r131_c127,train
131,128,r131_c128,train
131,129,r131_c129,train
132,1,r132_c1,train
132,2,r132_c2,test
132,3,r132_c3,train
132,4,r132_c4,train
132,5,r132_c5,train
132,6,r132_c6,train
132,7,r132_c7,test
132,8,r132_c8,train
132,9,r132_c9,train
132,10,r132_c10,validation
132,11,r132_c11,test
132,12,r132_c12,train
132,13,r132_c13,train
132,14,r132_c14,test
132,15,r132_c15,validation
132,16,r132_c16,train
132,17,r132_c17,train
132,18,r132_c18,train
132,19,r132_c19,validation
132,20,r132_c20,train
132,21,r132_c21,validation
132,22,r132_c22,train
132,23,r132_c23,train
132,24,r132_c24,train
132,25,r132_c25,train
132,26,r132_c26,train
132,27,r132_c27,train
132,28,r132_c28,validation
132,29,r132_c29,test
132,30,r132_c30,train
132,31,r132_c31,validation
132,32,r132_c32,train
132,33,r132_c33,train
132,34,r132_c34,train
132,35,r132_c35,train
132,36,r132_c36,train
132,37,r132_c37,train
132,38,r132_c38,train
132,39,r132_c39,train
132,40,r132_c40,train
132,41,r132_c41,train
132,42,r132_c42,train
132,43,r132_c43,test
132,44,r132_c44,test
132,45,r132_c45,validation
132,46,r132_c46,validation
132,47,r132_c47,train
132,48,r132_c48,train
132,49,r132_c49,train
132,50,r132_c50,validation
132,51,r132_c51,train
132,52,r132_c52,train
132,53,r132_c53,test
132,54,r132_c54,train
132,55,r132_c55,test
132,56,r132_c56,validation
132,57,r132_c57,validation
132,58,r132_c58,train
132,59,r132_c59,train
132,60,r132_c60,test
132,61,r132_c61,train
132,62,r132_c62,test
132,63,r132_c63,train
132,64,r132_c64,train
132,65,r132_c65,validation
132,66,r132_c66,train
132,67,r132_c67,train
132,68,r132_c68,train
132,69,r132_c69,validation
132,70,r132_c70,train
132,71,r132_c71,train
132,72,r132_c72,test
132,73,r132_c73,test
132,74,r132_c74,test
132,75,r132_c75,test
132,76,r132_c76,train
132,77,r132_c77,test
132,78,r132_c78,test
132,79,r132_c79,test
132,80,r132_c80,train
132,81,r132_c81,validation
132,82,r132_c82,train
132,83,r132_c83,train
132,84,r132_c84,train
132,85,r132_c85,train
132,86,r132_c86,train
132,87,r132_c87,train
132,88,r132_c88,validation
132,89,r132_c89,train
132,90,r132_c90,train
132,91,r132_c91,train
132,92,r132_c92,train
132,93,r132_c93,test
132,94,r132_c94,train
132,95,r132_c95,train
132,96,r132_c96,train
132,97,r132_c97,train
132,98,r132_c98,test
132,99,r132_c99,train
132,100,r132_c100,train
132,101,r132_c101,train
132,102,r132_c102,train
132,103,r132_c103,train
132,104,r132_c104,test
132,105,r132_c105,train
132,106,r132_c106,train
132,107,r132_c107,train
132,108,r132_c108,train
132,109,r132_c109,train
132,110,r132_c110,test
132,111,r132_c111,train
132,112,r132_c112,train
132,113,r132_c113,validation
132,114,r132_c114,train
132,115,r132_c115,train
132,116,r132_c116,train
132,117,r132_c117,train
132,118,r132_c118,train
132,119,r132_c119,validation
132,120,r132_c120,train
132,121,r132_c121,test
132,122,r132_c122,test
132,123,r132_c123,train
132,124,r132_c124,train
132,125,r132_c125,test
132,126,r132_c126,train
132,127,r132_c127,train
132,128,r132_c128,train
132,129,r132_c129,test
133,1,r133_c1,train
133,2,r133_c2,train
133,3,r133_c3,train
133,4,r133_c4,train
133,5,r133_c5,validation
133,6,r133_c6,train
133,7,r133_c7,validation
133,8,r133_c8,validation
133,9,r133_c9,train
133,10,r133_c10,train
133,11,r133_c11,train
133,12,r133_c12,test
133,13,r133_c13,test
133,14,r133_c14,train
133,15,r133_c15,train
133,16,r133_c16,train
133,17,r133_c17,train
133,18,r133_c18,train
133,19,r133_c19,train
133,20,r133_c20,test
133,21,r133_c21,train
133,22,r133_c22,train
133,23,r133_c23,train
133,24,r133_c24,train
133,25,r133_c25,train
133,26,r133_c26,test
133,27,r133_c27,validation
133,28,r133_c28,validation
133,29,r133_c29,train
133,30,r133_c30,train
133,31,r133_c31,test
133,32,r133_c32,test
133,33,r133_c33,train
133,34,r133_c34,train
133,35,r133_c35,train
133,36,r133_c36,train
133,37,r133_c37,test
133,38,r133_c38,train
133,39,r133_c39,validation
133,40,r133_c40,train
133,41,r133_c41,train
133,42,r133_c42,train
133,43,r133_c43,train
133,44,r133_c44,train
133,45,r133_c45,train
133,46,r133_c46,validation
133,47,r133_c47,validation
133,48,r133_c48,train
133,49,r133_c49,test
133,50,r133_c50,train
133,51,r133_c51,train
133,52,r133_c52,train
133,53,r133_c53,train
133,54,r133_c54,train
133,55,r133_c55,train
133,56,r133_c56,validation
133,57,r133_c57,validation
133,58,r133_c58,test
133,59,r133_c59,train
133,60,r133_c60,train
133,61,r133_c61,test
133,62,r133_c62,train
133,63,r133_c63,train
133,64,r133_c64,test
133,65,r133_c65,test
133,66,r133_c66,train
133,67,r133_c67,validation
133,68,r133_c68,train
133,69,r133_c69,train
133,70,r133_c70,test
133,71,r133_c71,test
133,72,r133_c72,train
133,73,r133_c73,train
133,74,r133_c74,train
133,75,r133_c75,train
133,76,r133_c76,train
133,77,r133_c77,train
133,78,r133_c78,train
133,79,r133_c79,train
133,80,r133_c80,validation
133,81,r133_c81,train
133,82,r133_c82,train
133,83,r133_c83,validation
133,84,r133_c84,validation
133,85,r133_c85,validation
133,86,r133_c86,validation
133,87,r133_c87,train
133,88,r133_c88,train
133,89,r133_c89,train
133,90,r133_c90,test
133,91,r133_c91,train
133,92,r133_c92,train
133,93,r133_c93,validation
133,94,r133_c94,train
133,95,r133_c95,train
133,96,r133_c96,train
133,97,r133_c97,train
133,98,r133_c98,train
133,99,r133_c99,train
133,100,r133_c100,test
133,101,r133_c101,train
133,102,r133_c102,train
133,103,r133_c103,train
133,104,r133_c104,train
133,105,r133_c105,train
133,106,r133_c106,validation
133,107,r133_c107,train
133,108,r133_c108,train
133,109,r133_c109,train
133,110,r133_c110,validation
133,111,r133_c111,train
133,112,r133_c112,train
133,113,r133_c113,train
133,114,r133_c114,validation
133,115,r133_c115,train
133,116,r133_c116,train
133,117,r133_c117,test
133,118,r133_c118,train
133,119,r133_c119,train
133,120,r133_c120,test
133,121,r133_c121,test
133,122,r133_c122,test
133,123,r133_c123,train
133,124,r133_c124,train
133,125,r133_c125,train
133,126,r133_c126,train
133,127,r133_c127,train
133,128,r133_c128,train
133,129,r133_c129,train
134,1,r134_c1,train
134,2,r134_c2,test
134,3,r134_c3,train
134,4,r134_c4,validation
134,5,r134_c5,validation
134,6,r134_c6,test
134,7,r134_c7,train
134,8,r134_c8,train
134,9,r134_c9,train
134,10,r134_c10,train
134,11,r134_c11,train
134,12,r134_c12,train
134,13,r134_c13,train
134,14,r134_c14,train
134,15,r134_c15,train
134,16,r134_c16,train
134,17,r134_c17,validation
134,18,r134_c18,train
134,19,r134_c19,test
134,20,r134_c20,train
134,21,r134_c21,train
134,22,r134_c22,train
134,23,r134_c23,train
134,24,r134_c24,train
134,25,r134_c25,train
134,26,r134_c26,test
134,27,r134_c27,train
134,28,r134_c28,validation
134,29,r134_c29,train
134,30,r134_c30,train
134,31,r134_c31,train
134,32,r134_c32,train
134,33,r134_c33,validation
134,34,r134_c34,train
134,35,r134_c35,train
134,36,r134_c36,train
134,37,r134_c37,train
134,38,r134_c38,validation
134,39,r134_c39,validation
134,40,r134_c40,test
134,41,r134_c41,train
134,42,r134_c42,train
134,43,r134_c43,test
134,44,r134_c44,train
134,45,r134_c45,train
134,46,r134_c46,train
134,47,r134_c47,test
134,48,r134_c48,train
134,49,r134_c49,train
134,50,r134_c50,train
134,51,r134_c51,train
134,52,r134_c52,train
134,53,r134_c53,train
134,54,r134_c54,train
134,55,r134_c55,train
134,56,r134_c56,train
134,57,r134_c57,train
134,58,r134_c58,validation
134,59,r134_c59,validation
134,60,r134_c60,train
134,61,r134_c61,test
134,62,r134_c62,train
134,63,r134_c63,test
134,64,r134_c64,validation
134,65,r134_c65,train
134,66,r134_c66,train
134,67,r134_c67,train
134,68,r134_c68,train
134,69,r134_c69,train
134,70,r134_c70,train
134,71,r134_c71,validation
134,72,r134_c72,validation
134,73,r134_c73,train
134,74,r134_c74,test
135,1,r135_c1,test
135,2,r135_c2,train
135,3,r135_c3,train
135,4,r135_c4,train
135,5,r135_c5,train
135,6,r135_c6,train
135,7,r135_c7,train
135,8,r135_c8,train
135,9,r135_c9,train
135,10,r135_c10,train
135,11,r135_c11,train
135,12,r135_c12,train
135,13,r135_c13,train
135,14,r135_c14,train
135,15,r135_c15,train
135,16,r135_c16,train
135,17,r135_c17,train
135,18,r135_c18,validation
